amplitude,wave_number,p_derivation,height,thickness,grouser_num,wheel_rad,wheel_width,slope,wheel_mass,test_num,time,energy,force_x,force_y,slip,runtime,efficiency,z_advance,steer_slip,success
0.0127013,4,0.0982089,0.0422343,0.0154293,21,0.293605,0.147464,9.77111,99.3289,1,4.36,635.78,0.261542,0.164859686300738,0.524394,1620.57,0.153388,0.100082,0.197151,1
0.0220348,1,0.287855,0.0673613,0.0163031,11,0.453089,0.389369,13.985,44.0081,3,1.06,88.0526,0.139125,0.169189500586354,0.149306,863.557,0.494073,0.10077,-0.00892019,1
0.0265472,3,-0.173609,0.0451579,0.0228968,19,0.251583,0.103934,14.9541,119.163,4,8.6201,1541.43,-0.259241,0.142146757356654,0.810615,2722.1,0.0758418,0.100005,0.436657,1
0.0282774,3,0.29732,0.0753646,0.0196504,18,0.170528,0.150866,8.79449,120.731,5,9.38012,1426.52,-0.328778,0.172222201536138,0.714269,2897.07,0.0831101,0.100102,0.439836,1
0.0239122,2,0.161007,0.0166359,0.0100383,22,0.422032,0.449722,12.5027,46.245,6,1.53,100.583,0.188854,0.160900332614408,0.195043,957.356,0.452993,0.100435,0.0154335,1
0.00697875,2,0.197163,0.0575537,0.0207776,28,0.320352,0.17794,7.95814,43.2301,7,2.58,136.347,0.107663,0.207410606120017,0.159273,1214.16,0.311855,0.100264,0.0640401,1
0.0171764,3,-0.155534,0.0699959,0.0118458,26,0.317362,0.306616,10.4128,78.4334,8,2.58,261.894,-0.152533,0.186906789254605,0.307959,1205.29,0.293798,0.100001,0.129435,1
0.00319103,4,-0.168918,0.0117197,0.010295,27,0.349571,0.256336,6.13621,106.795,9,5.44003,606.667,-0.180772,0.105210765392688,0.404414,1916.55,0.172866,0.100101,0.191992,1
0.0168904,2,-0.0152996,0.0117144,0.0243672,20,0.456959,0.296571,7.59106,27.7751,10,2.27,56.8731,0.038001,0.15719166703817,0.10829,1157.95,0.480325,0.100258,0.0379687,1
0.0243157,3,0.163905,0.0226792,0.0198295,8,0.435895,0.203757,6.4603,82.3217,11,3.52,416.551,0.415569,0.163750557398088,0.356104,1520,0.194342,0.100243,0.140054,1
0.0185904,1,0.0408456,0.0268091,0.0152176,13,0.304937,0.283077,7.08583,69.491,12,3.99,263.433,0.333263,0.100449942762042,0.251671,1520.91,0.259188,0.100158,0.10208,1
0.0169715,4,-0.0829806,0.0782911,0.0225598,16,0.493465,0.349507,5.51143,96.6242,13,2.53,323.872,0.666905,0.190340921277151,0.0999629,1301.15,0.292776,0.100035,0.0563598,1
0.0278188,2,-0.034799,0.0505655,0.023546,8,0.360294,0.222442,10.8448,30.2629,14,2.11,73.3034,0.0177892,0.174241665669038,0.230961,1066,0.406417,0.10035,0.0914804,1
0.0094923,1,-0.297073,0.0783202,0.0114025,14,0.305381,0.216168,14.4891,119.297,15,2.51,474.489,-0.118363,0.176364496606637,0.480215,1170.91,0.247134,0.100198,0.187389,1
0.0167958,3,-0.169343,0.0057128,0.0173288,16,0.336369,0.226412,6.6347,55.3581,16,5.99004,305.174,0.121063,0.113366044862706,0.471529,2056.49,0.178115,0.100092,0.195358,1
0.00816083,3,0.267888,0.0145305,0.022526,29,0.160178,0.183413,6.97161,64.1116,17,14.8602,800.167,0.291499,0.0954202254060054,0.696257,4077.97,0.078644,0.100055,0.386394,1
0.00399791,1,0.006159,0.0524614,0.0105038,10,0.227302,0.478865,8.19774,128.071,18,4.09,463.577,0.0976019,0.102436649344869,0.23688,1515.75,0.271139,0.100045,0.0895448,1
0.0093142,1,0.0895634,0.0484739,0.0121236,29,0.481953,0.499495,10.7016,41.1296,19,1.35,80.8346,0.240896,0.17609040770199,0.0893635,938.234,0.499853,0.100142,-0.00919318,1
0.00970609,1,0.0255493,0.0261877,0.0165308,15,0.354751,0.309043,8.56723,99.3305,20,3.04,345.168,0.0187307,0.118494646838976,0.283026,1294.4,0.283092,0.100278,0.0934522,1
0.0186203,3,-0.235034,0.0476785,0.0196317,12,0.251331,0.204968,7.18722,27.0107,21,4.23,97.5894,0.149887,0.193428838128698,0.20829,1545.46,0.272134,0.100226,0.115109,1
0.0217886,2,-0.207338,0.0672067,0.019971,30,0.282368,0.30141,10.1879,63.932,22,3.39,261.071,0.190655,0.156056801687165,0.402765,1388.97,0.240589,0.100149,0.163898,1
0.02975,2,0.118906,0.0326636,0.0181448,29,0.414783,0.192059,6.89935,35.2145,23,2.51,103.002,0.205491,0.234016519322262,0.118389,1225.13,0.336087,0.100209,0.0403594,1
0.0117589,2,-0.268342,0.0365487,0.0189445,25,0.155044,0.231964,12.9798,73.1049,24,10.7602,654.477,0.0381753,0.0784319719730129,0.729787,3039.14,0.109683,0.100096,0.330948,1
0.000469541,3,-0.240449,0.0476946,0.017574,21,0.250454,0.444233,12.6917,60.6561,25,3.02,188.865,0.175062,0.116181139262551,0.365808,1252.7,0.316214,0.100367,0.148036,1
0.00668883,1,-0.00219808,0.00645275,0.0164155,9,0.450142,0.496817,10.673,59.7224,26,2.19,149.379,0.385383,0.137542923192049,0.323036,1131.94,0.393366,0.100295,0.0598426,1
0.0296063,3,-0.150847,0.0647876,0.0138629,22,0.260047,0.116265,11.0971,95.9216,27,6.28005,902,0.591688,0.175716896627659,0.681633,2155.45,0.104326,0.100003,0.327165,1
0.000565414,1,0.283432,0.0765234,0.0225006,10,0.30912,0.364111,11.9893,44.7453,28,1.61,103.751,0.0933864,0.155214452184231,0.153536,954.526,0.42383,0.100177,0.0361277,1
0.0171674,1,-0.19958,0.0617996,0.022052,15,0.170237,0.372767,11.2365,110.186,29,6.00004,598.295,0.0106064,0.106770623588142,0.538985,1959,0.180766,0.100055,0.214739,1
0.00309472,3,0.236469,0.0741982,0.0145411,32,0.468546,0.267708,10.8245,68.0972,30,1.26,157.095,0.0260108,0.210781335449491,0.100136,934.118,0.427416,0.100512,-0.0135423,1
0.000657284,1,-0.251378,0.0229053,0.0192645,18,0.478736,0.217648,11.4735,103.804,31,2.24,391.187,-0.327234,0.195567738792284,0.440562,1180.73,0.260404,0.100035,0.17202,1
0.0110549,2,0.230127,0.0566997,0.0106784,31,0.457692,0.17503,12.5019,110.578,32,1.38,324.473,0.319197,0.25840219907225,0.252538,955.984,0.334681,0.100109,0.0432438,1
0.00528454,1,0.0754983,0.0642397,0.0168971,16,0.253173,0.479752,10.0192,45.3203,33,2.61,126.572,0.217946,0.157071601690451,0.171711,1178.12,0.351431,0.100049,0.04745,1
0.0299812,1,-0.0177027,0.0258229,0.0209903,31,0.48182,0.282142,7.64836,115.706,34,2.29,343.469,0.234221,0.146061603318742,0.189878,1180.91,0.33138,0.100274,0.0731595,1
0.0212269,1,-0.203159,0.0398633,0.0183291,21,0.358831,0.118718,11.0468,68.634,35,2.8,289.393,0.0769215,0.211544775450166,0.415213,1277.93,0.232823,0.10007,0.174256,1
0.00963677,4,-0.257939,0.036999,0.0137922,30,0.226407,0.312512,6.94,50.8281,36,5.91004,229.392,-0.061235,0.130918576685834,0.334474,1918.65,0.217691,0.100149,0.180462,1
0.0021302,3,0.0834891,0.0468294,0.0169745,14,0.247018,0.176121,11.2401,52.738,37,2.99,180.233,0.0926064,0.129464451218067,0.309177,1223.04,0.287123,0.100025,0.110414,1
0.00652525,3,0.187602,0.068413,0.0249101,24,0.201008,0.273436,9.60318,130.038,38,5.29003,784.674,-0.161989,0.130549152267716,0.538496,1872,0.162587,0.100008,0.250842,1
0.0018424,2,-0.0795661,0.0421389,0.0168646,9,0.338219,0.32034,10.2159,103.521,39,3.1,397.073,-0.261515,0.113720665992602,0.402043,1325.85,0.255854,0.100038,0.135014,1
0.0172291,3,0.177605,0.0557491,0.0119301,17,0.336357,0.300686,8.53317,91.1879,40,2.37,272.42,-0.181421,0.161026738329652,0.168399,1158.91,0.328523,0.100046,0.0658026,1
0.0107124,4,-0.0689031,0.0768061,0.019764,25,0.38327,0.285613,14.1085,117.182,41,1.84,370.265,-0.0747605,0.195026699974152,0.392283,1084.87,0.311471,0.100323,0.0976372,1
0.011936,2,-0.232043,0.0475097,0.0173675,19,0.472325,0.424339,7.08489,67.5927,42,2.31,195.905,0.309647,0.221259922381493,0.155532,1228.7,0.338669,0.100058,0.0946929,1
0.0278737,3,-0.0968365,0.0129484,0.023646,31,0.33774,0.498397,6.87984,69.7478,43,3.67,198.388,0.141524,0.115005582118273,0.187932,1459.64,0.345435,0.100157,0.102867,1
0.0154197,4,-0.285033,0.00697589,0.018429,25,0.158904,0.471454,7.71165,45.2728,44,12.2902,281.164,0.128136,0.0607320665689755,0.542788,3283.63,0.158059,0.100063,0.261973,1
0.00712626,4,0.0704749,0.0341774,0.0205969,11,0.232875,0.242896,14.1639,22.4232,45,2.79,63.7969,0.111154,0.122970878894216,0.347085,1166.57,0.345684,0.100256,0.0746912,1
0.0262637,3,0.172151,0.014116,0.0249976,13,0.475005,0.257386,13.5705,127.067,46,3.5,913.791,-0.417691,0.134621202470765,0.708945,1533.47,0.136569,0.100115,0.121947,1
0.0079803,4,-0.0195814,0.0478451,0.0248334,12,0.33326,0.402469,12.0878,44.7004,48,1.92,99.8872,-0.042475,0.130181933620427,0.180372,1025.99,0.441084,0.100473,0.0341632,1
0.0119732,3,0.243613,0.0112858,0.0204686,22,0.403258,0.134939,12.5876,45.2683,49,2.47,197.643,-0.132453,0.243590135149425,0.497838,1200.02,0.225094,0.10018,0.107364,1
0.00275865,1,-0.116465,0.0653879,0.017,27,0.152046,0.358227,14.9697,109.269,50,6.94006,737.084,0.0477607,0.0927715456946029,0.679018,2166.83,0.145562,0.100092,0.211772,1
0.0297866,4,-0.0248798,0.0260171,0.0232914,26,0.207737,0.269016,5.57135,119.367,51,17.4203,1889.42,-0.452106,0.0787284936193364,0.683763,4724.61,0.0619864,0.100016,0.361218,1
0.0278919,4,-0.118879,0.0665013,0.0147033,20,0.490322,0.140334,7.54305,112.282,52,2.31,426.461,-0.232795,0.210982174432981,0.256667,1226.6,0.259341,0.100409,0.137929,1
0.0298198,4,0.112703,0.0472604,0.0131815,11,0.217344,0.439409,14.0534,116.464,53,3.96,514.601,-0.00516264,0.12981834831576,0.546669,1501.64,0.222324,0.100137,0.142973,1
0.00301549,3,0.202856,0.00818726,0.0102437,24,0.17983,0.356924,10.8558,40.2673,54,7.57008,220.253,-0.0806815,0.0812263182779547,0.616218,2291.69,0.17946,0.100062,0.194565,1
0.0280568,4,-0.24504,0.00724944,0.0199458,31,0.321589,0.204643,9.17695,83.2044,55,6.23005,602.456,-1.65253e-05,0.112949311750063,0.616788,2138.92,0.13571,0.100166,0.250757,1
0.0265955,1,0.262932,0.0106827,0.0178168,31,0.399485,0.249757,5.62103,108.364,56,3.71,541.85,0.349449,0.132504481159151,0.255234,1570.25,0.196564,0.100191,0.113874,1
0.0184146,1,0.0151415,0.056631,0.013529,17,0.182169,0.390176,14.2868,22.2388,57,3,66.9915,0.105733,0.130293626642598,0.301081,1214.34,0.325992,0.100103,0.035165,1
0.0111886,4,-0.0772618,0.0720754,0.0233712,27,0.491576,0.286726,6.16286,36.4847,59,2.4,122.904,0.144286,0.229861339639592,0.138608,1248.07,0.291439,0.100077,0.0640891,1
0.0121347,1,-0.261587,0.047763,0.0169355,27,0.460615,0.428081,13.9152,76.237,60,1.4,179.418,0.0753761,0.203293295224264,0.266331,962.888,0.418757,0.10046,0.0911486,1
0.00262985,3,-0.229076,0.079056,0.0154296,14,0.42349,0.491793,12.4805,125.052,61,1.48,292.204,0.157539,0.143189362888647,0.220519,968.928,0.4208,0.100231,0.0907959,1
0.0255211,3,-0.138123,0.0215456,0.0225705,25,0.175698,0.358501,9.4329,44.2064,62,8.92011,268.264,0.0678061,0.0811068855431895,0.56624,2581.03,0.161757,0.100062,0.181756,1
0.0126917,3,-0.00586322,0.0461739,0.0103072,21,0.35355,0.352804,7.48394,130.243,63,2.9,407.928,0.0840864,0.139984553142541,0.170793,1297.79,0.313706,0.100157,0.0556968,1
0.0057571,4,-0.164651,0.0372037,0.0221159,27,0.450712,0.437674,7.37098,39.576,64,2.32,100.74,0.0531719,0.186222428692149,0.138602,1189.77,0.385682,0.100076,0.0591709,1
0.0110824,1,0.226935,0.0756905,0.0131822,24,0.380354,0.270876,10.6106,77.9542,65,1.57,197.959,0.54258,0.185868044304046,0.135338,1009.15,0.387358,0.100272,0.026918,1
0.0115548,4,-0.010366,0.00852584,0.0137838,8,0.29719,0.286764,10.536,80.0367,66,12.2002,982.192,0.0987887,0.0714000943402586,0.816651,3615.16,0.0799681,0.100036,0.247908,1
0.0097308,1,-0.220507,0.0406534,0.0171454,16,0.425373,0.265893,5.6219,124.967,67,3.59,495.879,-0.304824,0.158613943398081,0.235115,1550.45,0.247938,0.100289,0.160305,1
0.00315454,1,0.000499711,0.0217561,0.0171669,18,0.221015,0.246989,14.7167,41.5658,68,4.32,171.782,0.277316,0.109363953150754,0.530014,1526.27,0.237883,0.100216,0.0848467,1
0.0225579,2,-0.26307,0.0193422,0.0116434,32,0.210951,0.361968,13.442,96.7211,69,8.23009,714.29,0.169073,0.100000527911104,0.716169,2481.66,0.132893,0.100043,0.277886,1
0.0217027,2,-0.204632,0.0474547,0.0219872,16,0.423241,0.208608,12.8249,42.1449,70,1.58,101.413,-0.0108856,0.232607774523944,0.238688,960.363,0.409891,0.100542,0.0916348,1
0.0144682,3,-0.0998216,0.0139674,0.013415,16,0.402015,0.17914,11.5038,112.642,71,5.75004,1040.3,0.351739,0.115894037637504,0.737787,2079.41,0.106291,0.100066,0.214934,1
0.0068113,3,-0.117759,0.049154,0.0206724,24,0.274237,0.255708,5.02829,57.2224,72,5.46003,257.786,0.317502,0.130991309434678,0.190894,1896.73,0.218139,0.100175,0.115371,1
0.0163743,4,0.145257,0.0258316,0.0184119,10,0.159218,0.424736,8.00046,94.8282,73,9.54012,676.895,-0.0695433,0.0806109322168562,0.56006,2775.35,0.137506,0.100054,0.277976,1
0.00158757,2,0.093875,0.068398,0.0182984,12,0.38528,0.298805,7.56062,126.859,74,2.36,398.214,-0.525888,0.12573134665415,0.147261,1186.25,0.312769,0.100081,0.0419315,1
0.00721251,2,0.154814,0.0368693,0.0197664,9,0.252465,0.116524,11.7717,70.4803,75,5.04002,558.94,0.413118,0.147499664320859,0.619842,1798.91,0.123899,0.100161,0.273694,1
0.0266619,2,0.0631886,0.0684285,0.0163108,13,0.191483,0.467444,10.5213,22.9241,76,3.19,71.9396,0.276875,0.162405814648163,0.21221,1266.78,0.312775,0.100055,0.0647874,1
0.0155236,4,0.111804,0.0145582,0.0199562,13,0.190634,0.334352,6.27142,24.4244,77,6.51005,88.4583,0.0552694,0.118018376403096,0.227541,2022.02,0.270871,0.100002,0.106458,1
0.00272739,3,-0.163973,0.0183393,0.01251,16,0.298567,0.227413,9.52269,126.501,78,8.04009,1263.95,0.0560499,0.0907093351878754,0.703338,2568.49,0.0982226,0.100041,0.291261,1
0.0214782,3,0.0798771,0.0295663,0.020743,27,0.440187,0.494309,9.01999,61.2393,79,1.85,136.485,0.0632275,0.177434312754593,0.110165,1054.66,0.441434,0.100289,0.0140054,1
0.0145624,3,-0.0907426,0.0694806,0.0198116,9,0.372784,0.424735,9.39908,101.209,80,2.15,275.947,0.235024,0.122056447639778,0.192608,1107.07,0.360886,0.100302,0.0753902,1
0.00469772,1,-0.0117478,0.064299,0.0203603,16,0.315364,0.241499,12.3684,102.847,81,2.28,330.243,0.10436,0.138054303460599,0.323323,1110.53,0.30665,0.100373,0.0628484,1
0.018948,3,-0.128258,0.0592302,0.0150343,30,0.288035,0.163001,13.692,27.9396,82,2.85,102.529,-0.116149,0.181557365284359,0.466407,1237.16,0.267331,0.100002,0.124514,1
0.00470528,1,-0.239781,0.0615884,0.0221794,8,0.212395,0.447526,13.2145,79.4226,83,3.39,284.548,-0.0436624,0.09707654188807,0.410258,1344.08,0.274286,0.100172,0.148964,1
0.0150567,2,-0.237943,0.0276869,0.0244765,13,0.164905,0.17461,9.26992,40.0126,84,9.61012,288.647,0.0409449,0.112502278398003,0.580415,2736.7,0.136092,0.100077,0.269189,1
0.010222,3,0.284756,0.049135,0.0240294,14,0.271606,0.218872,6.51137,26.133,86,3.37,87.4215,-0.12105,0.188551677916069,0.132567,1377.86,0.29373,0.100163,0.0623632,1
0.00732788,2,0.244967,0.0608972,0.0106813,28,0.494667,0.372949,5.98374,64.8883,87,2,176.084,-0.121005,0.220301735395132,0.00725591,1153.49,0.361885,0.100105,-0.0306242,1
0.00305691,2,-0.192078,0.049498,0.0119891,14,0.19853,0.290787,5.01118,123.975,88,9.59012,982.488,0.161185,0.0942365521640346,0.398298,2846.51,0.123804,0.100014,0.247748,1
0.0139911,4,-0.0849426,0.0530825,0.0135327,16,0.410765,0.140256,13.0403,117.74,89,2.65,609.357,0.609333,0.160900666251439,0.548156,1247.21,0.190033,0.100256,0.16503,1
0.0222385,3,0.18212,0.0764759,0.024661,19,0.191151,0.207343,9.14911,119.606,90,6.80006,970.88,-0.484944,0.157081329706679,0.619516,2136.1,0.120935,0.100068,0.327877,1
0.00644737,4,0.291464,0.0399478,0.0151705,17,0.291302,0.26289,6.16758,116.044,91,3.95,539.036,0.435987,0.139792839659293,0.243699,1492,0.211234,0.100021,0.139433,1
0.0162725,2,0.150581,0.0513184,0.0208438,19,0.413994,0.158544,11.9943,92.3406,92,1.76,309.026,0.308692,0.205925568166957,0.310071,990.596,0.293177,0.100015,0.0909412,1
0.00970122,2,-0.0480394,0.0174045,0.0183542,25,0.453735,0.424402,9.18181,94.1284,93,2.05,221.191,-0.0575837,0.133392953025351,0.188714,1058.64,0.417575,0.100026,0.0723514,1
0.0166415,2,0.0773455,0.0318161,0.016394,21,0.385697,0.127033,5.42597,93.0544,94,4.16,557.015,-0.121297,0.16426549320951,0.265859,1601.79,0.163937,0.100032,0.169204,1
0.0296797,3,-0.00346085,0.045828,0.0123363,21,0.434653,0.38132,10.4124,55.658,95,1.68,121.833,0.00958219,0.208657437520075,0.138668,964.477,0.450517,0.100527,0.0318402,1
0.024392,1,0.074278,0.0458076,0.0114909,22,0.387027,0.418041,13.7669,82.2164,96,1.51,184.611,0.367007,0.14551613104307,0.221886,915.32,0.437505,0.100142,0.0284069,1
0.0283886,3,-0.131374,0.0423851,0.0207331,28,0.36223,0.136716,8.69104,54.2872,97,3.33,238.796,0.333869,0.169093124213503,0.385121,1393.48,0.223351,0.100149,0.147207,1
0.0207902,4,0.0299428,0.0403084,0.0115637,14,0.16166,0.154984,14.8219,87.1168,98,12.5502,1200.72,0.113868,0.0988377458143157,0.81273,3465.06,0.0711928,0.100025,0.402254,1
0.0224521,4,0.182449,0.0701273,0.0230919,9,0.203474,0.249689,7.71164,124.88,99,5.34003,745.497,0.0763666,0.117455060629866,0.437355,1840.78,0.164356,0.100016,0.220523,1
0.0297504,1,0.148287,0.0125274,0.0153051,14,0.242334,0.455794,12.5998,119.418,100,7.24007,892.049,0.317458,0.0709324525682486,0.721649,2270.75,0.131408,0.100062,0.211622,1
0.0152579,1,0.0767026,0.00621172,0.0200524,14,0.354039,0.258253,12.3383,129.798,101,13.2102,2276.82,0.432302,0.0771324764824332,0.882051,4047.54,0.0559487,0.100042,0.294108,1
0.010932,1,0.0861274,0.0716706,0.0142245,25,0.477396,0.140962,11.3983,76.2721,102,1.36,198.65,0.30676,0.207536646576742,0.178228,965.639,0.376891,0.100062,0.0473151,1
0.0151899,2,-0.261386,0.0603005,0.0185231,24,0.382463,0.200916,6.00183,75.899,104,3.33,293.506,-0.258564,0.22760678560981,0.188037,1456.81,0.254037,0.10014,0.139752,1
0.0109636,3,-0.192925,0.00854286,0.0192161,30,0.164177,0.232405,6.47955,30.9371,105,11.4802,196.449,-0.202279,0.0787444977593565,0.441018,3103.47,0.154587,0.100063,0.228243,1
0.0214738,1,0.251405,0.0652447,0.0100717,8,0.436586,0.320345,7.1596,28.3755,106,1.96,72.8174,0.251052,0.164445318840206,0.0731718,1101.96,0.382283,0.100002,0.0297245,1
0.00551436,1,-0.0315962,0.012938,0.0243429,17,0.414182,0.27925,6.86039,59.2719,107,3.03,171.328,-0.062628,0.134798023419565,0.19082,1306.32,0.339629,0.100073,0.0847288,1
0.0124063,3,0.114124,0.0623026,0.0246658,15,0.43197,0.124116,9.21124,92.8806,108,2.01,348.927,0.374869,0.247175386088565,0.245828,1104.8,0.262127,0.100381,0.113829,1
0.0128798,3,0.119176,0.020214,0.0247926,20,0.344552,0.227869,10.3635,123.672,109,4.2,783.135,0.0900125,0.11342768570232,0.574258,1618.64,0.15492,0.100001,0.166056,1
0.0270408,1,0.104519,0.012083,0.0118938,24,0.207439,0.474575,8.37463,94.4449,110,6.62006,490.721,0.161449,0.0889858632727221,0.460624,2082.08,0.188857,0.100028,0.169978,1
0.029961,4,-0.250938,0.0741861,0.0185461,27,0.407075,0.11636,8.73052,39.0363,111,2.18,118.67,-0.20566,0.266593651692024,0.211972,1148.76,0.323967,0.100393,0.117442,1
0.0238197,4,-0.252474,0.0541767,0.0159543,25,0.256908,0.101446,6.50889,71.6544,112,7.19007,624.359,-0.604554,0.177029091775532,0.506701,2321.53,0.112652,0.10006,0.305176,1
0.0143194,3,0.151733,0.0381233,0.0232288,25,0.47147,0.394488,8.38358,93.115,113,1.82,238.092,0.937817,0.176428443930354,0.123099,1069.35,0.385618,0.100511,0.00722355,1
0.000465987,2,-0.181411,0.0525682,0.021717,26,0.298506,0.366498,11.7319,126.788,114,3.2,503.383,-0.0420633,0.121305820141962,0.452776,1335.75,0.247092,0.100002,0.161458,1
0.0291842,4,-0.12228,0.0393116,0.016545,29,0.283704,0.107443,5.12258,46.2103,115,6.78006,311.714,0.0770194,0.157068565340942,0.360305,2137.04,0.145532,0.100071,0.184682,1
0.0271536,2,0.126149,0.0332425,0.020778,9,0.159015,0.188264,12.5573,86.6582,117,11.6702,1034.89,0.379168,0.0877809820192949,0.773378,3183.67,0.0821828,0.100045,0.412681,1
0.0150543,2,-0.269209,0.0546883,0.013053,24,0.192068,0.398507,9.94387,24.3259,118,4.29,80.0811,0.0977382,0.135020928579167,0.315283,1462.38,0.298391,0.100133,0.150912,1
0.0142639,4,-0.295158,0.0574643,0.0124352,31,0.354598,0.398661,10.5637,66.911,119,2.31,195.816,0.051344,0.22087245962203,0.281879,1148.77,0.336055,0.100252,0.138094,1
0.0255446,3,-0.283726,0.0344633,0.0179999,16,0.434156,0.203639,12.5628,93.6895,121,2.22,353.896,-0.194237,0.200032859533589,0.444997,1155.54,0.260928,0.10047,0.179665,1
0.00973878,3,-0.0493547,0.0147435,0.0183462,31,0.275407,0.17191,10.6189,92.1263,122,8.5801,957.26,-0.301629,0.0962572983629796,0.727401,2629.58,0.0944541,0.100046,0.239761,1
0.00903427,4,0.047691,0.0229761,0.0130781,23,0.431256,0.274091,7.46264,50.1885,123,2.36,128.57,-0.0785595,0.168722529722477,0.120245,1185.85,0.383124,0.100048,0.038121,1
0.0203365,1,0.223454,0.0666691,0.0149981,21,0.390078,0.302323,6.49895,102.775,124,2.45,329.035,-0.125676,0.15075339254148,0.0991237,1248.09,0.307073,0.100214,0.0343367,1
0.0230662,3,-0.240989,0.0194386,0.0142483,14,0.462405,0.337236,9.45308,116.32,125,2.75,441.741,0.214474,0.148379737712549,0.425443,1321.51,0.258402,0.100032,0.189753,1
0.0103535,3,0.0788569,0.0714739,0.023491,16,0.36001,0.368556,7.7549,32.9821,126,2.31,94.3017,-0.0148201,0.188514202902157,0.102398,1170.9,0.343476,0.100108,0.0300454,1
0.0272827,4,-0.0694494,0.0248378,0.0183251,10,0.225505,0.285456,9.47585,87.7854,127,7.84008,647.253,-0.211505,0.0785813774893504,0.613005,2429.46,0.133101,0.100038,0.246112,1
0.0119863,4,-0.26483,0.0202568,0.024947,20,0.486838,0.21065,10.1955,49.7368,128,1.81,132.133,0.358771,0.268446742797819,0.230053,1074.95,0.369526,0.100071,0.114028,1
0.00068584,2,0.0801702,0.0491713,0.0164219,14,0.231853,0.338925,11.441,45.689,129,2.73,122.335,0.0425419,0.122604608487525,0.221301,1196.45,0.367151,0.100211,0.0418802,1
0.0277986,4,-0.177344,0.0450254,0.0198647,22,0.264665,0.310297,11.7079,122.166,130,5.81004,841.539,-0.451795,0.101752394091274,0.657277,2005.94,0.142566,0.100108,0.243079,1
0.022851,4,-0.276801,0.0493879,0.0116129,22,0.363199,0.345771,13.1321,37.5525,131,1.87,94.669,0.199892,0.261641449167903,0.285063,1015.94,0.390137,0.100257,0.112217,1
0.0202803,3,-0.120908,0.0554504,0.0199556,30,0.489597,0.160127,8.33589,42.2972,132,1.93,118.677,0.334855,0.248477153795544,0.17956,1103.58,0.349977,0.100098,0.0913846,1
0.00494656,4,-0.0233836,0.0323238,0.0176917,17,0.284968,0.405254,9.6765,62.415,133,2.93,167.832,-0.0807721,0.119628872636817,0.197379,1246.52,0.366049,0.100336,0.0455168,1
0.00144676,3,-0.146598,0.0369216,0.0123439,15,0.280698,0.413146,7.14113,56.968,134,3.75,164.394,0.362296,0.118573819578021,0.155767,1459.51,0.339957,0.100002,0.080469,1
0.0153456,1,-0.0371047,0.0778067,0.0127821,20,0.47655,0.294665,5.93591,112.388,135,2.38,327.477,-0.324435,0.1771259366262,0.083146,1241.69,0.336939,0.100079,0.0336145,1
0.0277074,4,0.134625,0.0727051,0.0120628,28,0.160252,0.137377,7.46598,125.429,137,18.8903,2749.76,0.452525,0.126613779551393,0.804008,5262.92,0.0447559,0.100018,0.504086,1
0.0196269,3,-0.141671,0.0104385,0.013766,9,0.254317,0.302052,9.53049,57.6242,138,8.81011,434.247,-0.137949,0.089888896315121,0.676321,2663.42,0.130183,0.100004,0.234386,1
0.0284394,1,0.165254,0.072782,0.0159326,28,0.328038,0.360282,8.4963,45.368,139,2.34,137.916,0.260214,0.153550280222841,0.164648,1147.32,0.323484,0.100242,0.0635389,1
0.02208,4,0.184308,0.0338245,0.0104121,18,0.26684,0.385734,5.06833,115.089,140,5.36003,548.242,-0.294895,0.133028280227644,0.21764,1830.57,0.206005,0.100034,0.115225,1
0.0100583,3,0.0494002,0.0792431,0.0175657,18,0.378756,0.378442,5.01064,91.5884,141,3.29,333.103,-0.0930189,0.192963198634483,0.0695796,1426.02,0.269927,0.100073,0.0283003,1
0.0216759,1,0.161214,0.0199667,0.0127625,24,0.457447,0.157737,7.72922,33.7452,143,2.14,98.8089,0.0366227,0.16601205776653,0.144093,1109.61,0.336502,0.100439,0.0504652,1
0.0217907,2,0.138159,0.0556608,0.0228447,9,0.283212,0.462021,7.97761,41.6675,144,2.87,119.417,-0.10281,0.155346862481711,0.141757,1219.43,0.343091,0.100232,0.0496725,1
0.0174738,2,0.222947,0.0560118,0.0242677,9,0.212253,0.399533,14.8713,106.767,145,3.44,445.479,-0.383295,0.103721244543801,0.546735,1338.47,0.235484,0.100157,0.14883,1
0.0272739,2,0.0236953,0.0694529,0.0116948,30,0.391334,0.240869,9.52221,48.3866,146,2.05,145.873,-0.0044511,0.206342247567021,0.207288,1087.17,0.32579,0.100119,0.0760518,1
0.0116623,3,0.0877941,0.0395572,0.0109674,21,0.187314,0.47885,10.0179,120.376,147,5.38003,561.921,0.152142,0.0963977498435585,0.452937,1756.3,0.210397,0.100116,0.156179,1
0.0116472,1,0.180684,0.0517478,0.0188572,28,0.172427,0.448341,9.0482,79.5494,148,5.55003,389.619,-0.0352258,0.100330145220836,0.449583,1855.82,0.200387,0.100047,0.178934,1
0.0122355,1,0.13043,0.016516,0.0101181,31,0.183769,0.26427,12.1435,29.2546,149,4.77001,108.315,0.0154866,0.105117075674893,0.449551,1605.33,0.265024,0.100026,0.136853,1
0.0178325,3,0.108874,0.0115871,0.0177806,10,0.46494,0.337374,13.8773,98.2154,150,3.6,590.641,0.364771,0.121796412622682,0.709341,1546.03,0.1632,0.100045,0.0764901,1
0.0129325,1,0.187139,0.0150502,0.0195073,14,0.283039,0.261581,9.54673,130.268,152,7.93009,1378.44,0.256394,0.0918259094628318,0.716638,2548.62,0.0927393,0.100033,0.285508,1
0.0242708,1,-0.0190037,0.00938404,0.0164675,16,0.466026,0.469342,7.18696,66.2451,1,2.5,156.412,0.0311065,0.137591312487142,0.156349,1044.37,0.416963,0.100356,0.068282,1
0.0215006,1,0.153822,0.00736481,0.0232041,28,0.376414,0.394976,7.54191,62.7467,2,2.96,198.457,-0.00598917,0.121827785991067,0.221451,1118.72,0.311124,0.100309,0.0573471,1
0.00591381,4,0.210375,0.068752,0.022939,30,0.241184,0.198551,13.3427,45.4149,3,2.93,184.092,-0.064249,0.176046575345952,0.474684,1097.48,0.242078,0.100028,0.165064,1
0.00865061,1,-0.253897,0.0570144,0.0224953,10,0.446845,0.212274,12.9775,61.1308,4,1.54,154.365,-0.146613,0.249749393501491,0.278722,816.699,0.390617,0.100547,0.138888,1
0.0275944,1,-0.026899,0.0324728,0.0133733,14,0.332986,0.276013,14.6044,26.9642,5,1.78,57.1737,0.00753658,0.15867870141042,0.235416,835.602,0.464175,0.100328,0.0443044,1
0.00886058,4,-0.0933468,0.0354088,0.016824,15,0.292037,0.353365,9.81558,127.61,6,3.84,541.706,-0.189377,0.114107546558341,0.416164,1332.68,0.231371,0.100119,0.138855,1
0.00360141,1,0.26658,0.046763,0.0119486,16,0.412272,0.372757,14.2951,87.5741,7,1.35,218.099,0.0102467,0.153836229170764,0.26583,792.054,0.39512,0.100308,0.010866,1
0.00139615,3,0.270822,0.0765736,0.0240396,11,0.231713,0.493517,7.17412,26.3133,8,3.19,82.3181,-0.00602664,0.165303629568413,0.132832,1163.01,0.314118,0.100171,0.0707737,1
0.0208242,1,0.145307,0.039617,0.0125633,19,0.490662,0.185718,11.1718,94.8979,9,1.62,300.584,0.53386,0.161770512911103,0.28702,862.323,0.310144,0.100139,0.0681895,1
0.0157435,2,-0.287324,0.042767,0.0243187,10,0.168167,0.273817,12.6301,63.5963,11,6.49005,351.891,0.17366,0.0948864015215446,0.581943,1919.34,0.177491,0.100111,0.244021,1
0.0127273,2,0.120921,0.0684411,0.0147898,12,0.483358,0.391267,10.7718,46.6309,12,1.28,97.0537,-0.000287989,0.186795852441114,0.0897918,756.694,0.472917,0.100335,0.000308335,1
0.0290416,2,0.285968,0.00825342,0.0133825,11,0.418418,0.303462,6.78089,86.8904,13,3.58,427.517,0.287192,0.138937962391944,0.387578,1290.02,0.199795,0.100207,0.101734,1
0.0168089,2,0.231414,0.076244,0.014681,24,0.486943,0.254691,11.2525,111.068,14,1.21,275.148,-0.0819999,0.230014933867735,0.126652,808.782,0.398141,0.100542,0.0123662,1
0.0189532,2,0.18558,0.0375161,0.0105112,23,0.167744,0.421299,12.5761,98.7431,15,5.60003,494.143,0.0623929,0.0922709668299965,0.577005,1691.61,0.196046,0.100008,0.211322,1
0.00702736,4,-0.299065,0.0401075,0.0213295,28,0.336595,0.232031,8.67576,119.614,16,3.95,606.049,0.0455908,0.134245107525367,0.44228,1366.35,0.193896,0.100144,0.220437,1
0.0206757,4,-0.249009,0.0712144,0.016208,8,0.415678,0.489521,14.5009,80.131,17,1.52,212.743,0.0497448,0.189441318892302,0.321613,829.681,0.371607,0.10057,0.141538,1
0.0274014,1,0.182676,0.0562782,0.0158293,12,0.246969,0.181721,5.28455,118.96,18,5.94004,834.092,0.345921,0.122635213645684,0.327409,1840.37,0.139945,0.100023,0.226532,1
0.011651,1,0.290372,0.0713036,0.0185102,12,0.291798,0.33173,13.1788,78.2882,19,1.75,204.313,0.12764,0.117674932028831,0.253553,860.245,0.377204,0.100348,0.0535387,1
0.00485032,2,-0.0737763,0.0387949,0.0135586,15,0.366797,0.279259,13.4496,45.1902,21,1.75,100.726,0.0249508,0.136726440886972,0.239139,841.365,0.442267,0.100488,0.0555252,1
0.00377132,2,0.242366,0.0494352,0.0218783,26,0.435257,0.147412,14.3786,99.5379,22,1.42,316.574,0.446326,0.256391717830439,0.332574,821.827,0.309636,0.100385,0.0562128,1
0.0242065,2,0.195279,0.00717128,0.0140764,14,0.210473,0.48771,14.6159,57.3676,23,8.6001,404.168,0.0169759,0.0889877786506648,0.775466,2387.26,0.139334,0.100065,0.200579,1
0.00676928,2,-0.211066,0.0218981,0.0173098,28,0.322169,0.340218,14.7299,59.0031,24,2.69,190.218,0.1151,0.133861554512458,0.468029,1047.61,0.304753,0.100151,0.125054,1
0.0151126,3,0.161586,0.0595404,0.013073,31,0.186819,0.415911,10.1369,50.6528,25,4.26,203.747,0.14061,0.10659765953006,0.401145,1366.64,0.244128,0.100101,0.134785,1
0.00603341,2,-0.275386,0.0267184,0.0165922,8,0.179742,0.479923,14.3364,70.1032,26,7.12007,392.842,0.0700117,0.0703298363714813,0.656504,2002.68,0.175105,0.100025,0.282256,1
0.0020747,3,0.00282337,0.0701175,0.016337,9,0.190673,0.466278,7.88403,63.7433,27,4.04,221.897,0.359008,0.119734996017802,0.136905,1331.75,0.281817,0.100003,0.0208941,1
0.0197203,3,-0.0860045,0.0614984,0.0171509,20,0.496274,0.347769,14.5124,67.8078,28,1.14,139.424,0.209433,0.203008287569802,0.210653,755.752,0.480058,0.10062,0.0518709,1
0.00338436,2,-0.230783,0.0244155,0.0159989,26,0.199907,0.427409,8.95962,41.8342,29,5.33003,148.857,0.148991,0.0992854414152006,0.328227,1586.55,0.275894,0.100071,0.161996,1
0.0187791,1,0.172423,0.0258072,0.0169704,9,0.31554,0.289388,11.9251,33.7912,30,2.54,103.259,0.0241089,0.12396631188973,0.365368,1015.29,0.321502,0.100147,0.0763108,1
0.0182889,1,0.232001,0.0469651,0.011362,19,0.47992,0.49031,13.3164,127.647,31,1.19,293.123,-0.181465,0.13936241900935,0.201038,766.988,0.429053,0.100434,0.00194579,1
0.0152347,4,0.223289,0.0642487,0.0146682,23,0.411506,0.30598,5.56736,126.663,32,2.75,456.862,-0.133249,0.202777477793237,0.0974327,1342.33,0.272663,0.100252,0.0376678,1
0.0201735,4,0.257095,0.0508499,0.0203723,12,0.404738,0.174044,14.0299,45.6662,33,1.43,128.655,0.0961396,0.249742501665601,0.284489,775.349,0.35033,0.100609,0.0433069,1
0.00788475,1,0.247045,0.0627489,0.0165914,9,0.318126,0.131564,10.562,94.5749,34,2.53,429.521,-0.080972,0.194919102617337,0.372821,1055.38,0.216261,0.100119,0.174175,1
0.0260091,2,0.218664,0.0428889,0.0235277,14,0.450635,0.142857,7.81195,69.7234,35,2.13,250.963,-0.327875,0.287644543375044,0.194301,943.354,0.273245,0.100257,0.0888052,1
0.0262094,2,0.0811665,0.0466037,0.016724,28,0.248661,0.125464,6.69331,101.14,36,7.87009,1020.01,-0.0326486,0.158139110168543,0.562265,2299.24,0.0973316,0.100061,0.300497,1
0.00167328,1,-0.23068,0.0248286,0.0249411,17,0.440415,0.372472,13.3506,23.5556,37,1.48,48.9549,0.20856,0.24269904008663,0.209925,790.641,0.47436,0.100494,0.0760489,1
0.0118907,4,0.148526,0.0113359,0.0176414,23,0.474264,0.295839,14.9125,128.308,39,3.13,796.533,0.452794,0.133596410802663,0.698221,1231,0.158351,0.100208,0.0887234,1
0.00011532,3,0.285134,0.0703291,0.0214435,17,0.2514,0.476348,12.5538,58.9225,40,2.07,159.158,0.181238,0.162290269760781,0.264149,935.05,0.364336,0.100319,0.0750768,1
0.0278599,4,-0.151345,0.0185427,0.021011,12,0.214563,0.450345,5.31199,53.3896,42,7.83008,239.582,-0.0248617,0.0826375879868757,0.260024,2144.33,0.21868,0.100032,0.173885,1
0.00218741,1,0.12742,0.0697263,0.0148794,26,0.356301,0.10273,7.77765,105.059,43,2.67,473.017,0.594101,0.235120542285647,0.232109,1084.39,0.218367,0.100221,0.134479,1
0.00445069,1,-0.113957,0.0518784,0.0243959,26,0.191128,0.184982,9.73948,110.73,44,8.99011,1061.91,-0.171383,0.103059917535495,0.661542,2567.71,0.102363,0.100069,0.319631,1
0.0299885,3,-0.272237,0.0069548,0.0229289,29,0.497796,0.264379,10.0421,49.1332,45,1.94,137.695,0.353567,0.249462292990177,0.267414,926.236,0.350291,0.10007,0.130844,1
0.0163392,4,-0.226568,0.0313858,0.0130855,10,0.480158,0.124318,14.9269,86.4621,46,2.27,414.462,-0.315273,0.208306314872241,0.579723,1000.51,0.20581,0.100567,0.194672,1
0.0182578,4,0.297773,0.0470743,0.0183175,8,0.233397,0.292411,6.83542,72.0782,47,4.72001,353.891,-0.110666,0.130993613797039,0.344311,1492.18,0.200198,0.100197,0.18474,1
0.0144723,4,0.21713,0.0668418,0.013802,27,0.191276,0.322611,7.52296,83.639,48,5.43003,455.444,0.0968695,0.123582174589721,0.416301,1725.92,0.18034,0.100103,0.214032,1
0.0236768,4,0.110739,0.0151171,0.0129014,12,0.389282,0.183637,12.73,61.177,49,4.09,408.476,-0.298,0.134774788357047,0.674563,1405.7,0.14705,0.100086,0.139185,1
0.010593,4,-0.171005,0.0603308,0.0244556,27,0.181881,0.362711,8.15269,108.876,50,8.95011,861.149,-0.552418,0.0712069869045349,0.593276,2457.54,0.124065,0.100029,0.238563,1
0.00334924,2,-0.281498,0.0799482,0.0149319,14,0.35849,0.291538,14.0203,79.8542,51,1.59,199.48,0.11232,0.197009151114706,0.258494,827.29,0.393431,0.100185,0.11418,1
0.00125702,4,-0.0314214,0.0247554,0.0149092,31,0.240743,0.184231,6.53199,24.6726,52,4.87002,83.7328,-0.107597,0.131411897838972,0.149604,1510.57,0.28925,0.100066,0.0709688,1
0.0136354,3,-0.105236,0.0739325,0.0144086,21,0.358364,0.161682,7.28202,104.515,53,3.01,412.277,0.357733,0.189427959630823,0.241347,1161.63,0.248943,0.100101,0.140149,1
0.0158412,3,-0.255435,0.0309388,0.0134599,18,0.280467,0.1337,6.81641,112.201,54,8.6601,1276.84,0.661804,0.140100070336673,0.609414,2495.98,0.0862173,0.100015,0.343718,1
0.0102941,1,0.194215,0.00750082,0.0186146,15,0.311548,0.252378,6.10447,44.179,55,4.80001,197.572,0.193166,0.105867384698229,0.315332,1525.47,0.219496,0.100062,0.132907,1
0.00256139,2,0.0732292,0.0308417,0.0226292,20,0.346583,0.298378,11.5843,68.564,56,2.22,194.981,-0.145787,0.133321867599197,0.281689,931.331,0.346479,0.100439,0.0565208,1
0.0286782,3,-0.112827,0.0150507,0.0131395,26,0.272465,0.292788,5.12002,57.7687,57,6.44005,260.241,0.112281,0.122158571960672,0.242788,1871.71,0.217979,0.100099,0.155723,1
0.000239233,1,0.0103247,0.0313433,0.020033,29,0.429978,0.355091,10.7779,68.6573,58,1.71,149.563,0.160365,0.150240202371478,0.155131,861.778,0.451021,0.100153,0.0266541,1
0.00535526,1,0.0117561,0.0162469,0.0184505,22,0.300237,0.298793,9.19069,107.146,59,4.83002,581.772,0.156679,0.0817759634538318,0.491793,1544.11,0.180676,0.100002,0.144172,1
0.0151899,2,-0.268845,0.051508,0.0189061,29,0.167813,0.166573,10.5017,34.7025,60,6.66006,191.526,-0.18103,0.125035130045609,0.530412,1878.99,0.177774,0.100016,0.201212,1
0.0175169,4,0.176136,0.0420755,0.0205067,20,0.290928,0.15282,13.732,110.751,61,4.46001,844.571,-0.262508,0.171680268962717,0.679171,1522.89,0.12872,0.100061,0.219625,1
0.0089301,3,0.0728777,0.0670176,0.0161652,27,0.332341,0.412764,6.50424,106.273,62,3.13,357.131,0.323679,0.163031926707563,0.146983,1196.38,0.292367,0.100153,0.0666803,1
0.00818093,1,-0.0931013,0.0487244,0.0195235,15,0.44947,0.333291,13.8654,82.351,63,1.41,187.844,0.124828,0.150347216535926,0.254598,795.993,0.431719,0.100383,0.0682635,1
0.0247697,4,-0.150089,0.00855042,0.0191199,28,0.375839,0.352244,8.99392,85.5634,64,3.42,312.287,0.0074926,0.126957262159952,0.390107,1213,0.269517,0.100273,0.149598,1
0.0203902,3,0.0997054,0.014093,0.0208359,31,0.412849,0.480185,13.7121,57.4688,65,1.72,141.778,0.263099,0.164838101896953,0.311684,857.672,0.398951,0.100329,0.0242563,1
0.00647675,1,-0.0395761,0.0571289,0.0130109,13,0.304396,0.233243,10.0555,97.4647,66,2.77,330.206,0.187868,0.125445454280247,0.283458,1094.55,0.290222,0.10023,0.100138,1
0.0211845,3,-0.205308,0.0347353,0.019586,29,0.473592,0.4658,11.1303,81.2079,67,1.7,198.456,0.410819,0.179820611422992,0.248339,855.419,0.402676,0.100312,0.1009,1
0.0194059,1,0.0873779,0.0376486,0.0163596,21,0.182561,0.206877,6.92065,103.638,68,10.2401,1012.86,-0.0521607,0.0978559043407561,0.573495,2807.86,0.100445,0.100067,0.300793,1
0.0267024,4,-0.28797,0.0502135,0.0199625,13,0.316683,0.295031,10.6507,32.9397,69,2.45,92.6033,-0.278916,0.24758055956181,0.246223,977.311,0.349588,0.100183,0.136406,1
0.00418876,3,-0.179456,0.0701272,0.018779,13,0.432732,0.328143,12.0405,28.235,70,1.4,60.2802,0.0322537,0.231549430321856,0.144432,785.291,0.461872,0.100517,0.0679881,1
0.0254901,2,0.0728865,0.00731385,0.0236052,20,0.403737,0.154892,6.87892,88.7825,71,6.68006,899.449,-0.104184,0.119656975910933,0.632465,2093.58,0.0969556,0.100128,0.21088,1
0.0005577,1,0.163722,0.0403989,0.0206507,30,0.258016,0.355851,12.8747,125.929,72,3.65,570.904,-0.144849,0.112774904817691,0.535289,1296.26,0.216664,0.100128,0.135652,1
0.0129818,2,0.136119,0.0196821,0.0211584,19,0.465423,0.142406,6.85001,68.4714,74,2.73,287.132,0.331658,0.196263405937261,0.249629,1093.73,0.234265,0.100141,0.101652,1
0.0226424,4,-0.272624,0.0253166,0.0178792,16,0.257978,0.433552,8.88093,104.731,75,5.48003,511.979,-0.0461736,0.105492337921088,0.478382,1650.98,0.200702,0.100014,0.220786,1
0.00794351,2,0.0431194,0.0496795,0.0173922,23,0.387509,0.162926,14.4495,76.8163,76,1.91,265.314,0.378483,0.156906895223747,0.410038,1416.75,0.284825,0.10028,0.0734791,1
0.00389649,2,0.264103,0.0641017,0.0115674,26,0.317763,0.260331,13.0267,26.0796,77,1.52,58.3238,0.366816,0.208189562327796,0.157355,799.478,0.440394,0.100396,0.0254473,1
0.00333627,3,0.236856,0.037762,0.0231276,13,0.227575,0.197205,8.41373,81.4414,78,4.82002,442.688,0.236937,0.116768573801551,0.432392,1901.28,0.180737,0.100145,0.217954,1
0.0179173,1,-0.111037,0.0367009,0.021999,24,0.422532,0.249465,8.78936,80.0166,79,2.26,219.69,0.148315,0.172324079654593,0.210545,971.515,0.357872,0.100159,0.0888292,1
0.0117216,3,0.176951,0.0100883,0.0150441,26,0.328133,0.395666,11.841,62.084,80,2.8,212.082,0.0649059,0.129305591759834,0.416987,1082.01,0.287516,0.100119,0.0672742,1
0.00596783,1,-0.226548,0.0674216,0.0111352,26,0.331609,0.229713,13.9478,67.6147,81,1.93,194.254,0.0630769,0.204905710213354,0.326027,889.55,0.34176,0.100088,0.116086,1
0.0142664,3,0.209736,0.0726323,0.0239989,15,0.431806,0.287329,7.22289,39.9407,82,1.93,112.506,0.473663,0.225513477655191,0.0532497,925.097,0.349726,0.10042,-0.00591207,1
0.0149016,1,0.138722,0.0799151,0.0154778,22,0.36489,0.359749,5.71479,52.2145,83,2.89,182.023,-0.148907,0.169444341706238,0.0780626,1229.95,0.282245,0.100298,0.0206312,1
0.0262713,1,-0.0563008,0.0433326,0.0243173,26,0.301018,0.103262,7.37667,123.922,84,7.39007,1459.72,0.0682997,0.164451872088623,0.61722,2266.04,0.0833247,0.100052,0.329524,1
0.00466003,1,-0.248513,0.00683497,0.0126258,16,0.338033,0.305592,10.5829,87.3166,85,8.6101,813.147,0.0418833,0.0999368595317594,0.77076,2411.16,0.105353,0.100012,0.268445,1
0.0188964,3,-0.0981178,0.00525076,0.0204875,17,0.173544,0.334323,9.63819,28.4822,86,11.1002,172.022,-0.021282,0.0813001286401734,0.623604,2856.99,0.162517,0.100056,0.196633,1
0.0163534,3,0.0126378,0.0525025,0.0123834,15,0.376382,0.283813,7.3357,45.1079,87,2.5,121.646,0.16773,0.167975530793139,0.0920993,1017.84,0.363843,0.100021,0.0212774,1
0.0155991,4,-0.133347,0.0323535,0.0107426,24,0.310055,0.379193,9.56872,33.6019,88,2.73,83.4128,0.172855,0.160142757327151,0.194559,1043.03,0.395678,0.100125,0.0896339,1
0.0203938,1,-0.0266769,0.0384309,0.015153,24,0.333473,0.393924,9.52618,22.6375,89,2.29,52.3014,-0.0243119,0.152716297673466,0.111578,965.574,0.425356,0.100177,0.0327227,1
0.0280839,1,0.188608,0.0282281,0.0137913,32,0.31002,0.158464,11.8797,102.282,90,4.1,699.835,0.211793,0.148231027483908,0.606056,1778.55,0.143384,0.100006,0.175463,1
0.00644987,3,0.139955,0.00812418,0.0243682,20,0.342204,0.359304,10.9766,50.0204,91,2.93,167.93,-0.202632,0.121532473874003,0.406701,1091,0.292728,0.100179,0.0720466,1
0.00244899,1,0.23773,0.0128388,0.0153713,19,0.271336,0.403254,8.10985,77.8467,92,4.36,336.22,0.0329539,0.105956304170289,0.386317,1517.51,0.22752,0.100169,0.11948,1
0.00171338,3,-0.222395,0.0608079,0.0156415,12,0.459148,0.335732,13.5898,45.9695,93,1.28,97.1536,-0.346779,0.221368689045353,0.200628,760.242,0.4642,0.100006,0.094706,1
0.0105506,4,0.211298,0.0081416,0.0176362,24,0.441674,0.270123,5.51126,114.794,94,3.58,561.389,0.0568682,0.141353237693503,0.260583,1285.46,0.20076,0.100081,0.119954,1
0.008611,2,-0.106676,0.0219644,0.0201033,18,0.196847,0.260142,11.1612,61.0068,95,7.20007,371.032,0.0612875,0.0935987971648848,0.590106,2044.88,0.161303,0.100001,0.186013,1
0.0141531,3,-0.023349,0.0721665,0.0121911,9,0.40219,0.145887,14.761,114.943,97,2.03,491.728,0.367229,0.15196913227824,0.489616,966.25,0.229717,0.100177,0.145418,1
0.00247538,4,0.0689323,0.0693935,0.0242417,8,0.155639,0.455733,13.2395,117.409,98,4.45001,514.743,0.166371,0.0949406853616407,0.485709,1651.98,0.224071,0.100139,0.142972,1
0.0297845,3,-0.204384,0.0505456,0.0150206,11,0.27801,0.347766,12.0789,124.417,99,3.73,560.201,0.14951,0.119270241749006,0.512079,1320.52,0.218095,0.100101,0.183469,1
0.00865134,3,-0.223069,0.0240688,0.0192857,23,0.348278,0.245903,9.58424,68.5639,100,3,229.477,0.215252,0.15559345051631,0.325797,1117.7,0.294024,0.100313,0.148428,1
0.0253321,3,0.0198593,0.0125192,0.0215028,19,0.441526,0.378701,9.54468,66.5524,1,2.1,163.195,-0.174456,0.143892503310307,0.215282,275.656,0.400553,0.100123,0.0537781,1
0.00271796,3,0.283709,0.00823592,0.0197509,28,0.32751,0.185417,11.4709,81.3498,2,4.67001,580.647,-0.0115909,0.166678040761332,0.656517,469.939,0.137665,0.100163,0.18043,1
0.0232643,2,0.149381,0.0789514,0.0105421,11,0.390394,0.378919,10.0314,85.6839,3,1.68,218.916,0.0528561,0.16885071724627,0.144267,269.309,0.384006,0.100011,0.0273477,1
0.0183548,1,0.13731,0.00702676,0.0224978,22,0.39187,0.132426,14.342,94.8439,4,6.12005,1167.07,0.122416,0.127149212728762,0.806154,584.677,0.0799101,0.100235,0.288797,1
0.00337412,1,-0.18344,0.0549946,0.0182574,32,0.284266,0.480019,11.1854,52.5694,5,2.91,171.04,-0.262799,0.128296013354622,0.346031,352.199,0.302096,0.100194,0.130274,1
0.0146572,2,-0.207686,0.0749101,0.0209155,29,0.276669,0.244262,13.3123,84.0718,6,3.13,376.598,0.143893,0.166846852197563,0.505907,366.556,0.219342,0.100157,0.20307,1
0.0199104,2,-0.210396,0.0140282,0.0121644,18,0.246545,0.188813,10.0183,28.9355,7,4.78001,113.109,0.0903819,0.145336429748819,0.422411,429.391,0.251261,0.100121,0.177618,1
0.0284447,4,-0.0790685,0.00761975,0.0233747,9,0.248828,0.158057,13.4784,68.2051,8,15.1503,1141.85,-0.109317,0.0766573171157676,0.861873,1142.59,0.0586365,0.100067,0.448654,1
0.0148946,4,0.192992,0.0467434,0.0184068,13,0.185216,0.391409,6.81007,30.5027,9,4.89002,109.681,-0.053731,0.161854624610411,0.20175,454.892,0.273327,0.100186,0.102322,1
0.00443583,1,0.115555,0.0147369,0.0104999,11,0.375683,0.12783,11.4001,51.556,10,4.47001,384.131,0.0249021,0.155890581139407,0.657551,447.112,0.131792,0.100097,0.17924,1
0.0296691,2,-0.2486,0.0123238,0.0171521,28,0.219785,0.366877,10.7926,96.9825,11,9.94013,826.399,-0.145462,0.0776034580468701,0.710639,806.422,0.115138,0.10001,0.278318,1
0.0227776,1,0.190358,0.0121326,0.0229991,21,0.20169,0.239631,10.7381,78.6757,12,10.1901,790.345,0.327563,0.0690032461765065,0.738421,834.339,0.0977336,0.100081,0.290709,1
0.0120555,1,0.225739,0.0454568,0.0165188,23,0.433852,0.388929,7.91626,68.0814,13,1.86,170.383,0.0485569,0.148315142585493,0.0679241,272.329,0.39269,0.100179,-0.0118874,1
0.000639965,1,-0.0651379,0.0147236,0.0236802,24,0.197478,0.13143,7.47774,25.0225,14,7.23007,128.552,-0.223867,0.0833101381030263,0.372917,571.689,0.191267,0.100166,0.136443,1
0.0199118,2,0.14853,0.0235475,0.0117471,8,0.200168,0.256276,7.37347,76.8118,15,9.76013,694.156,-0.267491,0.0799504983889307,0.606056,818.579,0.108596,0.10004,0.344131,1
0.0033733,3,0.242428,0.0692426,0.0156157,11,0.411473,0.334977,10.763,104.822,16,1.57,280.404,-0.250345,0.157745208026165,0.190516,254.064,0.368476,0.100478,0.0274511,1
0.0145879,4,0.140876,0.0135456,0.0222683,27,0.456362,0.426492,13.049,67.0566,17,1.62,173.269,0.208907,0.169548068697868,0.311366,261.61,0.381047,0.100366,0.0197096,1
0.00250588,4,-0.212162,0.0462435,0.0215687,11,0.36673,0.13234,13.644,127.156,18,3.41,828.32,-0.198112,0.148423878922081,0.623536,383.172,0.150662,0.100045,0.252306,1
0.00967935,1,-0.296973,0.0307085,0.0120056,13,0.249775,0.138314,8.19279,92.4383,19,8.96011,1016.79,-0.108892,0.133583331865842,0.650944,735.826,0.0891917,0.100008,0.349217,1
0.0165232,3,-0.0969722,0.0273283,0.0111162,21,0.492305,0.138854,14.3354,105.061,20,2.59,582.185,-0.195512,0.162391945086298,0.623387,334.846,0.177737,0.100399,0.152414,1
0.017419,3,0.0929466,0.0417585,0.020431,9,0.189849,0.329772,7.3157,56.3529,21,5.55003,245.414,0.469135,0.0959580206537711,0.292448,501.423,0.225457,0.100087,0.134709,1
0.00519985,3,0.245908,0.076405,0.0127369,25,0.29377,0.350536,7.1557,67.7083,22,2.78,217.032,0.171912,0.189384990906824,0.138453,336.588,0.306325,0.100091,0.0568236,1
0.00137879,4,-0.0851194,0.0119713,0.0163651,29,0.476181,0.190172,13.5212,119.965,23,3.51,776.183,-0.312255,0.118982205691747,0.687723,392.304,0.151742,0.10008,0.153585,1
0.010926,2,-0.131625,0.0389206,0.0188371,11,0.214097,0.211437,6.81942,59.9859,24,6.25005,306.526,-0.0865568,0.10054384526881,0.33373,532.416,0.192143,0.100086,0.200601,1
0.00228999,3,0.101198,0.0699612,0.0193874,11,0.1574,0.309397,13.4254,110.645,25,4.62001,525.129,-0.00986824,0.0966844905203015,0.528239,445.051,0.207188,0.100238,0.164492,1
0.00729236,4,-0.172755,0.0654118,0.0232307,24,0.486789,0.420829,13.7835,69.6828,27,1.25,156.415,0.107074,0.203270018671532,0.237501,248.306,0.438423,0.100317,0.077808,1
0.0247936,2,0.00207273,0.0181406,0.0155844,10,0.171447,0.294371,10.6959,28.2788,29,6.37005,121.554,0.0253371,0.0950550523167764,0.443231,540.087,0.228348,0.100054,0.0975879,1
0.0235643,3,0.207737,0.0656347,0.0177562,24,0.224156,0.127043,9.47335,90.6377,30,6.12005,768.905,0.0540571,0.195730593848646,0.625371,587.086,0.115671,0.100027,0.308463,1
0.0152172,3,0.244499,0.0486938,0.0102481,20,0.330561,0.253734,11.6678,123.362,31,2.3,456.585,-0.428865,0.160819715909986,0.371787,303.851,0.265286,0.100089,0.104201,1
0.0114608,2,-0.15191,0.019723,0.0124962,17,0.161305,0.367263,11.5141,126.796,32,16.1703,1624.46,-0.0922054,0.0557602234499402,0.785997,1267.68,0.0765982,0.100035,0.376252,1
0.0267261,4,-0.186395,0.0243331,0.0197742,18,0.162413,0.352343,13.0509,80.8435,33,12.4702,770.193,0.0760569,0.0710356761018241,0.762203,1006.29,0.103013,0.100041,0.316043,1
0.0290188,1,-0.0734704,0.0666112,0.0168644,17,0.434494,0.435335,10.5363,125.001,34,1.6,274.489,-0.333489,0.150732331348281,0.145779,270.817,0.447591,0.10019,0.0563477,1
0.00715202,1,-0.0954061,0.0510487,0.0194016,27,0.266644,0.261817,7.81063,112.963,35,4.71001,565.183,0.144331,0.125123736987555,0.384982,732.852,0.196173,0.100052,0.172857,1
0.0254201,1,-0.0286729,0.0636179,0.0157991,11,0.161472,0.275095,7.09081,54.6857,36,5.69004,240.289,-0.0107542,0.110613572323444,0.208974,504.961,0.22337,0.10005,0.0918149,1
0.0274933,3,-0.16483,0.0617261,0.0179104,32,0.351443,0.259361,10.1313,72.1369,37,2.92,283.751,-0.0743729,0.178462067344319,0.409213,354.251,0.250148,0.100302,0.154632,1
0.0272885,4,-0.121494,0.0346721,0.0205799,21,0.247893,0.328386,10.5452,121.431,38,6.65006,847.783,-0.0875769,0.0966590969793604,0.636334,629.442,0.140581,0.100049,0.242076,1
0.00962425,4,-0.288779,0.0562407,0.0137151,10,0.266853,0.358738,12.7395,52.8513,39,2.49,143.606,0.27154,0.139882779576209,0.293933,294.322,0.361794,0.10021,0.136072,1
0.0100401,3,-0.0385008,0.0317472,0.0193792,32,0.338455,0.473623,11.6551,51.2207,40,2.23,125.95,0.313367,0.12928402674356,0.248119,293.79,0.400215,0.100317,0.0675263,1
0.0121172,2,0.127342,0.0110078,0.0125932,21,0.296633,0.33012,11.8335,80.6018,41,4.53001,426.172,0.0924776,0.0890852082032483,0.595435,441.584,0.18582,0.100153,0.140748,1
0.0252093,1,0.235311,0.0345536,0.0232371,16,0.225003,0.127059,11.4572,75.8598,42,5.71004,614.842,-0.0485519,0.138199574068606,0.640443,512.653,0.121079,0.100035,0.298146,1
0.025205,1,0.293918,0.0566913,0.0238368,24,0.306397,0.292004,10.2373,73.1627,43,2.2,220.93,0.0528375,0.13917133821555,0.239893,300.467,0.325853,0.100304,0.0664981,1
0.0020238,3,-0.246381,0.0107796,0.0164463,9,0.375668,0.229034,10.4295,23.3969,44,2.67,67.1846,0.0144856,0.226507873227793,0.329885,326.489,0.342088,0.100134,0.139165,1
0.0262865,2,-0.00758051,0.00884524,0.0236922,25,0.498412,0.427358,14.5327,87.2617,45,1.95,276.747,-0.12075,0.135129629407482,0.495104,286.535,0.310113,0.100256,0.0589105,1
0.0107564,3,-0.282977,0.00698768,0.0239466,22,0.421458,0.446711,10.3891,111.554,46,3.58,498.101,0.310248,0.117296675634407,0.547098,396.719,0.220183,0.100218,0.193443,1
0.0265869,4,0.166843,0.017387,0.0153934,20,0.157145,0.397072,12.4834,63.8462,47,8.6801,408.563,0.146822,0.0946318783386468,0.679511,700.851,0.15332,0.100012,0.24922,1
0.00444495,2,0.0834545,0.074733,0.0199112,12,0.242929,0.392572,7.80592,61.8124,48,3.15,196.639,0.0511833,0.145202598522585,0.124191,349.368,0.309063,0.100224,0.0388412,1
0.0145621,4,0.200823,0.0259929,0.0148554,12,0.24354,0.33114,6.46983,122.958,50,6.41005,792.18,-0.501896,0.0952464661486807,0.440677,563.195,0.152406,0.100092,0.232682,1
0.0062119,3,-0.119541,0.00703888,0.0242203,28,0.333706,0.105625,14.5679,119.585,51,7.47008,1551.63,0.00647039,0.123088780912685,0.804755,665.812,0.0756079,0.100002,0.361371,1
0.0221771,1,-0.113143,0.0662503,0.0124666,27,0.177807,0.168875,7.084,84.4659,52,8.5401,716.466,0.366522,0.140067019355182,0.513303,707.212,0.115746,0.100081,0.262148,1
0.00759175,3,0.202824,0.078551,0.0146354,15,0.408839,0.112235,5.27023,118.313,53,3.02,608.508,0.608676,0.317769208273226,0.146085,363.218,0.190826,0.100047,0.118073,1
0.0180588,1,-0.159569,0.0414957,0.022861,22,0.412049,0.123156,12.2695,117.549,54,2.84,652.752,-0.672583,0.161471691649893,0.542691,343.922,0.176912,0.100142,0.190409,1
0.0064565,2,-0.0563298,0.0532461,0.0156575,23,0.36055,0.418646,8.04085,28.3378,55,2.48,78.7023,-0.0842026,0.179099666165958,0.12821,311.143,0.353623,0.100113,0.0490982,1
0.0272232,4,0.0390083,0.0758059,0.01572,19,0.419767,0.270655,13.6246,37.3249,56,1.46,102.529,-0.137798,0.239969836567685,0.273781,250.021,0.359187,0.100578,0.0551838,1
0.0160406,2,-0.0900137,0.0204403,0.0172767,28,0.218462,0.381918,7.75863,78.0278,57,6.40005,380.418,-0.199348,0.0887474802852552,0.394231,555.694,0.201276,0.100031,0.148298,1
0.0105303,1,-0.0468915,0.0213007,0.015891,25,0.308937,0.228478,10.3496,24.5537,58,2.54,56.1853,0.0741115,0.159080060335997,0.168932,280.469,0.429523,0.10019,0.0547594,1
0.0130507,2,0.110513,0.0247996,0.0202065,12,0.356854,0.422192,13.1456,46.9914,59,1.98,119.876,0.165357,0.140850810114399,0.310955,268.811,0.385404,0.100222,0.0522448,1
0.0278742,1,-0.0953433,0.0632088,0.0102366,19,0.207322,0.218688,5.94297,125.384,60,7.74008,962.105,0.16701,0.141228937771464,0.422756,672.913,0.127998,0.100118,0.251144,1
0.00821856,1,-0.295883,0.0347651,0.0172454,20,0.238169,0.416559,12.3618,75.8197,61,4.01,285.877,0.234794,0.109337665957534,0.465525,421.263,0.260661,0.100185,0.18393,1
0.0174821,1,0.091982,0.05178,0.0199104,18,0.296795,0.127076,8.02859,95.8855,62,4,560.442,-0.360638,0.156529073754937,0.38938,413.687,0.168089,0.100149,0.185054,1
0.0108198,2,-0.0430836,0.0501545,0.0104747,32,0.271753,0.116806,6.51693,39.7652,63,4.46001,175.109,-0.0980906,0.214523011545663,0.231958,430.45,0.223043,0.100121,0.12893,1
0.014551,2,0.0168154,0.0553697,0.0216285,20,0.21821,0.484815,12.6298,58.9244,64,3.27,203.002,0.0407469,0.11542010003855,0.367721,370.699,0.285201,0.100158,0.0835747,1
0.000776244,3,-0.198853,0.0713065,0.024914,19,0.163082,0.181876,14.0958,43.6128,65,4.80001,218.762,0.453415,0.119778684057179,0.543328,449.345,0.195777,0.100104,0.20424,1
0.0247489,3,0.287493,0.0526327,0.0143201,15,0.186837,0.457572,7.33022,59.6899,66,4.43001,217.653,0.10679,0.164377078469671,0.253779,433.295,0.269579,0.100203,0.144176,1
0.026381,2,0.103006,0.0419417,0.0209973,13,0.23325,0.159768,5.8726,113.397,67,9.07011,1241.1,-0.0400271,0.12038299369817,0.544512,765.477,0.0896555,0.100026,0.321957,1
0.0291555,3,-0.171036,0.076189,0.0232655,22,0.326629,0.276793,8.51506,98.5924,68,3.52,472.517,-0.16936,0.155915357745865,0.403864,418.845,0.204949,0.100127,0.190981,1
0.0221559,2,0.220201,0.0518737,0.0162298,15,0.305129,0.486401,10.1286,112.72,69,2.26,315.205,0.193317,0.159597288148346,0.213407,305.288,0.351867,0.1003,0.0541481,1
0.0253336,2,-0.0740041,0.0480909,0.0202106,8,0.233754,0.351639,10.8735,23.0716,70,2.94,59.5449,0.0134292,0.14060426418143,0.197763,311.033,0.381319,0.10032,0.0894537,1
0.0293251,4,0.00649244,0.0764356,0.0197683,15,0.431258,0.124841,11.7556,49.7161,71,1.72,160.23,-0.0306676,0.246596915307542,0.296495,268.321,0.305556,0.100385,0.071887,1
0.00614378,1,-0.161944,0.00826947,0.0211336,31,0.44592,0.335504,13.4824,102.858,72,3.11,479.153,-0.0733835,0.136889928454357,0.62038,370.421,0.21062,0.100015,0.139816,1
0.00795226,4,0.16739,0.0685164,0.0228764,18,0.214972,0.338867,13.202,127.344,73,3.59,560.364,-0.0252288,0.140728240386927,0.518602,396.959,0.223124,0.100085,0.152513,1
0.0104287,2,0.0943334,0.0558094,0.0148292,12,0.332854,0.222652,10.2248,122.326,74,2.63,476.639,-0.183953,0.12298481574519,0.340856,316.019,0.252585,0.100325,0.110285,1
0.0156665,2,0.0255459,0.0220131,0.0247041,11,0.280357,0.440234,9.96381,121.331,75,4.64001,598.373,0.151546,0.0879045368609476,0.492961,448.596,0.199181,0.100133,0.152293,1
0.000800186,1,-0.0276079,0.0231904,0.010341,27,0.331007,0.105725,5.60016,104.561,76,7.53008,1164.42,0.50087,0.131246273373572,0.519302,636.872,0.0881706,0.100091,0.253161,1
0.0244923,4,-0.0134578,0.0433898,0.0174819,21,0.47988,0.283143,5.20105,131.462,77,3.02,458.618,0.0429428,0.155282602332917,0.124744,366.415,0.282064,0.100306,0.0687069,1
0.00171162,1,0.0624804,0.00595848,0.0132087,12,0.351894,0.158787,6.91424,64.171,78,13.0502,990.507,-0.243667,0.0913069121778678,0.785061,1021.18,0.0635843,0.100046,0.261136,1
0.0157036,1,0.132509,0.0529463,0.0144129,11,0.221855,0.124437,8.6382,27.5931,79,3.52,95.9785,0.307611,0.116584273193828,0.215155,361.425,0.282078,0.100017,0.120686,1
0.000345282,3,-0.120058,0.00961972,0.0143508,17,0.429989,0.154693,10.6603,86.6437,80,4.68001,625.858,0.193444,0.128372056703707,0.671155,466.625,0.135976,0.100123,0.200011,1
0.0291603,2,-0.095812,0.0745379,0.0127839,15,0.288249,0.194879,8.77546,114.418,81,3.48,514.038,-0.168707,0.164961961728076,0.349787,384.105,0.218772,0.10019,0.144854,1
0.0268619,2,0.0910855,0.0694979,0.0194903,13,0.40415,0.161417,10.9616,97.0093,82,1.81,313.586,-0.199457,0.195210221408693,0.258519,274.102,0.304746,0.100418,0.0996912,1
0.0185681,1,0.0513174,0.0187343,0.0103347,32,0.200001,0.440226,9.30463,54.5154,83,4.97002,195.908,-0.120224,0.0882652328521021,0.319384,458.167,0.273517,0.100196,0.101465,1
0.0226608,4,0.0654829,0.033192,0.0171357,27,0.182356,0.210777,12.4331,121.915,84,14.3302,1850.89,-0.163992,0.0890679210624638,0.822764,1218.92,0.0646316,0.100023,0.405727,1
0.025226,4,0.224875,0.0624452,0.0209897,22,0.166082,0.193081,5.16051,38.9674,85,8.7001,268.181,0.309942,0.11208171778101,0.415564,733.048,0.142639,0.100068,0.244629,1
0.00873895,4,0.00915459,0.0460575,0.0126925,25,0.328376,0.286679,8.95289,56.7492,86,2.54,151.302,0.306571,0.158766602451506,0.15628,312.176,0.369378,0.100389,0.0430251,1
0.00578336,1,-0.231285,0.0276328,0.0145309,10,0.346771,0.437662,5.03919,84.9198,87,4.99002,342.843,0.34783,0.111160228630807,0.236871,476.081,0.24344,0.100186,0.174411,1
0.00111398,4,0.0206324,0.0640102,0.0208511,16,0.266749,0.270583,7.1983,63.0375,88,3.43,206.889,0.118558,0.136520197453783,0.131176,366.232,0.299025,0.100041,0.0446983,1
0.00808891,1,-0.246785,0.0168024,0.0153745,31,0.470371,0.229463,10.2497,67.6172,89,2.01,186.753,-0.247532,0.210268053144142,0.281621,275.838,0.355673,0.100136,0.123403,1
0.025495,3,-0.165933,0.0788992,0.0163406,28,0.374647,0.434013,14.0714,72.7786,90,1.8,225.647,0.239387,0.170801347876361,0.367292,295.41,0.317885,0.100468,0.119072,1
0.0230828,2,0.211224,0.0357822,0.0219892,11,0.175654,0.237747,8.22241,88.1898,91,8.4701,705.681,-0.231733,0.103121691460529,0.59291,684.798,0.122693,0.100079,0.309296,1
0.0189161,1,-0.0973877,0.0479309,0.0146597,32,0.459046,0.123392,14.8739,37.0285,92,1.32,87.2831,0.346482,0.268293493026289,0.269557,231.717,0.417759,0.100381,0.0656093,1
0.00365847,2,-0.26935,0.105969,0.0225125,24,0.486441,0.463355,6.18995,72.6086,2,2.27,253.159,0.826327,0.28302783474682,0.135114,864.602,0.28228,0.100327,0.0856475,1
0.00599931,2,-0.211301,0.146461,0.0106175,28,0.4379,0.440621,6.24145,104.968,3,2.3,396.848,0.280156,0.248424819687779,0.143602,875.481,0.259764,0.10011,0.0925208,1
0.0215871,1,0.261238,0.125266,0.0230788,23,0.451815,0.406369,11.095,27.1597,4,1.15,66.6643,0.118823,0.215109664883688,0.0949886,633.492,0.403002,0.100834,-0.00902367,1
0.000371986,1,0.11684,0.112497,0.0162738,10,0.475038,0.270133,11.8179,59.683,5,1.11,126.594,-0.405113,0.17540343926832,0.0966843,608.528,0.464159,0.100359,0.0310211,1
0.0151546,2,0.0896358,0.102917,0.0225641,18,0.203096,0.480252,10.5748,23.7621,6,2.78,72.5863,-0.119474,0.148271473910726,0.241006,854.658,0.322269,0.10035,0.0647095,1
0.0251656,4,0.227217,0.148734,0.0124226,16,0.266504,0.153799,11.4949,111.601,7,2.24,496.034,-0.170631,0.320101516450666,0.390288,787.529,0.221388,0.100306,0.176725,1
0.00990419,4,-0.115014,0.115717,0.0222509,18,0.178205,0.274043,7.58347,99.7467,8,5.43003,617.248,-0.199894,0.142853182483299,0.405689,1307.58,0.158753,0.100142,0.18728,1
0.0193536,3,0.115788,0.091888,0.0129103,24,0.228276,0.231795,13.0094,32.6606,9,2.76,122.724,0.182041,0.19648066326591,0.41317,842.264,0.261441,0.10014,0.114314,1
0.0187485,3,0.127715,0.105755,0.0157649,30,0.462122,0.468542,9.58679,52.4124,10,1.5,149.844,0.406706,0.23093919515167,0.15255,707.093,0.34486,0.100503,0.0238819,1
0.00551532,1,0.174653,0.0919691,0.0234371,20,0.169808,0.176932,11.1261,104.346,11,4.89002,623.009,-0.650804,0.146883516774829,0.553151,1176.31,0.164448,0.100087,0.254935,1
2.28212e-05,2,0.224161,0.0952253,0.0156825,23,0.253669,0.258076,10.2715,115.383,12,2.58,420.611,0.263469,0.167837959653284,0.309208,858.469,0.269379,0.1001,0.11265,1
0.0133724,2,0.0165661,0.126403,0.0219977,11,0.271979,0.132901,11.4656,24.928,13,1.84,77.8941,0.42239,0.310846307702575,0.14918,683.377,0.313953,0.100003,0.0608725,1
0.0193194,2,0.116632,0.12598,0.0132637,23,0.17915,0.316483,6.60987,42.6766,14,4.29,184.654,0.251465,0.166057240028164,0.228222,1098.78,0.227051,0.100144,0.116949,1
0.0293379,1,-0.00516479,0.10942,0.0249548,22,0.289395,0.479764,11.6424,94.5778,15,2.31,357.923,0.118155,0.145823239517803,0.325342,780.211,0.260107,0.100342,0.0900818,1
0.00295048,2,-0.149603,0.122995,0.0164932,31,0.336876,0.39212,13.5782,22.4663,16,1.49,51.7374,-0.0131318,0.166221553276015,0.219919,666.342,0.427656,0.100392,0.072364,1
0.0251976,3,-0.179001,0.104582,0.0231963,30,0.449876,0.208144,9.93552,41.0614,17,1.7,115.678,0.063076,0.269775751206268,0.231102,708.487,0.348351,0.100038,0.0957233,1
0.0182067,3,-0.0904487,0.133804,0.0114007,12,0.342656,0.44117,14.2837,77.5345,18,1.32,207.011,0.233631,0.229026979663763,0.192598,620.925,0.368265,0.100228,0.0618769,1
0.0229564,2,-0.112788,0.118982,0.0235393,17,0.238137,0.32917,10.3288,99.689,19,3.1,446.652,-0.198791,0.173173636267712,0.369438,920.872,0.219236,0.10013,0.154775,1
0.02361,1,-0.112531,0.133009,0.0238652,24,0.47562,0.372589,14.5619,70.0756,20,1.1,191.722,0.185307,0.255397681498593,0.25326,626.019,0.360561,0.100557,0.0754822,1
0.0207231,1,-0.0846964,0.119613,0.0134789,18,0.264777,0.354829,5.64492,36.1016,21,3.73,151.13,0.315483,0.206745490984589,0.112022,1043.88,0.234775,0.100186,0.0592549,1
0.0214422,1,0.26242,0.147594,0.0115,27,0.336757,0.428004,13.6267,94.2852,22,1.31,280.709,-0.12974,0.192890805938854,0.244713,654.446,0.329865,0.100111,0.065495,1
0.00841503,4,0.0378404,0.146804,0.0188059,30,0.41277,0.115181,9.75151,46.2517,23,1.68,161.972,0.256413,0.3567216044385,0.224875,717.199,0.28033,0.100072,0.0939199,1
0.0193839,1,0.237337,0.111582,0.0163331,14,0.153856,0.276704,14.017,94.8217,24,3.08,374.009,0.0370871,0.129788095222361,0.463749,904.504,0.249062,0.100141,0.18267,1
0.0254518,1,-0.158003,0.084084,0.0212754,11,0.244481,0.226411,5.49332,131.714,25,5.33003,725.065,0.291725,0.136534356549282,0.25377,1309.45,0.178354,0.100083,0.17324,1
0.0270562,3,0.122132,0.128207,0.0238337,31,0.287137,0.399363,7.69626,65.8124,1,2.99,254.963,-0.387298,0.147433401205494,0.287965,931.708,0.254003,0.100309,0.110445,1
0.0210503,1,0.0528287,0.139399,0.0195388,28,0.200022,0.25725,9.33902,121.957,2,3.96,661.611,-0.550619,0.135851093787614,0.444203,1074.11,0.180834,0.100002,0.177726,1
0.0243982,2,-0.0483751,0.114269,0.0151835,11,0.366172,0.205246,6.17789,113.567,3,2.8,455.686,0.301986,0.191116127212695,0.133953,925.911,0.245223,0.100301,0.0781763,1
0.015614,3,0.0274629,0.101604,0.0229064,12,0.387345,0.206593,10.9467,77.4112,4,1.58,209.818,0.174221,0.207649718172625,0.153796,682.578,0.363481,0.100427,0.0389362,1
0.0112974,4,-0.287548,0.10888,0.0161019,13,0.283641,0.114292,5.80503,74.8972,5,3.95,380.329,0.0316129,0.27691914930433,0.201766,1071.14,0.193461,0.100142,0.157286,1
0.028737,2,-0.0717572,0.135784,0.0119053,18,0.484355,0.467395,5.3132,28.3798,6,2.34,91.7485,-0.144774,0.308155894345865,0.0663872,864.736,0.304545,0.100363,0.051596,1
0.0157343,1,0.117719,0.136838,0.0137568,28,0.35622,0.177413,11.5405,114.183,7,1.59,364.165,0.505005,0.251410715829374,0.238542,701.551,0.307908,0.100104,0.0916968,1
0.0112182,2,-0.0245241,0.0851041,0.016488,17,0.365931,0.496996,6.45489,84.1353,8,2.72,277.015,0.190224,0.17352638178746,0.0933976,876.364,0.298042,0.100031,0.0307071,1
0.00755298,3,-0.171815,0.130268,0.0195438,11,0.241204,0.191018,14.8432,92.6134,9,1.96,293.081,0.180969,0.196920885553277,0.32673,712.387,0.311425,0.100461,0.116937,1
0.0208527,2,-0.024974,0.140922,0.0199864,30,0.454632,0.279291,5.60549,121.609,10,2.63,561.802,-0.306268,0.244263903927855,0.181412,952.764,0.212756,0.100191,0.0967128,1
0.0148779,2,-0.0040022,0.086043,0.0238574,12,0.15844,0.17088,10.7001,80.4434,11,5.68004,498.087,0.438504,0.161898295415296,0.514567,1269.2,0.158639,0.100128,0.182696,1
0.0239531,1,-0.180162,0.149268,0.0173559,31,0.213679,0.442959,6.33324,46.4259,12,3.94,172.093,-0.140997,0.126536191542297,0.205643,1069.4,0.265295,0.100245,0.102612,1
0.00422831,1,0.229525,0.081455,0.0125837,25,0.285223,0.474043,5.46703,130.414,13,3.74,515.28,0.148846,0.16072941519399,0.149669,1068.4,0.248302,0.100007,0.0763323,1
0.0124058,3,-0.069581,0.117487,0.0135019,12,0.329704,0.341255,5.48205,51.8791,14,3.23,229.698,0.167342,0.239414161645735,0.0928344,980.139,0.221888,0.100145,0.0542776,1
0.0118715,1,0.0265415,0.111891,0.0124056,29,0.355621,0.374862,10.7372,25.5703,15,1.67,65.4684,0.14662,0.178910338539699,0.148338,685.004,0.384031,0.100229,0.0201918,1
0.0266499,3,0.0832254,0.123144,0.0221983,31,0.447549,0.125913,10.3906,23.2861,16,1.64,70.0676,-7.62371,0.262416746007047,0.276363,715.125,0.327888,0.100572,0.0651426,1
0.00419804,4,0.295316,0.10047,0.0141095,8,0.334439,0.247534,12.7607,29.4883,17,1.36,71.7148,0.305755,0.210104580844436,0.152653,634.685,0.40575,0.100588,0.0378447,1
0.0112484,3,0.0111472,0.0835041,0.0180553,29,0.255825,0.368825,6.84709,57.3719,18,3.97,235.833,-0.00282137,0.136770418918421,0.225678,1068.69,0.238991,0.100142,0.085657,1
0.000612902,1,0.0467025,0.145308,0.0214111,29,0.378932,0.451972,10.4811,100.079,20,1.72,343.546,0.207063,0.17742049020825,0.247205,735.646,0.28733,0.100543,0.0690277,1
0.0062461,4,-0.234094,0.128824,0.0164699,14,0.425359,0.179603,11.917,69.1989,21,1.31,181.368,-0.140233,0.333675971636542,0.165353,645.508,0.374657,0.100098,0.0949705,1
0.017267,1,-0.0177141,0.0810951,0.0233864,14,0.379835,0.379359,14.5981,58.0281,22,1.31,126.339,0.205848,0.158460084246751,0.177939,620.346,0.450958,0.100084,0.0269614,1
0.0291463,2,0.080232,0.0981414,0.0139279,9,0.496553,0.423891,10.6661,54.4005,23,1.24,131.624,0.786583,0.211239588710907,0.105129,633.963,0.406851,0.100346,0.0332789,1
0.014838,2,0.220868,0.14047,0.024991,31,0.264928,0.182297,12.4092,82.8073,24,2.31,352.556,0.207191,0.234175456860307,0.439751,806.339,0.230468,0.100023,0.160099,1
0.00352353,1,-0.121794,0.0853292,0.0145059,26,0.191164,0.207048,10.6908,31.1874,25,3.73,120.388,-0.135351,0.134023256222747,0.344858,960.445,0.254829,0.100273,0.117369,1
0.0167845,2,0.0806705,0.109792,0.0240348,27,0.237192,0.479644,6.32592,58.2703,26,4.11,248.791,0.267144,0.126960431404949,0.238483,1117.8,0.230176,0.100179,0.100871,1
0.023827,1,-0.108063,0.131495,0.014853,10,0.376371,0.418497,12.8255,127.396,27,1.34,315.15,-0.28132,0.16278953800504,0.170606,648.005,0.397494,0.100236,0.0618571,1
0.003906,1,0.0640741,0.14253,0.0137741,28,0.350538,0.106801,10.6131,103.077,28,1.69,345.652,0.319368,0.325045248627361,0.203925,719.739,0.293362,0.10028,0.100023,1
0.00903279,1,0.212783,0.120524,0.017969,23,0.26167,0.494551,14.7751,33.3819,29,1.68,97.0013,0.196401,0.172238956097846,0.308912,696.604,0.339666,0.100612,0.0653948,1
0.0168308,4,0.252799,0.135681,0.0127705,20,0.448962,0.102279,9.30285,118.692,30,1.43,407.567,0.378981,0.553746506303691,0.146728,711.187,0.286352,0.100233,0.0826992,1
0.0195712,4,0.159389,0.123335,0.0122386,11,0.44134,0.218346,14.9094,34.1856,31,0.939999,71.9284,0.163898,0.325148379922449,0.12702,586.865,0.469795,0.100762,0.0247692,1
0.0286373,1,-0.172636,0.115266,0.0240358,32,0.357398,0.475386,7.82775,51.8601,32,2.48,159.941,-0.304712,0.156722514224593,0.214473,841.677,0.319124,0.100327,0.104006,1
0.000737688,4,0.200258,0.145957,0.0217925,22,0.278643,0.248792,5.19905,75.8208,33,3.56,394.345,-0.154195,0.213325575570343,0.163791,1053.59,0.189133,0.100274,0.103577,1
0.0244564,1,0.0466129,0.106446,0.0117528,11,0.353941,0.331621,9.45193,66.3344,34,1.81,188.621,0.0157527,0.152642113861234,0.103638,715.978,0.345403,0.100117,0.0325428,1
0.019754,1,-0.056824,0.147488,0.0228599,12,0.191409,0.152717,14.7639,85.1089,35,2.34,328.536,-0.0334373,0.247738009539805,0.379298,776.19,0.255022,0.10035,0.119501,1
0.00790809,2,-0.190593,0.112747,0.0167979,11,0.452263,0.377331,5.35061,32.6018,36,2.67,120.181,0.620772,0.297461421693826,0.107833,913.645,0.267194,0.100404,0.0831144,1
0.0295808,3,-0.173337,0.101241,0.0110435,23,0.470367,0.324863,7.03513,70.5331,37,2.13,236.692,0.275668,0.321057177439227,0.15949,812.38,0.293121,0.100269,0.0995882,1
0.00213958,3,0.138456,0.149789,0.0218162,9,0.371089,0.373017,6.25485,122.039,38,2.26,473.702,-0.31447,0.150554301757733,0.0728273,849.936,0.253212,0.100189,0.019103,1
0.0156894,2,-0.177739,0.0925242,0.0155384,13,0.175284,0.470911,13.2574,28.5567,39,2.85,92.87,-0.00954015,0.167150335212889,0.283095,813.467,0.302813,0.100386,0.0958639,1
0.00789962,3,0.144094,0.108439,0.0194266,20,0.484957,0.377401,6.78873,126.953,40,1.81,368.79,-0.717066,0.214318360476185,0.0598198,753.102,0.338144,0.100131,0.0347309,1
0.000868838,4,-0.195873,0.0972305,0.0141358,22,0.354501,0.376452,8.70809,35.2788,41,2.18,106.865,0.422676,0.201506838949416,0.159063,785.615,0.324835,0.100304,0.0812499,1
0.0127987,2,0.0125674,0.117672,0.0212222,18,0.438266,0.113552,11.1435,43.8021,42,1.35,119.159,0.360225,0.371951408796884,0.136844,639.533,0.36282,0.100613,0.05056,1
0.0122917,4,0.032339,0.149182,0.0181512,31,0.312119,0.40023,14.2729,39.2573,44,1.63,117.473,0.172122,0.172920435143856,0.330856,702.312,0.329889,0.100627,0.0547864,1
0.00206505,4,0.123677,0.0865019,0.0129459,29,0.404064,0.498239,8.69161,88.4773,45,1.85,243.074,0.614582,0.189909167173713,0.127832,754.15,0.358918,0.100516,0.0284285,1
0.0207112,3,-0.173497,0.122174,0.0141953,17,0.307312,0.196872,14.2522,95.9937,46,1.89,334.296,0.0226133,0.260476234085855,0.373337,724.923,0.282219,0.100186,0.140265,1
0.00335312,3,-0.226264,0.0844369,0.0219453,10,0.212867,0.172061,11.121,27.7472,47,2.75,87.1887,-0.40965,0.189019816132865,0.207324,800.417,0.312203,0.100002,0.0952173,1
0.0284544,4,0.0784827,0.148318,0.0171998,32,0.246967,0.126215,10.2755,80.452,48,4.55001,587.828,0.57911,0.176995642307,0.624703,1235.68,0.134464,0.10015,0.197002,1
0.0208091,1,-0.227265,0.131638,0.0220827,24,0.150704,0.121821,7.48973,28.9781,49,4.80001,132.409,0.215124,0.155544367100015,0.291305,1163.7,0.215028,0.100155,0.159375,1
0.0245418,3,0.0275787,0.0884579,0.0163729,17,0.364572,0.439028,14.2523,90.6017,50,1.47,227.623,-0.0934845,0.205737454141354,0.243935,667.447,0.391934,0.100374,0.0393583,1
0.00828085,1,-0.168939,0.143467,0.0103047,10,0.492822,0.17926,8.21174,64.9495,51,1.58,206.067,0.158476,0.267100012046527,0.12834,735.4,0.309607,0.100132,0.0933806,1
0.000678507,4,0.277937,0.139924,0.0102282,9,0.402498,0.456868,12.0093,32.2234,52,1.09,78.9122,0.0750738,0.231615387269268,0.076887,613.432,0.401223,0.100159,0.0123485,1
0.000592077,1,0.189007,0.0846557,0.0224623,19,0.217564,0.180173,13.2487,55.7543,53,2.54,191.502,0.335664,0.170931262794058,0.367272,803.363,0.286149,0.100189,0.128804,1
0.00393126,2,-0.00430262,0.115898,0.0120358,19,0.213868,0.400112,12.11,119.182,54,2.63,423.867,0.430991,0.159485049728466,0.311494,837.729,0.276435,0.100217,0.0907241,1
0.000936977,3,-0.0678978,0.0951937,0.0243449,17,0.230613,0.462567,13.2794,63.5317,55,2.55,222.564,0.382944,0.157459981486571,0.343929,803.22,0.280483,0.100162,0.0990191,1
0.00630382,4,-0.172791,0.130677,0.0165091,16,0.180914,0.135168,10.5189,121.456,56,4.31,760.777,0.585496,0.218353867736768,0.489686,1119.23,0.156757,0.100091,0.244362,1
0.00504164,3,-0.115563,0.110692,0.0110099,23,0.377079,0.341118,11.0984,90.0657,58,1.63,242.796,-0.674333,0.216605950597507,0.178084,704.903,0.366206,0.100633,0.0817431,1
0.0133436,3,0.241018,0.090135,0.0220854,21,0.393499,0.20893,13.9108,94.4695,59,1.33,264.989,-0.10658,0.264333543590559,0.259974,634.627,0.352091,0.100675,0.0433002,1
0.0229693,2,0.0909726,0.117282,0.0105001,26,0.216095,0.413002,5.39895,69.7982,60,4.63001,327.534,-0.127268,0.143929417537299,0.182278,1182.25,0.209456,0.100193,0.115032,1
0.0256114,3,0.16233,0.149461,0.0100107,28,0.2746,0.270261,9.80182,93.8326,61,2.48,392.006,0.314999,0.208924995525736,0.350665,873.988,0.235109,0.100124,0.131672,1
0.0158368,1,0.278609,0.133259,0.0184522,15,0.269639,0.225036,6.554,30.6527,62,2.71,120.139,0.43436,0.208822335376402,0.11691,879.814,0.250846,0.10022,0.068787,1
0.0223011,2,-0.1586,0.108712,0.0223455,11,0.153534,0.329901,5.85021,108.322,63,6.44005,637.2,0.200254,0.143767569116287,0.2729,1439.77,0.166988,0.100133,0.166757,1
0.000956264,3,-0.185297,0.147238,0.0137399,25,0.335487,0.260596,10.4483,67.432,64,1.8,210.516,0.661799,0.22468967567312,0.206429,739.918,0.314349,0.100037,0.100872,1
0.0117454,2,0.261383,0.0825824,0.0212904,11,0.194668,0.229758,5.21092,42.9868,65,5.12002,210.891,-0.00418045,0.168196145497648,0.18339,1235.68,0.200174,0.100106,0.124671,1
0.00828674,4,-0.00215016,0.11313,0.0240003,28,0.381676,0.302837,10.4156,76.7133,66,1.97,282.101,-0.130895,0.188356378197842,0.288731,776.353,0.267502,0.100275,0.0871315,1
0.0185339,3,0.0518285,0.132748,0.0122951,9,0.263821,0.290876,13.9419,22.7479,67,1.49,53.903,0.0902958,0.23539267768728,0.139272,644.648,0.416456,0.100594,0.0509662,1
0.00623808,3,0.0703863,0.123607,0.0244798,29,0.339441,0.435699,6.65405,31.4583,68,2.65,100.017,0.0729434,0.159648912506452,0.144166,886.698,0.30951,0.10031,0.0416101,1
0.022318,3,0.0385879,0.123506,0.0164022,12,0.407455,0.269791,12.2325,103.754,69,1.31,270.656,-0.528236,0.215571070573367,0.163466,658.836,0.376287,0.100061,0.0348651,1
0.0254703,4,-0.272984,0.0831399,0.0239547,20,0.467106,0.171198,6.629,54.3487,70,2.34,183.325,0.309923,0.330510077854625,0.157587,839.334,0.291326,0.100171,0.100284,1
0.019614,2,0.163208,0.0963097,0.0193498,8,0.265276,0.138407,12.1727,49.1085,71,2.03,153.832,0.104369,0.202821817594873,0.256921,730.6,0.314152,0.100314,0.106191,1
0.0146486,3,-0.178486,0.0962201,0.0220134,31,0.181436,0.306854,13.3973,118.917,72,6.23005,849.759,0.316228,0.0974098750568083,0.687885,1419.23,0.137388,0.100077,0.266094,1
0.0250369,3,-0.122618,0.10895,0.0128499,22,0.497527,0.283548,13.2211,79.359,73,1.17,204.105,0.525287,0.322252023954576,0.224003,641.209,0.384279,0.100747,0.0882421,1
0.0198714,4,-0.291224,0.144177,0.0117828,28,0.226016,0.432419,6.62959,124.17,74,4.35,605.093,-0.0928484,0.150884031026156,0.326562,1153.89,0.201634,0.100161,0.188954,1
0.00347155,3,0.279363,0.143801,0.0149296,9,0.412906,0.462361,8.7823,33.7004,75,1.4,89.9623,-0.034845,0.221842392672805,0.0451158,682.841,0.367585,0.100026,0.0213642,1
0.0138875,4,-0.0789069,0.148282,0.0201617,25,0.2286,0.183754,10.8586,41.5596,76,3.01,178.052,-0.476054,0.179958690965455,0.414255,910.649,0.229304,0.100143,0.129335,1
0.0170438,1,0.164732,0.121252,0.0223782,10,0.231353,0.142375,6.90904,124.968,77,3.64,665.139,0.453563,0.166964659364622,0.25811,1047.68,0.184676,0.100197,0.175649,1
0.0118859,4,0.260045,0.103944,0.0126265,22,0.441404,0.267575,13.8325,91.1832,78,1.04,212.85,-0.260944,0.292605808361125,0.157332,607.167,0.420799,0.10013,0.0247257,1
0.00958779,2,0.0978189,0.0837226,0.0103904,12,0.251183,0.43586,6.78255,75.1379,79,3.34,259.2,0.176502,0.156009446926547,0.104485,952.976,0.284863,0.100171,0.0329037,1
0.0212887,3,0.160414,0.136999,0.0214414,23,0.232167,0.355736,5.42823,97.8882,80,4.49001,537.634,0.29169,0.14662340634702,0.266419,1189.05,0.178648,0.10002,0.152812,1
0.0197962,4,-0.228473,0.0882383,0.0242823,11,0.238804,0.33709,9.00329,84.2028,81,3.53,338.721,-0.151439,0.160961569956969,0.306396,972.535,0.244468,0.100247,0.154356,1
0.00149007,2,0.238257,0.125437,0.0223473,8,0.178183,0.114725,6.00833,81.85,82,4.56001,491.317,0.177007,0.178513316856561,0.253653,1182.37,0.163606,0.100109,0.204701,1
0.0131346,3,-0.109978,0.0995153,0.0175642,29,0.187443,0.415008,11.3141,88.1258,83,4.46001,429.453,0.183104,0.102673513601857,0.501707,1111.6,0.201492,0.100092,0.155026,1
0.01871,3,-0.27947,0.104002,0.0122478,17,0.22517,0.222997,7.7529,67.2657,84,4.03,313.097,-0.267288,0.209502833391478,0.301344,1083.89,0.210805,0.100022,0.185493,1
0.00450088,3,0.227936,0.11938,0.0166199,14,0.202112,0.373082,12.3299,34.6537,85,2.15,113.259,-0.0019451,0.170717230486561,0.256239,748.266,0.300986,0.100277,0.090109,1
0.00853658,4,-0.0573476,0.10422,0.0108382,20,0.434739,0.413361,12.3474,41.4223,86,1.27,103.717,0.072593,0.2546039043421,0.143207,659.486,0.393063,0.100325,0.0417962,1
0.0108843,4,-0.0814331,0.0844788,0.0205527,14,0.185717,0.488116,13.5704,91.8076,87,3.31,333.498,0.0902948,0.139164411906958,0.40249,912.113,0.270893,0.10031,0.118319,1
0.0254832,3,0.0866991,0.0828188,0.011652,15,0.313602,0.261929,5.43337,40.1205,88,3.61,165.79,-0.0328081,0.243369296477542,0.114371,1034.07,0.237887,0.100206,0.0573027,1
0.0171655,4,0.172883,0.0979016,0.0191566,20,0.176814,0.153832,14.6078,80.0954,89,5.26003,579.36,-0.324048,0.167096863392036,0.694931,1256.32,0.135807,0.100136,0.29061,1
0.00168923,2,-0.231042,0.148048,0.0191093,12,0.291376,0.454202,14.4075,46.5522,90,1.45,131.057,0.241687,0.225546680706872,0.208528,646.481,0.349788,0.100382,0.0861468,1
0.0135149,3,0.19674,0.117985,0.0187874,27,0.440887,0.436021,7.89454,108.21,91,1.74,343.985,0.427686,0.237130938341378,0.125413,763.578,0.308695,0.10003,0.0373924,1
0.0186198,1,-0.054142,0.105501,0.0204583,22,0.452121,0.17256,10.3263,94.738,92,1.5,254.564,0.257811,0.252403812787922,0.165617,689.17,0.365385,0.100082,0.0645329,1
0.0151462,2,-0.0583051,0.121724,0.0126076,25,0.173574,0.119542,11.0512,99.1209,94,5.34003,752.944,0.151444,0.206167155525386,0.586105,1266.5,0.129255,0.100086,0.277053,1
0.0177613,3,0.0402156,0.111774,0.0116063,18,0.368052,0.303559,10.1807,83.9727,95,1.7,235.434,0.285148,0.255024390620753,0.144606,718.478,0.351005,0.100317,0.0469359,1
0.0116223,2,-0.253352,0.100843,0.0132261,28,0.17907,0.309901,6.44927,85.7929,96,6.14005,480.279,-0.173931,0.118030007090457,0.352082,1401.06,0.175348,0.100063,0.204263,1
0.000243621,3,0.258227,0.120955,0.0213269,19,0.172539,0.496662,13.0254,25.4433,97,2.46,78.9605,0.385601,0.147213464066188,0.346775,806.211,0.316108,0.100001,0.122853,1
0.00647848,2,0.0349508,0.0983319,0.0110615,21,0.251318,0.389905,5.01914,35.2486,98,4.47001,156.251,-0.112912,0.179847658787157,0.103567,1168.47,0.221352,0.100022,0.0524963,1
0.010407,4,0.2342,0.0956532,0.0168806,18,0.223237,0.232129,7.06113,99.0128,99,3.75,436.198,-0.0374678,0.188977718516296,0.257912,1022.02,0.222877,0.10009,0.148292,1
0.0151391,3,-0.215489,0.144684,0.0235213,10,0.463425,0.421491,9.73319,27.6623,100,1.38,60.9326,0.196822,0.385422461744201,0.118751,672.068,0.445449,0.100021,0.0802402,1
0.00152449,2,-0.201367,0.0935839,0.0168552,28,0.262838,0.204964,14.4767,84.042,101,2.63,341.139,-0.203468,0.160090577496553,0.464571,846.977,0.242584,0.100375,0.182334,1
0.0297148,2,-0.23908,0.131714,0.0221847,24,0.412385,0.443179,13.0978,83.7686,102,1.44,253.143,0.0788077,0.269958758750743,0.294253,692.63,0.325424,0.100246,0.114384,1
0.0173053,2,0.200616,0.114291,0.0124686,9,0.484488,0.381623,10.2195,125.177,103,1.22,320.189,0.270777,0.185728445829574,0.0955153,653.618,0.383773,0.100066,0.0613389,1
0.0162576,2,0.0823914,0.119877,0.0131739,26,0.328383,0.368211,10.6395,61.0914,104,1.89,202.853,0.225282,0.18206873378278,0.225522,751.16,0.296849,0.100478,0.0585685,1
0.0209937,2,-0.194041,0.0907662,0.0104595,12,0.150278,0.332262,8.48695,102.346,105,5.25003,480.66,0.127171,0.13193238908778,0.329795,1210.41,0.209169,0.100137,0.170879,1
0.0087494,2,0.209061,0.117806,0.0135539,16,0.216881,0.126981,7.73592,28.5349,106,3.01,114.185,0.226098,0.325837378195056,0.178256,896.359,0.245846,0.100283,0.112329,1
0.0226202,1,0.29416,0.0826049,0.0112522,19,0.235587,0.444126,14.0815,22.5472,107,1.83,60.4971,-0.00670502,0.139352024254187,0.252052,689.439,0.367243,0.100445,0.0735437,1
0.00224321,1,-0.110084,0.101445,0.0248308,23,0.39131,0.389902,9.86147,82.7585,108,1.89,259.295,0.300617,0.201107114552021,0.214848,756.949,0.313688,0.100186,0.0953056,1
0.0129146,2,-0.166342,0.0962392,0.0214353,26,0.260688,0.496314,6.59001,115.198,109,4.39001,562.393,-0.290723,0.124292493680915,0.304313,1169.17,0.201108,0.100082,0.17058,1
0.0196151,2,-0.0585276,0.0976007,0.0207469,9,0.318594,0.163142,7.90774,92.042,110,2.79,360.415,0.68154,0.165127602850988,0.215472,890.885,0.251189,0.100265,0.106014,1
0.0205849,2,0.265474,0.142363,0.0167567,17,0.444779,0.280115,6.27995,96.7719,111,1.89,342.93,0.433649,0.328703644846549,0.0506759,814.756,0.278281,0.100524,0.0394547,1
0.0279559,1,-0.25781,0.12787,0.0125485,13,0.392015,0.233404,11.1801,101.039,1,1.54,276.566,0.398589,0.2941597858394,0.194561,291.114,0.358487,0.100026,0.10039,1
0.0257985,1,0.0749418,0.144441,0.0242558,15,0.362759,0.183251,14.9014,44.3415,2,1.16,120.998,0.0730973,0.292898609891399,0.194179,260.092,0.361003,0.100418,0.0510392,1
0.016806,4,0.0525215,0.128171,0.0167924,14,0.449626,0.295065,6.09551,56.5696,3,2.17,208.97,0.433389,0.285698955571632,0.0764092,361.783,0.265989,0.100161,0.0333154,1
0.0243007,4,-0.130999,0.124116,0.0228559,29,0.194874,0.19133,6.0101,38.5542,4,5.13002,163.356,0.0770446,0.130763659400742,0.269894,545.142,0.231708,0.100077,0.148893,1
0.00501267,2,0.0278713,0.134999,0.0117884,32,0.428273,0.29299,12.2031,45.1757,5,1.26,122.741,-0.0599234,0.229837689096912,0.169294,288.079,0.363534,0.100684,0.0309163,1
0.00100636,2,0.118101,0.118562,0.0114836,31,0.495352,0.200822,8.02062,82.5089,6,1.54,240.497,0.707449,0.276662459305397,0.0823371,313.309,0.338472,0.100569,0.0426768,1
0.0139393,4,-0.141724,0.0902781,0.012923,23,0.242215,0.32902,14.2543,44.4762,7,2.6,163.548,-0.083903,0.155483173327703,0.410645,387.328,0.267736,0.100359,0.134439,1
0.0188208,3,0.0348564,0.122101,0.0170586,26,0.273981,0.202919,9.62094,22.2145,8,2.49,69.8875,-0.00385632,0.200497195711289,0.254248,349.514,0.312035,0.100069,0.0612076,1
0.0197883,1,0.208006,0.130589,0.0177193,26,0.30596,0.393474,11.5579,123.432,9,1.86,424.928,-0.402182,0.17745205439087,0.297311,351.801,0.285443,0.10017,0.106191,1
0.0234914,2,-0.0368315,0.14013,0.0129671,29,0.253316,0.252375,7.60752,24.9314,10,2.89,78.5282,0.138143,0.207081585591556,0.167392,384.635,0.312282,0.100267,0.069141,1
1.95077e-05,3,0.27913,0.0917631,0.0115584,10,0.364318,0.426467,13.0882,130.947,12,1.39,337.959,-0.169636,0.134362707630147,0.219027,295.908,0.382654,0.100671,0.031393,1
0.0116307,3,0.266286,0.117087,0.0189743,22,0.37909,0.341023,14.2181,124.873,13,1.21,324.065,-0.244696,0.247913449891798,0.234478,291.941,0.378012,0.1,0.0395678,1
0.0285448,3,0.125626,0.132462,0.0180495,11,0.270502,0.344452,12.4673,23.3825,14,1.66,62.5477,-0.0305474,0.255057140954518,0.181174,278.894,0.368544,0.100494,0.0566165,1
0.00479541,4,0.263616,0.107309,0.0193184,18,0.354945,0.451674,8.04407,36.6129,15,1.92,112.204,-0.173692,0.239418074235957,0.0951881,326.691,0.320596,0.100153,0.0160698,1
0.0226313,3,-0.217732,0.141843,0.0151913,19,0.289878,0.452264,5.47729,45.9047,16,3.58,182.439,0.238746,0.237355187038239,0.15078,448.727,0.247392,0.100225,0.0983846,1
0.00929323,1,-0.067463,0.124137,0.0222626,19,0.393324,0.4615,5.79008,36.2843,17,2.61,118.624,0.361671,0.209234478975882,0.0818841,378.251,0.300291,0.100075,0.0377088,1
0.0290487,2,-0.253673,0.144212,0.0185515,10,0.27523,0.354094,9.55408,63.5117,18,2.23,227.153,0.285478,0.308793947293235,0.192586,343.44,0.275055,0.10028,0.115076,1
0.0250772,1,-0.113695,0.0879839,0.0109451,23,0.498419,0.304263,12.2092,111.914,19,1.23,243.488,-0.162726,0.248444191811256,0.178005,277.987,0.452282,0.100307,0.0600559,1
0.0152863,3,-0.224034,0.11678,0.0172615,30,0.447146,0.203369,6.41745,65.9134,20,2.37,242.924,-0.0947082,0.324776685407564,0.161858,375.718,0.266613,0.100163,0.108913,1
0.0259725,1,0.00302109,0.102055,0.0149411,15,0.485006,0.303867,12.8393,126.703,22,1.13,280.008,0.327534,0.158271034488313,0.148498,263.747,0.446218,0.100522,0.0215669,1
0.0298526,4,-0.190474,0.0836856,0.0129793,13,0.463948,0.220162,5.44823,68.3435,23,2.85,263.462,0.265103,0.265242852247529,0.154446,399.979,0.255089,0.100241,0.110577,1
0.0273813,4,0.182382,0.114787,0.0104,25,0.472292,0.256281,14.4343,81.3703,24,1.11,229.859,-1.66912,0.277907979416229,0.270075,284.971,0.349872,0.100748,0.269337,1
0.00337974,1,-0.0176828,0.0917294,0.0205421,14,0.325687,0.212655,6.58888,42.7838,26,2.88,150.087,0.0277058,0.173275260917754,0.0929086,371.854,0.279924,0.1001,0.0340167,1
0.0104047,4,-0.247878,0.140569,0.0212495,31,0.474402,0.19722,12.473,127.81,28,1.31,395.324,0.16326,0.336727212228332,0.277034,306.634,0.319174,0.100634,0.123883,1
0.00651646,3,-0.298685,0.108211,0.0216426,17,0.351979,0.247555,12.1393,82.7971,29,1.71,237.247,-0.327837,0.226620336049112,0.242791,306.133,0.343193,0.100243,0.11524,1
0.0139974,2,-0.150641,0.096363,0.0112504,11,0.341226,0.254918,9.73425,116.047,30,2.11,339.991,-0.200723,0.149717011123134,0.199006,331.543,0.334959,0.100036,0.108059,1
0.0148617,4,0.10277,0.12566,0.0120697,23,0.186382,0.437324,10.9412,34.9818,32,2.88,120.198,0.150232,0.169245427164866,0.310823,387.481,0.286182,0.100237,0.0865217,1
0.00738797,4,0.0325778,0.129408,0.0209847,21,0.316311,0.119649,5.18319,42.7078,33,3.57,217.473,0.460866,0.336356255247981,0.140547,427.945,0.193196,0.100283,0.106382,1
0.0139346,4,0.237825,0.121112,0.0163556,28,0.369939,0.232141,14.9753,111.258,34,1.44,368.931,-0.257435,0.295063137541345,0.372388,316.754,0.297697,0.100628,0.0996041,1
0.00135256,1,-0.132852,0.124698,0.0225353,23,0.436506,0.232403,8.04038,49.5749,35,1.83,161.743,-0.0417468,0.279057562688497,0.126816,315.763,0.301717,0.100345,0.0715466,1
0.014919,1,-0.0522635,0.131861,0.012449,31,0.309643,0.204866,12.8066,64.3189,36,1.88,227.017,-0.00557824,0.202251013172357,0.319,324.061,0.278592,0.100235,0.110955,1
0.00852658,4,-0.17003,0.0820038,0.0172317,14,0.323648,0.386174,14.811,37.4831,37,1.61,95.2083,0.303302,0.211817919350408,0.246788,291.622,0.388535,0.100601,0.0775281,1
0.0156404,1,-0.0866594,0.149045,0.0214962,14,0.159362,0.146999,7.61467,51.0975,38,4.02,262.172,-0.147265,0.225183621146816,0.237851,463.68,0.191519,0.100168,0.119278,1
0.00771462,2,-0.0486034,0.119667,0.0108705,19,0.164057,0.233237,11.5288,41.9498,39,3.21,164.059,0.146334,0.159469036553272,0.312629,395.758,0.251078,0.100094,0.103395,1
0.00917407,1,0.191031,0.110202,0.0164719,13,0.224063,0.431078,12.2658,93.2654,40,2.08,265.813,0.142126,0.133839224485602,0.239484,339.256,0.344681,0.100139,0.0763847,1
0.016761,4,-0.181667,0.113102,0.0186989,18,0.363962,0.155374,8.06871,78.9833,41,2.43,306.096,-0.035705,0.275807668154235,0.229614,374.677,0.253847,0.100283,0.136924,1
0.0244093,1,-0.275267,0.0916639,0.0158901,16,0.344379,0.304239,12.4876,77.4578,42,1.74,205.076,-0.15256,0.240297890896674,0.235151,310.973,0.371942,0.100382,0.0971023,1
0.0210288,2,-0.152545,0.109214,0.0201184,20,0.23581,0.125303,7.67025,77.4716,43,4.47001,470.09,0.0863008,0.222912899181696,0.391619,521.872,0.161973,0.100187,0.207178,1
0.0204535,4,0.0897792,0.117794,0.0152921,15,0.339922,0.348273,14.2296,123.517,44,1.49,346.563,-0.192143,0.228887179062221,0.280505,298.496,0.350607,0.100278,0.0581118,1
0.0120068,3,-0.238886,0.0812839,0.0129245,30,0.497464,0.186544,10.7508,70.6958,45,1.4,177.848,0.367681,0.335269431462447,0.17281,287.974,0.390026,0.100018,0.0968693,1
0.00517867,1,-0.275934,0.137282,0.024381,27,0.298551,0.467602,14.7575,122.548,46,2.12,478.991,-0.132976,0.1431788303916,0.468094,389.071,0.251366,0.100152,0.167398,1
0.00870602,4,0.292398,0.142113,0.0207836,16,0.436422,0.27001,8.35853,75.332,47,1.44,228.887,0.0638505,0.313007894432166,0.0615425,302.357,0.323228,0.100111,0.0153562,1
0.0183026,4,-0.225913,0.0986529,0.0135293,12,0.490583,0.183869,10.9897,48.4382,48,1.36,128.24,-0.433558,0.339377555740909,0.178395,290.916,0.372058,0.10041,0.092977,1
0.0272768,4,-0.0932156,0.132768,0.0129598,16,0.376877,0.185752,6.8012,92.2189,49,2.66,418.723,0.294994,0.288357906347436,0.21883,418.258,0.216765,0.100329,0.134202,1
0.00833417,3,-0.0699633,0.111073,0.0142859,11,0.440777,0.366407,8.46892,40.3053,50,1.71,111.41,0.172533,0.242189460401184,0.096489,312.216,0.356509,0.100453,0.0498291,1
0.0296913,4,0.058446,0.137296,0.0238995,11,0.257345,0.369342,14.2284,82.852,51,2.09,336.349,0.196312,0.205284807617607,0.399722,354.635,0.24222,0.100237,0.0942474,1
0.0238599,2,0.130072,0.143317,0.0236948,18,0.381738,0.23196,5.37139,52.3959,52,2.73,232.225,0.956961,0.287772203324599,0.109142,406.979,0.222153,0.100368,0.0584359,1
0.0169258,2,-0.2243,0.119967,0.0170753,27,0.224576,0.155558,13.1672,89.6417,53,3.55,493.479,0.011955,0.182579855173048,0.551005,443.569,0.178342,0.100079,0.220806,1
0.00193426,3,-0.259827,0.0991378,0.0227022,30,0.242843,0.355154,9.84672,29.7073,54,2.97,90.5167,0.03029,0.158464879356235,0.278144,384.339,0.322947,0.100306,0.123026,1
0.0194509,4,-0.0372559,0.121741,0.0242358,24,0.318169,0.295662,6.50952,25.7123,55,3,79.5651,-0.00337292,0.173839622039315,0.162034,389.77,0.317966,0.100298,0.0729511,1
0.00656873,2,-0.0165266,0.148467,0.0130078,25,0.261604,0.255797,13.8628,80.5607,56,1.85,276.798,-0.0155324,0.210926105905996,0.312257,329.696,0.285534,0.100007,0.0874243,1
0.02658,4,0.128457,0.144276,0.0163545,8,0.351344,0.363023,12.0428,62.1725,57,1.37,169.345,0.135489,0.276305332295971,0.160299,277.864,0.360519,0.1001,0.0559304,1
0.0266347,2,-0.00877497,0.140538,0.0115086,17,0.153453,0.245507,8.599,30.4045,58,3.7,122.541,-0.0574184,0.190513137096823,0.23038,430.005,0.243736,0.100137,0.0953624,1
0.027894,2,-0.243306,0.138439,0.0112712,22,0.154431,0.288469,11.4543,90.5817,59,4.37001,472.787,0.270822,0.14709210813011,0.507785,526.063,0.188102,0.100081,0.216342,1
0.0228514,4,0.0877674,0.0860469,0.0165546,30,0.29096,0.303363,5.85288,43.557,60,3.83,167.482,0.0892303,0.15193069449087,0.188787,468.716,0.255145,0.100007,0.0845948,1
0.0135136,4,0.159739,0.0842674,0.0143406,20,0.18775,0.329271,8.12963,121.216,61,4.88002,628.697,0.0794935,0.141339590282958,0.403133,605.359,0.189448,0.100162,0.206464,1
0.0030382,4,0.259072,0.125886,0.0158266,19,0.259764,0.108447,14.0259,48.1655,62,1.52,137.453,-0.051847,0.361396222722599,0.222489,275.315,0.344585,0.100241,0.101174,1
0.0196429,2,-0.0321522,0.115359,0.0149153,9,0.355171,0.281215,8.42975,23.9752,63,1.99,67.1461,0.0610705,0.298273727568096,0.0889259,313.753,0.350444,0.100048,0.0539908,1
0.0294022,4,0.220953,0.101306,0.0249062,17,0.206379,0.300961,8.40593,45.3665,64,4.28,224.382,-0.220977,0.164212697732511,0.431236,499.799,0.19869,0.100175,0.170497,1
0.0279699,3,0.254427,0.107529,0.0200105,24,0.402721,0.188073,14.0295,70.6404,65,1.37,223.794,0.0197686,0.318983605128722,0.327682,307.991,0.310382,0.100236,0.087657,1
0.0183981,1,-0.222329,0.127176,0.0149489,16,0.182697,0.235472,10.6242,99.2954,66,3.42,433.806,0.171236,0.195170276804,0.358033,431.722,0.225319,0.100345,0.183065,1
0.00601766,2,0.117749,0.133189,0.0210526,29,0.472937,0.233528,14.9146,63.0338,67,0.999999,167.093,0.140613,0.267519855510816,0.223731,269.15,0.372458,0.100645,0.045586,1
0.020746,2,-0.238721,0.109131,0.0240083,21,0.257089,0.499691,12.6708,103.475,68,2.74,416.539,0.144477,0.138395644326031,0.430484,416.166,0.244384,0.100282,0.180536,1
0.00437616,2,-0.0894641,0.108839,0.0115057,8,0.337817,0.160208,6.52262,31.0225,69,2.81,119.028,-0.291505,0.211390749323783,0.121185,388.704,0.256286,0.100237,0.0776044,1
0.000220347,4,0.209661,0.114408,0.0108739,18,0.348635,0.339899,14.6187,43.0385,70,1.16,100.63,-0.117942,0.215250700611951,0.147054,270.137,0.423254,0.10088,0.026844,1
0.00983554,4,0.119864,0.129816,0.0199697,24,0.368602,0.270511,9.37477,46.2509,71,1.83,155.022,0.0382516,0.235254534397258,0.195607,318.292,0.29329,0.100208,0.0576637,1
0.0129068,2,-0.163941,0.138021,0.0107396,32,0.154466,0.492774,10.9425,58.5819,72,3.58,217.507,0.0628246,0.104986277616766,0.369714,462.08,0.264805,0.100223,0.123498,1
0.00254618,3,-0.197374,0.147972,0.0105511,20,0.345465,0.219397,14.0513,90.8605,73,1.34,244.91,0.00905213,0.245129390670526,0.215997,282.917,0.366449,0.100688,0.0988914,1
0.00951537,2,-0.238517,0.148185,0.0166836,27,0.287635,0.432714,6.91608,123.372,74,3.21,537.717,0.103836,0.15858157437574,0.25628,475.785,0.225593,0.100229,0.152397,1
0.0223885,4,-0.288836,0.112395,0.0144069,17,0.486525,0.185434,12.2343,62.4759,75,1.22,161.015,0.221244,0.422812577814409,0.189594,276.211,0.38211,0.100386,0.108866,1
0.00113641,4,0.25957,0.0824495,0.0208883,19,0.175831,0.305687,13.2249,25.2947,76,2.86,86.2373,-0.036375,0.156821721933288,0.382702,366.842,0.288399,0.100228,0.136817,1
0.00905576,1,-0.164951,0.142873,0.0190251,27,0.490436,0.385158,6.94455,25.8769,77,1.81,70.2804,-0.155579,0.272171163218795,0.0962008,313.038,0.36196,0.100211,0.0609182,1
0.00424628,2,0.129399,0.12716,0.0197872,15,0.491396,0.301189,10.5203,60.3289,78,1.15,151.919,-0.192349,0.233159545747891,0.0747579,280.438,0.390182,0.100158,0.0214688,1
0.00867834,3,-0.150064,0.105312,0.0143845,27,0.294463,0.490744,13.0313,127.991,79,2.29,463.242,-0.0128524,0.152233403962184,0.392149,399.224,0.272078,0.100381,0.142079,1
0.0245861,3,0.259345,0.0931512,0.0237334,25,0.153741,0.311899,11.6545,82.7099,80,6.03004,536.682,-0.171314,0.109685163803409,0.656506,657.847,0.151194,0.100006,0.27077,1
0.0028828,1,0.0420709,0.0976543,0.0166091,8,0.351976,0.486968,12.926,69.3237,81,1.49,176.507,0.27865,0.136886227004103,0.177258,294.546,0.387158,0.100484,0.0458205,1
0.0243069,1,-0.285648,0.0849883,0.0143565,27,0.207122,0.371241,6.69336,97.8518,82,5.83004,540.587,-0.037529,0.119199793699132,0.369939,645.053,0.177663,0.100052,0.215846,1
0.00130198,3,-0.0408039,0.118488,0.0165322,22,0.165956,0.24541,6.56408,76.8795,83,5.34003,421.274,0.37258,0.13330232514538,0.279522,585.781,0.17917,0.100081,0.148203,1
0.0131269,4,-0.256358,0.138423,0.0112715,30,0.212775,0.331496,13.6501,126.362,84,3.45,635.382,-0.112678,0.143406252808844,0.561595,478.982,0.195652,0.100284,0.208075,1
0.0232088,2,0.143953,0.0889809,0.0207274,26,0.202855,0.316123,14.7231,77.255,85,3.75,384.834,0.137463,0.126462063393196,0.59072,480.563,0.197038,0.100052,0.172672,1
0.0264072,3,0.162497,0.0800759,0.0213795,8,0.291402,0.497786,14.8222,113.55,86,1.88,336.982,0.178513,0.13978582948321,0.355269,318.726,0.331259,0.100212,0.0752274,1
0.0198837,2,-0.122685,0.103971,0.0215993,15,0.385759,0.270989,10.09,97.3156,87,1.77,272.302,0.493037,0.22101027170092,0.176795,313.43,0.35063,0.100011,0.0804379,1
0.0156726,1,-0.238915,0.0958443,0.0145309,11,0.168686,0.155996,13.4584,60.404,88,3.46,248.339,-0.0289394,0.175063171316533,0.412154,398.486,0.239037,0.100179,0.165016,1
0.0186989,4,-0.0494849,0.0803608,0.0121059,29,0.343756,0.288291,10.3037,89.6586,89,2.54,346.105,-0.273615,0.17222767420935,0.350905,399.977,0.254271,0.100056,0.127709,1
0.0184999,3,-0.137983,0.0903678,0.0220198,10,0.436849,0.301317,6.55117,130.801,90,2.49,454.18,0.326707,0.155957434417205,0.161916,372.673,0.283705,0.100419,0.103198,1
0.0274495,3,-0.266421,0.136727,0.0200636,27,0.436194,0.157638,6.16869,23.4257,91,2.27,73.1799,0.0803104,0.407920821359163,0.10232,343.553,0.315161,0.100361,0.0564333,1
0.0129623,2,0.260917,0.137571,0.0233114,21,0.335147,0.350197,7.16405,61.1042,92,2.22,230.449,0.0114688,0.232591775241331,0.139447,370.027,0.260235,0.100046,0.0639265,1
0.00445725,3,-0.00506261,0.131745,0.0205559,28,0.364782,0.474747,11.6352,99.1028,93,1.76,347.338,0.0347929,0.168735094118663,0.28741,352.102,0.281222,0.100472,0.0732246,1
0.0221886,1,-0.200616,0.132686,0.0208539,22,0.23972,0.17976,11.5263,30.9992,94,2.33,103.636,0.168574,0.223948431644114,0.277025,335.526,0.294259,0.100281,0.104763,1
0.0178603,3,-0.107709,0.118328,0.0170498,31,0.215783,0.334643,7.47052,68.122,95,4.19,295.052,0.0670481,0.122400923617252,0.312877,506.612,0.226613,0.100052,0.127397,1
0.000304441,1,0.0487212,0.107447,0.0138546,8,0.248615,0.411557,8.62709,124.999,96,2.65,435.88,0.0353735,0.117863532102956,0.139169,379.248,0.281717,0.100139,0.0469711,1
0.0280225,4,0.193017,0.0957687,0.0136762,24,0.45665,0.471124,6.3342,112.201,97,2.1,359.719,-0.0410114,0.252381272828768,0.0857365,374.671,0.306457,0.100154,0.0199007,1
0.010107,1,0.286896,0.0840245,0.0126987,8,0.192259,0.406944,10.1174,124.19,98,3.31,489.634,-0.0156128,0.084204770254778,0.353991,423.879,0.24948,0.100265,0.148761,1
0.00967053,3,-0.204245,0.145622,0.0217185,21,0.161677,0.284971,13.3959,119.042,99,4,639.402,0.334226,0.13966579711859,0.560138,514.578,0.183024,0.10021,0.219911,1
0.00041765,2,0.269232,0.106117,0.0156238,22,0.352004,0.487042,9.2728,62.856,100,1.73,180.571,-0.0632282,0.196134601205519,0.119818,318.1,0.343169,0.100494,0.0317206,1
0.0121233,1,0.231858,0.136021,0.0197519,21,0.268261,0.426764,7.69989,47.3466,101,2.5,165.253,-0.00785621,0.175361539813584,0.170225,365.677,0.28164,0.100204,0.0720233,1
0.0112635,1,0.203099,0.0846177,0.0227609,14,0.499911,0.283361,10.0123,95.9662,102,1.3,240.787,1.23834,0.155086671050176,0.110559,294.687,0.393085,0.100538,0.0245987,1
0.000324806,4,-0.126221,0.139165,0.010379,9,0.451313,0.328784,7.82932,42.7065,103,1.75,135.364,0.372497,0.219256312850986,0.111232,317.073,0.309762,0.100085,0.0637062,1
0.0159905,3,0.142755,0.144583,0.0241824,26,0.424633,0.279129,5.01028,37.9571,104,2.63,143.516,0.1731,0.245311548688111,0.0880847,388.367,0.259884,0.100165,0.0485619,1
0.00720682,4,-0.0753427,0.085211,0.0148413,18,0.200202,0.155243,14.1881,119.549,105,5.07002,852.858,0.127291,0.151256545912885,0.647338,571.946,0.137602,0.100066,0.247385,1
0.0248151,4,0.107604,0.0828953,0.0244693,18,0.158953,0.1572,6.97504,33.8919,106,8.07009,237.193,-0.0444169,0.127512508371229,0.515457,747.332,0.140242,0.10005,0.199722,1
0.011205,2,-0.183689,0.0973115,0.0179349,8,0.379671,0.107823,12.8902,58.1132,107,1.59,171.947,-0.0611391,0.219147664718464,0.256614,286.69,0.333596,0.100617,0.141745,1
0.00671992,3,0.282575,0.127274,0.017109,23,0.185887,0.238083,10.2158,97.7977,108,3.23,445.486,0.222126,0.184780949713856,0.409174,445.041,0.215567,0.100097,0.203664,1
0.00661965,2,-0.0580988,0.0938877,0.0160982,27,0.269424,0.133083,8.77184,120.623,109,3.82,671.951,0.273087,0.202507094432935,0.408392,463.901,0.1764,0.10017,0.203711,1
0.00763535,2,-0.130634,0.114215,0.0120414,10,0.224418,0.139304,13.3329,116.663,110,3.03,567.021,0.199939,0.166383560346584,0.470547,388.336,0.202287,0.100222,0.180305,1
0.0234316,2,-0.288624,0.124935,0.0142287,16,0.2019,0.154767,10.5442,131.579,111,4.39001,859.847,0.0529548,0.233537602813297,0.523027,533.725,0.1504,0.100188,0.295633,1
0.0240486,1,-0.038034,0.124104,0.0118823,28,0.292708,0.365588,12.4417,23.3839,112,1.76,59.9317,0.102588,0.1891540778388,0.208804,302.469,0.382908,0.100038,0.0389959,1
0.0149551,3,-0.193366,0.12108,0.0182962,16,0.153924,0.159915,8.74279,24.0793,113,4.53001,111.035,0.309234,0.177491181416781,0.338939,483.13,0.213042,0.100141,0.134465,1
0.00220342,3,0.13662,0.145808,0.0193847,16,0.233918,0.339946,13.7862,92.2629,114,1.82,294.124,-0.153301,0.176044820924345,0.289574,323.127,0.308757,0.100335,0.107191,1
0.0107359,1,-0.288551,0.0925773,0.01219,19,0.303124,0.482088,8.82289,83.3636,115,2.59,264.508,0.207588,0.1826749368666,0.202772,392.433,0.309968,0.100256,0.122786,1
0.00871336,4,0.186908,0.0938366,0.0160901,17,0.291606,0.321127,9.8812,93.3807,116,2.13,270.107,-0.0693001,0.183589659178504,0.188313,343.717,0.340361,0.100357,0.0609428,1
0.0042392,4,-0.129731,0.138434,0.0114722,12,0.163536,0.481742,8.07525,90.5314,117,3.64,394.982,-0.100623,0.16275743567119,0.188332,478.372,0.225434,0.10026,0.0965691,1
0.00540446,2,0.173156,0.1454,0.0170702,8,0.339087,0.140186,11.6924,85.209,118,1.44,269.643,-0.105407,0.234111654632875,0.168894,277.707,0.31225,0.100725,0.0797919,1
0.0194877,4,-0.0929519,0.0879677,0.0165428,24,0.378535,0.413684,8.17027,78.1741,119,2.46,283.637,0.254205,0.198178893992516,0.233387,377.941,0.270436,0.100022,0.110654,1
0.0165101,1,-0.0888875,0.0911467,0.0248901,31,0.294202,0.316325,8.90356,121.392,120,3.56,601.837,-0.189288,0.127015408216775,0.409598,487.999,0.198433,0.100284,0.167655,1
0.0168707,1,-0.0518342,0.115428,0.0248229,22,0.248583,0.168117,12.4679,128.746,121,3.13,653.407,0.426291,0.185297167392772,0.490931,420.857,0.193634,0.100176,0.207784,1
0.00506482,4,0.17666,0.100667,0.0235484,24,0.225491,0.202776,14.1983,37.4401,122,2.57,147.544,-0.0969246,0.176283758575414,0.451163,358.056,0.249062,0.100051,0.156932,1
0.0281445,4,-0.158115,0.111307,0.0192583,23,0.46664,0.356279,5.5756,89.6553,123,2.76,376.775,-0.595901,0.244140403765222,0.191736,427.11,0.23393,0.100213,0.113146,1
0.0160847,2,0.152526,0.094918,0.0125636,30,0.402239,0.263226,6.76432,72.7088,124,2.25,239.939,0.3208,0.259213393718824,0.102557,355.873,0.298458,0.100399,0.044103,1
0.0168774,3,0.0388586,0.13984,0.0191913,24,0.162643,0.498999,11.5034,95.7222,125,3.64,429.115,0.418596,0.121359721902186,0.44452,494.416,0.219012,0.100083,0.123344,1
0.0262846,1,0.169238,0.108164,0.0100433,13,0.375982,0.1158,7.15877,84.5115,126,2.25,326.27,0.572064,0.247995973598054,0.138403,338.615,0.254386,0.100112,0.0998684,1
0.0195812,2,-0.286804,0.114658,0.0174446,11,0.472205,0.339093,6.61097,48.5239,127,2.15,171.122,0.0520314,0.408420278465969,0.13883,356.887,0.278388,0.100077,0.0976016,1
0.0148209,1,0.14396,0.131123,0.0174753,20,0.364278,0.227393,14.3217,83.6796,128,1.23,218.982,0.430917,0.235678811378495,0.211775,274.012,0.377014,0.100572,0.0536029,1
0.00989874,2,-0.0721722,0.123069,0.0180634,22,0.406414,0.373254,9.17203,40.6938,129,1.7,116.047,0.281712,0.214570827608785,0.12725,321.508,0.344612,0.100177,0.0519283,1
0.0272101,4,0.0419047,0.0822039,0.0103312,14,0.350228,0.395901,10.8424,70.5571,130,1.8,187.416,0.0881397,0.217453883343514,0.162387,311.114,0.369377,0.100016,0.046025,1
0.0166904,4,0.0888307,0.0919749,0.0129233,17,0.252199,0.298187,14.677,86.2652,131,2.3,295.087,0.333979,0.186536879094546,0.405322,353.32,0.28777,0.100344,0.106903,1
0.00378672,3,-0.243804,0.141321,0.0180285,14,0.287784,0.492157,12.0646,81.4805,132,1.85,265.244,0.0188277,0.222898431368303,0.244378,327.698,0.302262,0.100301,0.105579,1
0.01543,1,0.0508235,0.135144,0.0180783,19,0.351475,0.295146,12.7889,91.1897,133,1.41,249.023,-0.206619,0.208227193765245,0.191822,296.199,0.360128,0.100249,0.0506255,1
0.0244653,4,-0.261653,0.123084,0.0159208,30,0.486072,0.214479,8.49602,100.867,134,1.8,333.281,0.0684001,0.322353007781353,0.227449,342.64,0.297253,0.100119,0.130624,1
0.0239809,1,0.248636,0.132829,0.015051,20,0.493239,0.255119,5.80568,80.6743,135,1.9,279.27,0.18117,0.248801234636372,0.0358459,342.09,0.283904,0.100182,0.0386975,1
0.0266659,1,0.208559,0.126293,0.0212764,9,0.460495,0.154367,14.6367,116.753,136,1.03,315.916,1.75362,0.217154290534485,0.229222,260.895,0.365691,0.100867,0.0818956,1
0.0275357,3,-0.0968555,0.148248,0.0171741,23,0.245037,0.277071,11.4679,53.3253,137,2.66,213.111,0.30957,0.158785384938515,0.397225,375.386,0.2462,0.100298,0.119262,1
0.0194429,2,-0.0845963,0.0851506,0.0133347,20,0.375892,0.104721,7.44157,47.3611,138,2.5,165.639,-0.0778162,0.299664844711384,0.161468,357.949,0.280893,0.100141,0.101657,1
0.028442,1,-0.0779711,0.0844383,0.0167317,26,0.270277,0.272787,5.4118,106.804,139,4.94002,559.031,0.235381,0.159904024180488,0.243561,569.448,0.187442,0.100011,0.163705,1
0.0269041,1,0.123684,0.141031,0.0234396,30,0.267528,0.378957,10.539,100.111,140,2.56,417.414,0.671846,0.138530227370147,0.383765,401.722,0.235326,0.10002,0.131251,1
0.0261693,2,-0.267919,0.129165,0.0201697,23,0.416135,0.470801,5.04865,79.3225,141,3.07,335.515,0.280834,0.291098008944184,0.151148,445.573,0.232027,0.100043,0.108,1
0.0164506,1,-0.233991,0.140894,0.022715,16,0.313113,0.163424,9.42611,124.702,142,2.2,447.232,0.256685,0.268719730794381,0.234491,337.919,0.274021,0.100178,0.133316,1
0.0220264,3,0.0559337,0.114449,0.0183335,18,0.410574,0.399832,10.8737,77.3992,143,1.49,223.221,-0.214532,0.258681130273004,0.165537,309.343,0.342242,0.100615,0.0417532,1
0.0153965,1,0.169101,0.139117,0.0110933,25,0.361871,0.224161,7.49475,118.845,144,2.07,416.153,0.113758,0.231224859695912,0.13284,361.596,0.28064,0.100173,0.0636281,1
0.0216825,1,0.0247021,0.122098,0.02166,23,0.36198,0.391054,12.8422,105.163,145,1.56,318.479,0.221497,0.195508350354384,0.261644,329.201,0.324437,0.100157,0.078101,1
0.0200589,1,-0.213136,0.117748,0.0201434,15,0.254389,0.424174,13.1995,71.8521,146,2.11,236.599,0.249852,0.194765240532228,0.299416,351.216,0.299376,0.10049,0.110284,1
0.0104463,4,-0.135662,0.0958386,0.0249716,10,0.249457,0.137426,13.5498,111.428,147,3.26,594.758,0.0845172,0.15821299671685,0.525171,419.265,0.184125,0.100182,0.206277,1
0.0224781,1,0.195609,0.140397,0.0244071,21,0.330181,0.263351,8.83385,84.8467,148,1.96,294.515,0.378269,0.223195608141515,0.184756,339.88,0.28278,0.100058,0.0879812,1
0.0154184,4,-0.0698639,0.0899839,0.0238883,24,0.493767,0.171068,5.34363,65.8022,149,2.7,267.746,0.223792,0.263158554344212,0.14762,400.724,0.241315,0.100092,0.0913651,1
0.0266541,1,0.265297,0.102879,0.0191626,12,0.253517,0.36636,13.8846,115.198,151,1.79,317.645,-0.0313866,0.0945214762000253,0.286909,318.882,0.356959,0.100333,0.0761958,1
0.00704951,4,-0.165742,0.130448,0.0128683,11,0.186245,0.332711,8.43706,97.0153,152,3.4,386.94,0.272555,0.182013599664539,0.208642,431.349,0.246005,0.100018,0.109668,1
0.0245971,4,-0.297291,0.0934444,0.0142891,32,0.304432,0.2577,7.54378,76.4959,153,3.65,322.526,-0.310937,0.201595155481933,0.342938,459.284,0.23318,0.100219,0.176575,1
0.0237114,1,-0.0102096,0.119088,0.0169911,21,0.490586,0.427289,6.68827,68.1715,154,1.94,237.052,-0.0992253,0.247981938398856,0.0924657,357.453,0.282153,0.100013,0.0361801,1
0.0069821,3,0.155413,0.0955245,0.0206952,10,0.256745,0.231338,9.92871,24.6995,155,2.23,72.8162,-0.0984254,0.173676170649701,0.149291,328.367,0.333808,0.100315,0.0667886,1
0.0127617,3,-0.0880495,0.092483,0.0198677,31,0.196909,0.253957,10.9184,51.0989,156,4.65001,259.06,0.195146,0.105300985461407,0.509559,506.12,0.19351,0.100005,0.144191,1
0.0127988,4,0.139372,0.0927943,0.0233322,10,0.190303,0.172695,7.24578,108.215,157,5.21002,675.846,0.195048,0.159558902801522,0.388181,561.082,0.157104,0.100018,0.219593,1
0.0239492,1,0.0433486,0.127288,0.0197944,31,0.444942,0.46294,8.63769,93.3263,158,1.76,317.491,0.731836,0.194755829584943,0.181389,360.879,0.289969,0.100556,0.0549157,1
0.0172816,3,-0.0616424,0.0833645,0.0191458,22,0.382046,0.439811,5.42995,63.7772,159,3.26,256.324,0.492705,0.186823608535328,0.128383,445.966,0.244364,0.100113,0.0764028,1
0.0128628,1,-0.189598,0.0911225,0.0129305,15,0.346101,0.21966,8.99846,123.747,160,2.34,385.178,0.0219946,0.187649809025117,0.218556,345.502,0.315288,0.100038,0.11699,1
0.0126364,4,0.0628837,0.100561,0.0109573,11,0.281188,0.113637,11.3522,49.1084,161,2.05,155.572,0.347783,0.235006123589321,0.211485,307.118,0.310824,0.100374,0.0880191,1
0.0191489,1,0.0865981,0.0941193,0.0111795,13,0.450505,0.12265,14.9478,43.907,162,1.03,94.1815,0.0493572,0.235083573804302,0.159469,239.427,0.459122,0.10039,0.0433555,1
0.02362,1,0.189968,0.11315,0.0136054,29,0.209152,0.210742,13.9066,107.812,163,3.26,553.404,0.201543,0.158131951140985,0.556504,445.457,0.191415,0.100157,0.198017,1
0.0129716,4,-0.128456,0.141048,0.0155843,22,0.333264,0.313595,9.37153,49.3057,1,1.99,158.493,0.00557932,0.241566419848317,0.183463,384.253,0.306399,0.1004,0.08981,1
0.0108172,4,-0.23903,0.0854834,0.0220724,32,0.248424,0.384856,11.8428,57.8142,2,3.35,223.659,-0.109448,0.133613196432054,0.454853,496.443,0.253879,0.100117,0.147118,1
0.0106951,4,0.175854,0.129752,0.0111596,8,0.231139,0.228352,6.29519,113.303,3,3.47,549.355,0.34943,0.16282645463942,0.169158,494.878,0.202661,0.100164,0.117042,1
0.0212673,3,-0.135591,0.1432,0.0237613,20,0.354872,0.344538,9.48293,129.851,4,2.14,510.874,0.214715,0.213057652505364,0.287187,443.774,0.249693,0.10014,0.139822,1
0.00359591,4,0.127269,0.10589,0.0168008,10,0.429269,0.498492,8.84568,88.4355,5,1.58,232.118,0.043033,0.161382786100879,0.081004,357.423,0.374277,0.100139,0.0167627,1
0.00492384,2,-0.215595,0.124806,0.0155237,18,0.486244,0.491428,6.28544,64.8209,6,2.12,227.426,0.76549,0.278603463036233,0.114868,424.652,0.280799,0.100427,0.0746136,1
0.00753489,1,-0.106395,0.0802602,0.0143165,31,0.207408,0.214251,8.8293,79.2346,7,5.00002,439.16,0.296558,0.114807390143526,0.432747,641.884,0.177327,0.100188,0.179071,1
0.008085,1,0.14385,0.105204,0.0123142,10,0.364262,0.120502,11.9793,48.8003,8,1.45,131.035,0.461088,0.209259504665024,0.161944,334.069,0.36729,0.100532,0.0601976,1
0.00457214,2,0.127271,0.102126,0.0133523,14,0.323925,0.383639,13.8895,120.847,9,1.46,291.823,-0.208592,0.156314282774741,0.204424,330.142,0.409143,0.100714,0.0334678,1
0.0106506,1,-0.0373831,0.141168,0.0243621,17,0.376079,0.444996,13.3674,101.918,10,1.34,292.505,0.366445,0.211931084330572,0.216808,356.598,0.343182,0.100401,0.0572066,1
0.00417946,3,-0.18676,0.141695,0.0161425,21,0.351711,0.194968,9.28462,102.57,11,1.95,336.297,0.231989,0.25786820010143,0.192938,379.992,0.299876,0.100225,0.113403,1
0.00328451,1,-0.221061,0.101523,0.013397,24,0.40808,0.386229,10.3068,43.7067,12,1.65,115.939,0.165454,0.248405454329522,0.165228,350.709,0.371551,0.100469,0.0806434,1
0.0262122,4,-0.00783377,0.147823,0.0145249,16,0.37365,0.27466,7.65398,98.9457,13,2.24,418.684,0.477835,0.261405333845539,0.194499,440.972,0.232428,0.100255,0.0862508,1
0.00983353,4,-0.0552798,0.148445,0.012926,18,0.175454,0.361258,9.18437,67.0671,14,3.24,273.507,0.0125492,0.178344674851179,0.251682,490.528,0.241216,0.100276,0.100884,1
0.00802173,2,-0.226568,0.099394,0.017464,8,0.49179,0.314127,8.1348,48.0529,15,1.78,139.931,-0.335455,0.306220453622607,0.15872,380.511,0.337607,0.100216,0.109186,1
0.00781019,3,0.118923,0.0904201,0.0166789,12,0.31429,0.317849,8.57645,115.351,16,2.27,343.87,0.043961,0.152910942889897,0.136761,402.171,0.329648,0.100174,0.0385363,1
0.0105947,3,-0.135361,0.10211,0.0172529,12,0.176865,0.316446,12.4007,53.0133,17,3.1,196.744,0.339061,0.177239964937693,0.326927,454.435,0.264337,0.100001,0.120375,1
0.00115131,3,-0.171819,0.129366,0.0207288,26,0.286154,0.205479,14.7761,27.4878,18,1.67,80.9244,0.208285,0.205108879032009,0.291028,336.424,0.334479,0.100378,0.0784783,1
0.00951567,3,-0.215653,0.0912167,0.0113917,26,0.151994,0.317725,10.598,30.9583,19,4.29,113.056,-0.0485223,0.112561067191752,0.347253,531.88,0.269184,0.100207,0.133697,1
0.0256962,2,0.119181,0.13853,0.0194296,10,0.27237,0.175798,7.4183,48.2399,20,2.62,191.986,0.635892,0.295919506901942,0.146989,418.618,0.247369,0.100355,0.0906152,1
0.00740694,4,-0.242317,0.111462,0.0242866,28,0.292014,0.166041,14.107,42.01,21,2.04,144.005,0.02219,0.198124760839187,0.37402,362.814,0.287512,0.100465,0.120092,1
0.00997524,1,0.0865389,0.107594,0.0196405,16,0.216984,0.439053,13.7778,76.5653,22,2.23,243.554,0.0872563,0.168568841957751,0.309872,404.152,0.309154,0.100246,0.0962154,1
0.0148699,1,-0.111835,0.132847,0.0129435,23,0.330797,0.120881,12.607,58.0846,23,1.6,177.099,-0.163937,0.376488703006553,0.225808,336.772,0.322654,0.100282,0.100108,1
0.0272344,2,-0.259084,0.140222,0.0215827,9,0.492152,0.431456,12.7621,28.2387,24,1.06,63.1734,0.341139,0.466375106058047,0.153512,294.784,0.439716,0.100275,0.0871068,1
0.0230672,1,0.0165663,0.118295,0.0226737,29,0.417786,0.273517,7.24613,53.5628,25,2.21,194.33,0.170995,0.200111877972242,0.166065,402.439,0.27123,0.10031,0.0587189,1
0.0287412,2,0.14031,0.113059,0.0231977,18,0.369254,0.130019,13.8586,56.9457,26,1.49,181.656,0.195533,0.358121439280792,0.311024,324.307,0.308748,0.100398,0.0997022,1
0.0099504,1,0.0696667,0.130219,0.0165022,28,0.391697,0.352711,7.48473,96.123,27,2.13,360.342,0.242771,0.20195200332805,0.158969,436.057,0.261772,0.100033,0.0660539,1
0.0279028,3,-0.282065,0.128659,0.0166009,30,0.409635,0.217503,13.9088,60.3231,28,1.38,166.442,0.191898,0.319522997607932,0.298939,326.417,0.356064,0.100147,0.118276,1
0.0111272,1,-0.111097,0.106129,0.0222879,19,0.472771,0.234012,13.5699,102.275,29,1.15,235.46,0.264018,0.227300872530163,0.195954,316.561,0.428133,0.100475,0.0613637,1
0.0042725,4,-0.119182,0.0816233,0.0130903,15,0.154668,0.436313,8.01738,45.2169,30,4.96002,191.852,0.157438,0.134078174053931,0.23426,605.043,0.231524,0.100137,0.112609,1
0.010484,4,-0.0294021,0.0874403,0.0106803,26,0.239382,0.153687,6.40426,68.7733,31,4.80001,375.571,0.0220628,0.187292654925009,0.284439,607.981,0.179941,0.100169,0.179054,1
0.00893621,4,-0.216845,0.0917555,0.0169335,18,0.240772,0.443198,6.51467,122.213,32,4.37001,534.728,-0.0257774,0.14114743086578,0.241626,611.063,0.22427,0.100027,0.150535,1
0.00667112,3,-0.0857435,0.122229,0.0184235,21,0.374544,0.309838,14.6456,74.1316,33,1.36,207.476,0.00873222,0.229852689062225,0.262931,338.472,0.353056,0.100726,0.0858702,1
0.0268386,4,-0.258985,0.0839872,0.0202785,24,0.359515,0.338808,13.6571,66.1082,34,2.03,223.434,-0.211356,0.213928161838634,0.410316,401.858,0.291066,0.10028,0.143746,1
0.0136178,2,-0.206824,0.0923423,0.0186311,20,0.236138,0.341746,9.8528,36.4643,35,3.08,129.762,-0.306553,0.18301200596454,0.277951,453.958,0.275676,0.100002,0.124022,1
0.00177525,3,0.291351,0.126954,0.0242545,31,0.207187,0.148137,6.79735,93.1968,36,4.07,521.581,-0.384101,0.210756099862502,0.338416,560.192,0.175371,0.100048,0.223748,1
0.026645,2,0.0960941,0.0915645,0.0116504,12,0.25132,0.122219,10.7045,112.882,37,3.44,642.432,-0.168115,0.204710715117864,0.45957,500.252,0.172425,0.100031,0.210461,1
0.00684059,2,0.182633,0.109699,0.0218727,22,0.431169,0.298204,5.06359,75.511,38,2.59,285.223,0.232856,0.239638077991783,0.0513865,464.998,0.260146,0.100166,0.0128552,1
0.0248273,1,0.165842,0.148441,0.0249406,26,0.262156,0.396423,9.00319,27.5472,39,2.27,82.0832,0.118438,0.146578924168601,0.2038,390.895,0.330574,0.10041,0.0698998,1
0.0288231,2,-0.0153739,0.0881096,0.0122949,28,0.484812,0.273913,6.69297,55.9474,40,2.17,192.592,0.0863948,0.240317834287898,0.13439,416.144,0.285947,0.10034,0.0620292,1
0.019672,4,-0.128939,0.107609,0.0221208,21,0.364388,0.427935,9.30015,117.544,41,2.27,432.049,0.321451,0.197285309188749,0.277172,452.795,0.26723,0.100126,0.124937,1
0.010668,1,-0.0176536,0.104249,0.0225322,19,0.445189,0.4718,5.68594,45.7151,42,2.46,156.028,0.13639,0.222501133538518,0.0643226,440.811,0.288112,0.100239,0.0275873,1
0.00977692,2,-0.0230049,0.102196,0.0225234,30,0.410934,0.231237,6.83661,66.376,43,2.55,268.322,0.214868,0.204299000523014,0.194584,444.871,0.24355,0.100361,0.0940586,1
0.0260222,3,-0.297578,0.0939957,0.014582,27,0.156114,0.26353,14.6229,112.534,44,8.11009,991.97,0.0757017,0.109704301032899,0.755656,1058.4,0.111401,0.1001,0.322741,1
0.0296289,2,0.196766,0.130413,0.0228171,12,0.335201,0.119498,13.6066,33.1593,45,1.33,93.8154,0.384492,0.411933579838071,0.207978,299.095,0.347119,0.10011,0.0782806,1
0.0128329,1,0.00477253,0.0996375,0.0208362,26,0.236863,0.469816,8.67018,100.927,46,3.66,457.772,0.0827517,0.125926443721947,0.327957,562.985,0.2165,0.100099,0.11878,1
0.00697449,4,-0.0413269,0.0894734,0.0198817,16,0.473516,0.170044,12.5373,121.702,47,1.39,339.076,-0.342958,0.179157890571798,0.260193,322.971,0.353999,0.100539,0.0661555,1
0.0216336,2,0.177777,0.0903839,0.022119,31,0.435819,0.404976,11.8593,58.6108,48,1.37,158.232,0.542756,0.201119377044808,0.208973,341.359,0.363692,0.100088,0.0396668,1
0.017943,1,0.154024,0.100577,0.0199003,19,0.461745,0.354372,5.98672,78.6168,49,2.15,257.044,0.0958084,0.16687222380774,0.0576385,423.953,0.300848,0.10027,0.0108846,1
0.00357286,3,0.070532,0.122591,0.0166959,14,0.394912,0.215848,11.6622,87.6025,51,1.33,216.648,0.017821,0.205101226840112,0.123895,312.98,0.397352,0.100172,0.0371041,1
0.0284307,4,0.139036,0.146455,0.0210144,24,0.202452,0.263593,10.4003,45.406,52,3.45,197.081,0.0989962,0.145685255461395,0.466095,498.772,0.226495,0.100212,0.126281,1
0.00290744,3,0.034968,0.144604,0.0178198,16,0.406073,0.289631,11.3719,46.2165,53,1.28,129.121,0.110778,0.253557766110622,0.109553,344.359,0.352055,0.100263,0.0323756,1
0.0287924,3,-0.249673,0.145906,0.0219894,18,0.448765,0.296652,12.6683,72.6391,54,1.25,207.173,0.287541,0.367816216608649,0.227403,327.644,0.346566,0.100758,0.0997733,1
0.0181483,4,-0.209121,0.0840084,0.0198348,11,0.420121,0.119893,8.63801,26.4841,55,1.95,77.8956,0.223663,0.331801027032083,0.151549,369.552,0.334256,0.100216,0.0843351,1
0.0121507,4,0.0790616,0.145258,0.0176677,19,0.42465,0.251642,11.941,32.0514,56,1.22,82.4063,0.101552,0.298509751637019,0.147718,315.242,0.384635,0.100807,0.0302671,1
0.00974218,3,0.161605,0.143716,0.0240527,18,0.327497,0.401755,5.4533,75.5156,57,2.98,343.133,0.322478,0.221567520900921,0.121352,496.703,0.216408,0.100238,0.060877,1
0.0128078,4,0.0565074,0.10235,0.0241756,26,0.248529,0.132403,13.2564,104.179,58,4.43001,771.751,0.0155334,0.165775601526577,0.660245,643.312,0.132428,0.100002,0.263001,1
0.00247201,3,-0.0735788,0.0951596,0.0181882,19,0.160849,0.156975,13.4116,73.0989,60,4.59001,405.892,-0.110292,0.152521221758562,0.54096,579.336,0.176833,0.100091,0.194637,1
0.0167053,2,-0.155803,0.135274,0.013025,10,0.244582,0.235867,11.3292,56.8016,61,2.07,184.929,0.0127324,0.241619301128931,0.190296,365.181,0.301489,0.100057,0.0929027,1
0.0223145,4,0.235084,0.0994413,0.0118502,28,0.157864,0.210485,12.8666,34.224,62,4.19,154.613,-0.018112,0.121258743141665,0.559467,559.293,0.217298,0.100069,0.179099,1
0.000346588,1,0.0992808,0.0804647,0.0151975,29,0.399194,0.486694,13.4507,66.4323,63,1.37,162.07,0.149714,0.187932849185133,0.211504,338.691,0.403767,0.100412,0.0416386,1
0.00104033,2,0.189657,0.114681,0.0242315,10,0.442905,0.265597,13.6433,69.2229,64,0.989999,144.772,-0.887855,0.185494524344924,0.0992963,289.116,0.470024,0.100204,0.0291331,1
0.0204771,3,-0.159466,0.126361,0.0148718,16,0.447274,0.249428,10.2484,49.7159,65,1.46,141.573,-0.127928,0.368585638972712,0.156998,339.279,0.346184,0.10049,0.0788076,1
0.00990335,1,-0.100227,0.082649,0.0188171,13,0.276672,0.346617,10.383,44.457,66,2.35,129.255,0.0450483,0.151997427699152,0.175054,392.09,0.338883,0.100435,0.0607442,1
0.0152189,1,-0.272512,0.0952131,0.0217543,32,0.397651,0.431311,11.0874,31.0464,67,1.64,73.9695,-0.124118,0.261923240707644,0.193437,346.055,0.412971,0.100298,0.0854074,1
0.0147762,1,-0.0192613,0.108183,0.0165442,13,0.372549,0.125418,10.5976,89.9547,68,1.74,273.31,-0.0642681,0.210274600249664,0.186687,338.151,0.323179,0.100093,0.0798688,1
0.0138324,2,-0.117304,0.125333,0.0219286,9,0.240418,0.422618,10.0518,118.558,69,2.43,390.944,-0.00810464,0.144087035409999,0.193656,428.449,0.2977,0.100067,0.0641749,1
0.00792401,1,-0.260985,0.149985,0.0223294,12,0.438707,0.17172,9.13696,38.6668,70,1.53,124.877,0.0669792,0.411347838123557,0.124148,340.598,0.304411,0.100216,0.0835608,1
0.0282406,2,-0.105611,0.101239,0.0239049,14,0.217409,0.121657,9.23401,24.7607,71,3.8,115.975,-0.282058,0.227193657938435,0.35579,499.999,0.209733,0.100138,0.127885,1
0.00114656,4,0.0134231,0.125495,0.0182259,32,0.182329,0.426017,8.84146,51.7473,72,3.72,194.212,0.0202443,0.103994355554562,0.295774,532.571,0.261442,0.100022,0.084613,1
0.00194617,4,-0.293718,0.120362,0.0165274,12,0.472054,0.14817,6.52567,33.8006,73,2.13,128.141,-0.115365,0.400287847522241,0.124514,380.48,0.259905,0.10044,0.091352,1
0.0138907,3,0.242625,0.0936987,0.0217391,15,0.498562,0.423651,8.39155,104.785,74,1.42,272.512,-0.452487,0.208825245149076,0.0558875,344.289,0.378323,0.100295,-0.00614822,1
0.0247695,3,-0.0081817,0.123946,0.0107651,29,0.3726,0.413669,13.564,65.4902,75,1.5,196.496,0.0640909,0.190180270250518,0.283825,368.988,0.327229,0.100083,0.0648745,1
0.0182296,3,0.238943,0.0949486,0.0145798,14,0.258246,0.377493,11.3155,125.342,76,2.15,377.424,0.218947,0.186346831928191,0.259485,395.822,0.326474,0.10021,0.0784087,1
0.0212631,3,0.00468891,0.0943147,0.0139347,14,0.298859,0.268809,10.7307,81.4876,77,2.15,246.774,-0.106486,0.19522178765769,0.203873,417.364,0.325502,0.100483,0.0614761,1
0.00480199,4,0.174832,0.105538,0.0139811,19,0.322159,0.484654,6.20106,60.7916,78,2.8,228.63,0.353479,0.202286987728917,0.10523,469.75,0.261276,0.100166,0.0452263,1
0.0289812,1,0.217668,0.0874932,0.0113284,16,0.448032,0.12443,10.7227,81.404,79,1.39,235.359,-0.167063,0.279308132088173,0.160032,319.294,0.341443,0.100631,0.0737829,1
0.0278446,3,0.266199,0.0961386,0.0112835,32,0.399986,0.259127,9.63646,29.5048,81,1.59,79.6937,0.151303,0.329295233663461,0.144605,339.457,0.36341,0.10006,0.0290832,1
0.0107964,1,0.0542133,0.129625,0.0106844,29,0.4016,0.102105,14.3358,49.28,82,1.14,127.089,0.141238,0.37336628076307,0.178521,296.07,0.382503,0.100555,0.0654112,1
0.00660606,4,-0.0187549,0.136387,0.0147949,25,0.334797,0.283404,6.43885,49.922,83,2.71,190.577,0.31094,0.205619441149804,0.126972,449.474,0.257004,0.100011,0.0691212,1
0.0137014,2,-0.0146314,0.100795,0.0174943,17,0.372958,0.37866,12.3586,53.0252,84,1.47,138.387,0.546209,0.216164794239391,0.159437,333.787,0.376754,0.100231,0.0412134,1
0.000594699,4,0.24379,0.0800502,0.0220555,12,0.261369,0.273781,11.7666,34.2219,85,1.9,86.5473,0.391042,0.148822442594248,0.170775,345.13,0.389017,0.100288,0.0488257,1
0.0247682,2,0.0651442,0.137276,0.0236553,29,0.380188,0.207343,7.7953,121.964,86,2.53,569.714,0.446414,0.229232429040825,0.310637,475.826,0.210839,0.100394,0.15005,1
0.00382012,4,-0.0725663,0.0927028,0.022382,17,0.392914,0.302729,5.10304,94.5188,87,3.21,352.231,-0.0311262,0.18254381805492,0.096711,492.149,0.263758,0.100195,0.0534731,1
0.0171941,3,-0.0494448,0.115515,0.0125481,11,0.359236,0.212836,12.7488,91.6039,88,1.48,243.237,0.716515,0.204792993541992,0.192545,332.073,0.370038,0.10016,0.0731258,1
0.0190946,1,0.247269,0.125903,0.0105922,27,0.438175,0.166474,13.4756,96.3171,89,1.05,244.709,0.561126,0.290737119028463,0.162655,306.016,0.388291,0.100562,0.0419592,1
0.021642,3,0.186861,0.102026,0.022382,23,0.408129,0.261297,9.15866,77.6482,90,1.77,248.238,0.261818,0.269435773839321,0.187696,377.916,0.307595,0.100241,0.0507467,1
0.0177969,1,0.124655,0.116146,0.0160294,31,0.319613,0.190831,7.97298,78.4178,91,2.55,313.421,0.427705,0.216900608044718,0.229976,442.353,0.246373,0.100378,0.112476,1
0.00620174,2,-0.102656,0.120381,0.0218697,8,0.471039,0.132112,6.63883,36.1542,92,2.12,121.777,-0.172801,0.274067610650227,0.136011,386.25,0.291802,0.100191,0.0805391,1
0.02014,1,-0.158072,0.121029,0.0168003,31,0.286956,0.310729,11.6792,32.3878,93,2.07,93.7812,0.0366174,0.194384239735783,0.266163,377.446,0.34003,0.100365,0.0858592,1
0.00650053,1,-0.229829,0.145607,0.0129612,15,0.324496,0.138045,6.53836,65.0996,94,2.73,270.505,0.0467182,0.308121918714264,0.141446,448.669,0.236967,0.100373,0.0944088,1
0.0240924,1,-0.0818753,0.119885,0.024735,21,0.407719,0.482157,12.9496,70.5601,95,1.42,213.747,0.0995156,0.21077165872814,0.250938,354.166,0.325808,0.100608,0.0619809,1
0.0103509,1,-0.228393,0.0943255,0.0171827,23,0.431587,0.42565,10.6598,114.569,96,1.62,301.76,0.182847,0.225393777142289,0.203242,367.043,0.374142,0.100453,0.0864007,1
0.0264708,2,0.238745,0.0890249,0.0246507,20,0.166814,0.182884,12.2067,120.85,97,6.49005,998.783,0.0205203,0.152463205539086,0.699826,811.15,0.118748,0.100042,0.367291,1
0.00152115,1,0.135769,0.122375,0.0128913,32,0.342805,0.397147,12.841,91.4301,98,1.63,294.977,0.300179,0.185277706414849,0.298797,400.072,0.304218,0.100049,0.0695609,1
0.0066524,3,-0.0833771,0.116319,0.0218206,30,0.38597,0.403764,14.1901,128.978,99,1.66,441.895,0.31161,0.165480338814786,0.385425,407.517,0.287743,0.100494,0.121024,1
0.0119175,4,0.154917,0.109169,0.0135822,23,0.333517,0.296838,9.75323,88.7431,100,1.94,276.999,0.201015,0.238694240685082,0.194473,390.897,0.315281,0.100317,0.0746272,1
0.0100416,2,-0.20168,0.119834,0.0168593,23,0.447973,0.328559,11.0009,75.6471,101,1.41,207.933,0.110367,0.280599039061484,0.180757,344.82,0.35735,0.100128,0.0812061,1
0.0258658,2,0.207692,0.146595,0.0117703,19,0.183981,0.138674,8.01131,32.9382,102,3.36,140.886,0.1521,0.258749169845898,0.281333,474.889,0.229774,0.100184,0.172537,1
0.0115078,4,0.156926,0.110499,0.0212579,20,0.239395,0.106068,10.492,121.78,103,3.71,781.799,-0.039385,0.280515372635168,0.513874,547.334,0.153077,0.100176,0.273324,1
0.01494,3,-0.231199,0.132612,0.0208327,30,0.204443,0.251563,11.3983,122.719,104,4.56001,760.535,0.390402,0.128504377025893,0.58806,650.051,0.158453,0.100101,0.244998,1
0.00598278,4,-0.214373,0.14247,0.0103658,17,0.34682,0.262863,11.6621,28.652,105,1.48,75.1228,0.349473,0.318253646023006,0.144763,331.738,0.374721,0.100151,0.077684,1
0.0275327,2,0.189044,0.121995,0.01773,28,0.2608,0.391696,6.87903,29.8301,106,3.03,100.192,0.205986,0.167265322087545,0.178466,461.416,0.293009,0.100321,0.0674267,1
0.0169462,4,-0.0233234,0.130015,0.0113229,32,0.159521,0.450575,8.38636,56.4934,107,4.07,209.255,0.0266639,0.116263930835369,0.272168,556.854,0.265038,0.100073,0.09723,1
0.0287802,3,-0.128899,0.118188,0.0191122,19,0.427487,0.302322,11.1149,87.5399,108,1.61,282.107,0.587944,0.272652720017456,0.258086,380.588,0.305999,0.100521,0.10305,1
0.00762079,1,-0.00882236,0.115449,0.0103396,8,0.236265,0.303958,8.25349,56.02,109,2.8,202.481,0.57383,0.129183148147542,0.115328,419.937,0.271556,0.100053,0.0405033,1
0.0278599,1,-0.219179,0.134635,0.0137653,19,0.328438,0.124555,6.2418,84.8946,110,3.03,387.576,0.376494,0.384709215478041,0.178515,471.487,0.215428,0.100256,0.130448,1
0.0149653,4,0.234627,0.119238,0.0171469,15,0.361301,0.245393,7.24046,84.1795,111,2.11,292.882,0.0735958,0.275772285279492,0.108522,403.559,0.282063,0.100037,0.0436736,1
0.00658926,3,-0.206551,0.134152,0.0237564,18,0.291757,0.279304,5.90467,22.307,112,3.25,77.3841,0.176354,0.227492665938162,0.119575,471.179,0.283625,0.100297,0.0692329,1
0.00414969,2,0.0788489,0.111543,0.0211891,28,0.175594,0.405249,14.1013,113.17,113,3.94,569.199,-0.0228212,0.106763867372451,0.5696,594.461,0.195275,0.100118,0.160161,1
0.00431351,3,0.0015027,0.105978,0.0217246,10,0.397111,0.380462,7.10065,109.554,114,2.22,349.699,-0.108588,0.138933249084784,0.0949354,411.087,0.307392,0.100021,0.0302159,1
0.00274232,1,-0.0437336,0.149477,0.0190914,12,0.218711,0.222362,9.78806,53.1766,115,2.38,195.347,0.0763601,0.206530105485109,0.160447,401.115,0.267194,0.100056,0.0604717,1
0.0150909,1,0.0853074,0.12111,0.0132564,10,0.491999,0.438863,6.78616,75.4486,116,1.79,229.025,-0.05237,0.171425884871678,0.0572154,391.215,0.32489,0.100531,0.0300882,1
0.0216133,2,0.106914,0.0874025,0.0182462,28,0.251925,0.314857,12.3279,62.2918,117,2.87,255.471,-0.0403987,0.142836673796865,0.432557,467.258,0.240005,0.100337,0.123844,1
0.0257292,2,-0.227665,0.0916719,0.0149571,17,0.47668,0.442326,13.2176,39.5018,118,1.16,86.1734,0.0950415,0.36259202660678,0.16449,307.498,0.453107,0.10076,0.0748584,1
0.0196914,3,0.0322568,0.133519,0.0158772,19,0.229811,0.220609,14.5801,100.444,119,2.78,486.819,0.0257804,0.197968116364565,0.516094,472.676,0.202771,0.10018,0.160003,1
0.00625046,3,0.240287,0.119111,0.0112846,30,0.422469,0.436824,11.2808,108.059,120,1.28,278.229,-0.0357283,0.241347935051791,0.148146,349.665,0.383341,0.100614,0.0155894,1
0.0131441,3,0.234181,0.113122,0.0190307,23,0.252805,0.498896,9.55322,121.893,121,2.62,468.89,-0.0940466,0.167184278606411,0.302859,485.446,0.255272,0.100098,0.12801,1
0.000839706,4,-0.0226815,0.111935,0.0157663,26,0.365312,0.150986,5.70029,85.9371,122,3.02,353.048,-0.226853,0.231227839303765,0.124939,484.319,0.239305,0.100216,0.0765395,1
0.0147759,3,0.281786,0.0806381,0.0237569,9,0.171362,0.322902,13.5346,34.3818,123,2.73,112.478,0.214114,0.164474330820394,0.363219,422.823,0.300956,0.100363,0.141172,1
0.0103536,2,-0.155148,0.142739,0.014528,17,0.446113,0.420337,10.1819,60.6286,124,1.39,171.385,0.780959,0.279126315247518,0.135328,354.135,0.347338,0.100087,0.0635239,1
0.0161075,3,0.204392,0.140173,0.0240643,12,0.491479,0.440992,11.2593,114.176,125,1.05,291.985,0.0596679,0.227010616226236,0.0899057,315.977,0.385079,0.100385,0.0222579,1
0.0182377,3,-0.24613,0.0955371,0.0237251,13,0.247607,0.105807,14.9676,108.666,126,3.59,715.377,-0.0590786,0.208043339340199,0.606885,527.703,0.149103,0.10006,0.256157,1
0.0242446,4,-0.129999,0.10205,0.0181959,19,0.390662,0.194518,8.58951,47.5834,128,2.29,179.703,0.130411,0.243816772000045,0.256502,401.102,0.260367,0.100234,0.116713,1
0.0195313,2,-0.117098,0.0905657,0.0235401,13,0.163651,0.21241,5.08209,39.6667,129,7.41007,258.002,-0.0325819,0.174281456094271,0.250867,807.732,0.150833,0.100006,0.151253,1
0.00370471,3,0.297416,0.0820148,0.0243558,28,0.165003,0.212808,5.10313,36.405,130,6.56006,196.771,-0.00973556,0.129922447670413,0.300769,747.514,0.181576,0.100044,0.208723,1
0.0283286,2,-0.269911,0.111436,0.0189834,13,0.158608,0.160887,5.62194,79.8237,131,7.99009,659.364,-0.093573,0.202718657653629,0.408244,887.27,0.11884,0.100066,0.289636,1
0.0229762,4,0.170602,0.0823847,0.0187578,29,0.367035,0.147652,8.30291,129.697,132,3,697.226,0.278259,0.249738359438364,0.401512,512.576,0.183025,0.100296,0.179122,1
0.0282621,3,-0.0212098,0.149225,0.0190585,26,0.236776,0.295367,6.76359,80.6686,133,3.95,387.001,0.293466,0.13817623189727,0.302358,561.825,0.204934,0.10022,0.125469,1
0.0136318,4,-0.105012,0.124648,0.0222477,15,0.378285,0.117661,10.6581,40.2649,134,1.7,129.766,-0.0224378,0.341791025123682,0.20463,345.537,0.306269,0.100616,0.0933961,1
0.00612211,3,-0.110239,0.104341,0.0201028,32,0.442114,0.381014,9.84553,65.8695,135,1.73,202.972,0.329645,0.190657462448203,0.225258,379.657,0.318963,0.10019,0.0895743,1
0.00138049,1,0.0636649,0.125447,0.0160036,21,0.366803,0.123551,6.7678,131.92,136,2.5,548.557,0.407201,0.232528255162212,0.157194,420.7,0.23665,0.100311,0.0968539,1
0.00281423,1,-0.133016,0.100776,0.0190515,27,0.357398,0.337956,5.31418,88.8054,137,3.59,404.381,-0.108232,0.175065806705737,0.179042,548.847,0.215548,0.100052,0.117506,1
0.0293718,3,-0.15126,0.126141,0.0140984,12,0.258297,0.337856,13.295,124.726,138,2.14,419.338,0.20222,0.206579631931379,0.338563,419.911,0.292106,0.10011,0.130883,1
0.0262557,3,0.156816,0.122378,0.0241629,23,0.35221,0.219754,8.74787,83.0154,139,2.4,361.513,0.408814,0.229155620087507,0.322312,450.837,0.225546,0.100122,0.13247,1
0.002488,4,-0.130026,0.11481,0.0148023,13,0.236043,0.250864,9.29454,69.8698,140,2.69,232.901,0.825027,0.181590124020659,0.177299,419.392,0.295254,0.100325,0.0842918,1
0.0175957,4,0.152915,0.11234,0.0231716,20,0.253719,0.225891,14.4239,99.2074,141,2.74,468.206,-0.0114683,0.190699044335906,0.536717,480.728,0.208557,0.100334,0.187389,1
0.00887803,4,0.028403,0.132232,0.0182668,27,0.457817,0.433543,5.38767,30.1742,143,2.38,90.1157,0.576493,0.218667072384195,0.0593593,424.888,0.329065,0.100179,0.0138832,1
0.0288456,3,0.0467613,0.133142,0.0226269,22,0.37297,0.357494,7.85986,58.3806,144,2.26,215.611,0.106609,0.204599615592214,0.214689,416.188,0.265849,0.100085,0.0727652,1
0.0097556,1,0.115304,0.107081,0.0221926,23,0.391496,0.149991,6.1164,107.582,145,2.56,419.486,0.314096,0.224034120354555,0.120228,435.511,0.251946,0.100142,0.0778887,1
0.0214723,3,-0.298179,0.138539,0.0232348,20,0.374172,0.2617,5.93288,44.7143,146,2.75,169.746,0.296691,0.343453626270381,0.139532,446.548,0.259247,0.100322,0.0973616,1
0.0139605,4,0.199895,0.090797,0.0106201,21,0.458806,0.431996,7.35164,33.3587,147,1.75,94.6663,0.230256,0.287706743241788,0.0492229,368.099,0.347138,0.10042,-0.00377297,1
0.0103903,4,-0.00823508,0.143628,0.0159881,30,0.16516,0.202506,10.3455,129.791,148,5.41003,927.061,0.432215,0.135233488488287,0.582703,719.368,0.137552,0.100152,0.241198,1
0.0117454,4,-0.245625,0.0984198,0.0196443,31,0.465584,0.397103,7.73306,84.661,149,2.03,264.312,0.177885,0.249224462890862,0.184904,414.407,0.315661,0.100458,0.104833,1
0.0118432,3,-0.200245,0.090201,0.0165493,23,0.169867,0.245139,9.15388,54.641,150,5.43003,290.555,0.0886693,0.13622547962541,0.443165,648.754,0.184628,0.100078,0.194594,1
0.00389382,2,-0.0508046,0.148463,0.0150481,23,0.269472,0.2422,7.44138,58.6914,1,2.75,231.622,0.0160233,0.211845980960272,0.159835,1037.94,0.248696,0.100047,0.0897838,1
0.0040828,4,0.14638,0.141002,0.0156261,17,0.270751,0.429123,10.7702,40.029,2,1.81,117.025,0.117472,0.222012588274113,0.15852,847.54,0.336965,0.10042,0.056412,1
0.0040342,4,0.255046,0.127992,0.0117052,28,0.365408,0.472836,11.8814,36.0055,3,1.31,92.6042,0.358907,0.215589160399962,0.14219,728.168,0.384337,0.100764,0.00741106,1
0.0210716,4,0.0480208,0.0926496,0.0171327,21,0.420822,0.428389,14.6784,36.2887,4,1.26,95.7966,-0.159587,0.229491298301027,0.245518,730.545,0.374593,0.100802,0.0373732,1
0.00733052,3,0.27018,0.0822757,0.0165122,29,0.366858,0.390154,8.34774,116.931,5,2,338.3,-0.196744,0.210295919221414,0.143796,897.221,0.339326,0.100074,0.0372326,1
0.025281,3,0.0485576,0.0941048,0.0188387,25,0.246274,0.157751,13.6906,112.162,6,4.76001,833.402,-0.16156,0.152873389536807,0.682959,1462.53,0.132073,0.100035,0.228178,1
0.0145831,4,0.0164297,0.110575,0.0141762,18,0.37239,0.393457,7.10902,78.954,7,2.36,283.474,0.388773,0.236252869675699,0.116689,962.907,0.274207,0.100357,0.0507147,1
0.0220535,4,-0.244157,0.11212,0.024684,9,0.260944,0.360722,14.0248,54.9381,9,2.06,178.557,0.113958,0.19575733757745,0.32629,873.433,0.302975,0.100379,0.129379,1
0.00481153,3,-0.0840833,0.122689,0.0238915,23,0.347176,0.191217,8.11495,94.7996,10,2.38,353.83,0.348865,0.230950191022411,0.20643,974.188,0.263401,0.100216,0.112265,1
0.00570052,1,-0.0574215,0.133587,0.0160994,18,0.150116,0.20728,7.12171,64.4907,11,4.80001,338.753,-0.261104,0.14935594305882,0.258355,1454.42,0.187076,0.100169,0.154718,1
0.0207917,2,0.28048,0.117432,0.0185127,27,0.287165,0.199808,11.5624,114.252,12,2.2,462.953,-0.109932,0.270142510593122,0.384513,966.945,0.242165,0.100027,0.156717,1
0.0298354,3,-0.239546,0.110086,0.0167526,17,0.388783,0.175217,9.47878,34.7889,13,1.87,102.361,0.545612,0.318941292125795,0.183263,826.585,0.334675,0.10038,0.103551,1
0.0154997,3,0.211964,0.138861,0.0172978,10,0.478938,0.217569,11.3609,106.507,14,1.09,263.032,0.320964,0.29222928851441,0.117742,703.242,0.397431,0.100051,0.0582888,1
0.00330877,4,0.0946136,0.14236,0.0165141,24,0.183567,0.172914,6.97089,127.355,15,4.78001,827.936,-0.0832132,0.188909847744738,0.375046,1466.89,0.150931,0.100021,0.219482,1
0.0122741,4,0.0251864,0.122491,0.0129044,26,0.484976,0.215142,12.1005,37.8786,16,1.2,103.673,-0.210208,0.283883487572802,0.183257,723.229,0.360836,0.100673,0.0399295,1
0.0234184,4,0.0811693,0.0986285,0.0136646,26,0.431205,0.171132,13.2748,73.8558,17,1.65,269.767,0.324493,0.260480861707487,0.39428,810.205,0.269259,0.100255,0.11981,1
0.0161345,3,-0.00350174,0.128334,0.0174475,10,0.211958,0.198718,10.2951,30.5213,18,2.53,110.072,0.0986171,0.261785729137346,0.184815,941.723,0.27295,0.100343,0.0687969,1
0.00999721,1,0.00419684,0.0901473,0.0234805,29,0.457061,0.298518,5.58248,113.26,19,2.66,405.83,0.170929,0.195639272254416,0.115775,1049.02,0.274645,0.100316,0.0540149,1
0.0140174,2,0.25007,0.10999,0.0240691,21,0.274833,0.449114,10.4936,87.7531,20,2.17,296.109,-0.0257667,0.172346676616648,0.272286,932.411,0.290862,0.100048,0.116256,1
0.0290511,2,-0.192008,0.126975,0.0148226,21,0.336987,0.130821,11.4797,36.2599,21,1.83,116.368,0.308816,0.334286714917316,0.256141,812.781,0.30738,0.100557,0.115773,1
0.0226507,1,-0.102963,0.0937522,0.0174706,17,0.35467,0.393095,5.84005,33.955,22,3.05,124.46,0.204118,0.240291349211817,0.100313,1096.04,0.268072,0.100164,0.0574772,1
0.0259134,1,0.0869843,0.128197,0.0168059,25,0.272751,0.41651,11.3956,88.8853,23,2.21,329.667,0.202615,0.150295058988695,0.313086,970.115,0.265516,0.100384,0.0941751,1
0.00420403,2,0.0949697,0.127752,0.0115823,32,0.342209,0.396441,9.35615,50.5254,24,1.91,157.539,0.174373,0.190294170709435,0.17359,859.019,0.315807,0.100376,0.0568242,1
0.0222621,2,-0.220395,0.105749,0.0177927,24,0.397137,0.453345,9.87312,123.409,25,1.89,375.266,0.326017,0.228975150042049,0.232792,899.325,0.322694,0.100026,0.123011,1
0.00831399,1,-0.0745008,0.118736,0.0221871,9,0.260099,0.336593,8.34437,46.7669,26,2.63,168.06,0.469065,0.184538107707755,0.134279,980.676,0.273371,0.10014,0.0584983,1
0.0189227,2,-0.107235,0.146502,0.0199556,16,0.372862,0.26946,8.13984,48.3423,27,1.95,162.795,0.0895728,0.294628458498165,0.125311,862.565,0.292304,0.100342,0.0696847,1
0.00467958,4,0.104469,0.130733,0.0183897,31,0.196547,0.225382,14.8393,101.899,28,3.35,522.45,0.19683,0.148794174367797,0.580979,1190.1,0.191595,0.100136,0.191589,1
0.0105929,4,-0.24609,0.129721,0.0124922,14,0.254609,0.179341,12.296,122.872,29,2.43,472.154,-0.0289436,0.216838865457164,0.369476,971.891,0.256119,0.100324,0.169018,1
0.0059902,3,0.0507245,0.0973416,0.0153517,25,0.304442,0.285007,5.50613,129.362,30,3.84,579.406,0.104534,0.186594411803267,0.175912,1293.33,0.219161,0.100063,0.0888279,1
0.0183032,4,0.293103,0.117607,0.0186547,24,0.433393,0.449772,9.32997,59.4563,31,1.45,175.329,0.527573,0.283266835663572,0.123907,780.515,0.334131,0.100439,0.0374796,1
0.00680261,2,-0.18998,0.0931976,0.0240687,14,0.325443,0.305516,13.4057,100.551,32,1.8,269.671,0.0454125,0.167297355688404,0.283705,824.954,0.366197,0.100114,0.0938309,1
0.0232753,1,-0.120569,0.132258,0.0100338,9,0.476595,0.293639,10.1668,34.1629,33,1.32,94.0851,0.124405,0.331785663644536,0.118781,735.535,0.35624,0.100009,0.0621483,1
0.0112379,4,0.0293487,0.0907438,0.0187573,27,0.423218,0.285933,14.3987,92.2557,34,1.43,258.83,0.377883,0.228311063076818,0.319423,772.851,0.351911,0.100643,0.066185,1
0.0125947,4,0.293324,0.0803877,0.0104396,27,0.286504,0.135768,11.5008,94.289,35,2.48,407.876,-0.1681,0.30003835022195,0.403913,970.584,0.22756,0.100344,0.168147,1
0.0112297,2,-0.167668,0.117741,0.0181588,19,0.175772,0.498316,9.74564,73.9462,36,3.76,305.592,0.241376,0.131495716651987,0.329292,1228.6,0.237943,0.100237,0.141128,1
0.0160932,3,0.186827,0.0967868,0.0223569,20,0.192156,0.424691,13.197,85.7527,37,3.28,368.913,0.0944579,0.136319979663399,0.4875,1159.72,0.228446,0.100182,0.186459,1
0.000346084,3,-0.11993,0.118542,0.0178857,15,0.237161,0.273687,6.2576,94.2867,38,3.86,406.579,0.635088,0.162469959931252,0.164318,1231.56,0.227615,0.100052,0.0949918,1
0.0140293,2,-0.213669,0.131406,0.0248529,18,0.162066,0.271466,11.7357,100.694,39,4.25,537.528,0.208632,0.13355629970816,0.506705,1340.16,0.18398,0.100115,0.219858,1
0.00771647,3,-0.146779,0.0989975,0.0186099,30,0.320443,0.387955,12.536,74.8229,40,2.17,263.421,-0.110094,0.155335197772593,0.365409,950.226,0.279469,0.100295,0.125899,1
0.0109718,1,-0.277548,0.0858467,0.0199679,10,0.281919,0.478862,13.0918,101.952,41,2.07,284.467,0.0457087,0.143039669924421,0.272555,867.746,0.352821,0.100351,0.113623,1
0.000382132,2,0.219369,0.123282,0.01771,13,0.478939,0.453643,6.33355,27.9923,42,1.8,79.9492,0.00598638,0.240261936310919,0.021314,830.113,0.345013,0.100448,0.0156979,1
0.00213875,1,-0.139515,0.119521,0.0147575,17,0.469209,0.379657,12.2326,44.9155,43,1.17,111.719,0.0985302,0.272978330552089,0.138953,707.727,0.396504,0.100533,0.0563048,1
0.0240924,4,0.0736982,0.117916,0.0174766,21,0.198246,0.11492,6.85659,125.258,44,8.4501,1523.72,0.0525519,0.195418877658735,0.625126,2218.02,0.0807337,0.100112,0.370516,1
0.00896135,2,0.034314,0.141372,0.0133935,30,0.38498,0.322187,6.25557,125.732,45,2.57,543.832,0.712532,0.210781159920979,0.162372,1128.36,0.226938,0.100059,0.0833129,1
0.0276446,2,-0.0410859,0.140059,0.0233745,21,0.470701,0.207822,14.7695,106.574,46,1.15,313.274,0.26715,0.309605743690137,0.298417,753.325,0.335394,0.100499,0.100493,1
0.0203803,1,0.190952,0.098785,0.0223622,19,0.408927,0.446756,8.51356,51.5136,47,1.71,146.959,-0.549949,0.182482020483864,0.0924711,836.715,0.34502,0.100335,0.0113292,1
0.0104632,3,-0.159565,0.138826,0.0228983,26,0.356934,0.434549,14.4574,65.4918,48,1.52,203.927,0.290907,0.196787559018018,0.332254,779.093,0.316627,0.1005,0.100287,1
0.016395,1,-0.283343,0.115419,0.0190814,26,0.495851,0.358958,10.3465,95.494,49,1.38,253.627,-0.0270099,0.333860256939146,0.171912,771.021,0.370711,0.100366,0.0888752,1
0.00279925,3,0.298915,0.139712,0.0203939,8,0.355459,0.157907,9.0265,94.3268,50,1.65,323.455,-0.408857,0.262339734688706,0.127644,838.436,0.286823,0.100259,0.0794444,1
0.000487094,3,-0.116862,0.0808644,0.0160399,9,0.490976,0.107429,11.9927,22.1546,51,1.26,50.2047,0.356022,0.324969156372198,0.158042,728.514,0.436549,0.100843,0.0714537,1
0.0259894,1,-0.265079,0.12339,0.0119808,32,0.287708,0.439078,5.55367,73.3804,52,4,319.805,0.359306,0.177531317111674,0.21365,1302.75,0.225347,0.100112,0.139863,1
0.0136961,3,-0.270625,0.137882,0.0115671,22,0.204303,0.197192,7.92711,121.074,53,4.43001,710.434,-0.034039,0.184983877813784,0.402024,1389.24,0.167202,0.10001,0.238565,1
0.024374,4,-0.191523,0.128674,0.0190447,20,0.199203,0.434617,13.4772,38.3082,54,2.89,137.789,-0.0976069,0.134204199226041,0.432863,1020.2,0.273272,0.100196,0.132771,1
0.0103079,3,-0.280015,0.12267,0.0170017,20,0.298295,0.33756,10.926,101.2,55,2.2,339.649,0.372534,0.206716144290935,0.286431,954.059,0.292898,0.100207,0.144574,1
0.000719999,1,0.2084,0.100445,0.0106793,9,0.286985,0.450322,14.5694,114.745,56,1.52,280.161,0.134692,0.128851063580286,0.236665,765.65,0.402569,0.100195,0.0323843,1
0.0141123,3,-0.0418687,0.12377,0.0242275,10,0.214332,0.132726,8.18534,88.6417,57,3.61,438.429,0.0827442,0.208551285330824,0.280094,1196.53,0.198502,0.100082,0.148749,1
0.0180149,3,-0.194878,0.132904,0.0100691,28,0.476987,0.370676,6.07015,105.822,58,2.28,398.866,0.279398,0.324763039952594,0.14986,990.399,0.260285,0.100007,0.0997276,1
0.0145926,4,-0.185494,0.147048,0.0142529,29,0.157803,0.161205,11.8906,76.3456,59,5.36003,521.149,-0.145807,0.137293482701635,0.628184,1556.24,0.143921,0.100146,0.218291,1
0.0266905,4,0.138815,0.120668,0.0122022,22,0.43795,0.30805,12.7341,64.6414,60,1.28,192.28,2.566,0.27388771312447,0.242779,740.694,0.330531,0.100223,0.093221,1
0.0273721,4,-0.108328,0.0879447,0.0219563,13,0.49114,0.286884,6.89997,37.8925,61,2.05,112.117,0.000559169,0.27488299999926,0.122161,893.719,0.332067,0.100155,0.0715914,1
0.0175509,1,0.208584,0.120208,0.0185971,13,0.319689,0.185089,5.72697,73.6411,62,2.91,309.313,0.21373,0.163974049244215,0.10513,1062.62,0.233836,0.10012,0.0676149,1
0.00779773,1,0.212522,0.115582,0.0151201,8,0.256452,0.183444,11.7817,117.771,63,2.19,449.296,0.004051,0.13866818421981,0.325385,912.608,0.257247,0.10004,0.126284,1
0.00954512,3,0.020031,0.0805729,0.0155997,11,0.459943,0.108883,5.93425,131.629,64,2.89,704.676,-0.81229,0.186043235269511,0.229661,1109.6,0.183731,0.100265,0.154477,1
0.00928933,4,-0.226459,0.13795,0.0143401,29,0.442288,0.202798,12.7025,100.926,65,1.32,294.586,0.152108,0.332998998085072,0.254744,759.871,0.337472,0.10041,0.11714,1
0.0270268,3,0.0219316,0.135732,0.0220606,11,0.326459,0.261373,6.79995,93.6977,66,2.65,397.138,-0.17037,0.23612384250847,0.144285,1035.54,0.231958,0.100219,0.0793184,1
0.0229191,4,-0.151918,0.102344,0.0174267,24,0.177515,0.267719,9.4751,88.6587,67,6.71006,624.411,0.30759,0.0945183910416121,0.595528,1822.95,0.13933,0.100029,0.221095,1
0.0281233,3,-0.293947,0.144451,0.0153634,24,0.399239,0.153604,8.61967,126.986,68,2.16,516.258,-0.340524,0.331895448578831,0.287752,949.329,0.241999,0.100289,0.176781,1
0.00892013,2,0.0350209,0.128575,0.013308,8,0.169139,0.12129,8.98469,28.9559,69,3.17,120.008,0.132891,0.237756893476089,0.168768,1079.36,0.237446,0.100316,0.0843746,1
0.00857057,2,0.270431,0.116056,0.0223361,31,0.365882,0.486259,13.7673,110.248,70,1.44,341.487,0.608885,0.194924263421376,0.31539,821.581,0.318628,0.100605,0.0757937,1
0.00796628,2,-0.247095,0.10358,0.0155993,21,0.155899,0.197468,14.1264,34.1619,71,3.58,139.779,-0.0459901,0.162351881066042,0.448639,1166.78,0.239762,0.100002,0.151781,1
0.000938417,2,0.206131,0.0827753,0.0177151,8,0.22323,0.30319,10.0719,60.427,72,2.66,199.534,0.0528124,0.124617555656873,0.22465,978.474,0.29766,0.100193,0.0903944,1
0.021959,4,0.0893258,0.111977,0.0143521,21,0.373661,0.35017,5.63595,35.7589,73,2.81,128.866,0.252832,0.226768749021027,0.099178,1047.06,0.272582,0.100134,0.0427536,1
0.0197273,3,0.14446,0.094397,0.0116548,16,0.357594,0.47116,6.62006,96.3246,74,2.47,312.138,-0.0490283,0.206622755042608,0.0865348,979.511,0.302936,0.100067,0.0236446,1
0.0217278,1,-0.0178231,0.100656,0.019066,13,0.467362,0.269445,10.6785,61.376,75,1.32,142.091,-0.323737,0.197967588562245,0.097734,731.461,0.424945,0.100284,0.0243984,1
0.00767246,3,0.0850616,0.0848608,0.0229528,30,0.216359,0.339984,7.24857,42.526,76,4.26,172.177,0.298888,0.125247836629584,0.267402,1326.22,0.2429,0.100249,0.11594,1
0.00975753,2,-0.293049,0.103922,0.0100347,13,0.169535,0.440881,10.0089,123.253,77,3.88,473.824,-0.0028704,0.12558390685964,0.320591,1254.39,0.255767,0.100229,0.161128,1
0.0152083,2,0.24799,0.110262,0.0188981,28,0.394034,0.421338,7.58495,79.3447,78,1.98,264.58,0.225758,0.226074565188317,0.133958,988.678,0.295061,0.100295,0.0405553,1
0.0137605,1,-0.0916057,0.124231,0.0202103,11,0.358781,0.430175,13.724,38.311,79,1.29,98.1996,-0.298799,0.219822259962599,0.15024,721.652,0.384604,0.100492,0.0535138,1
0.00254144,1,0.23138,0.139893,0.0131782,25,0.184305,0.394084,14.1586,77.1204,80,2.43,290.474,0.417286,0.142464926137629,0.430935,977.823,0.261105,0.10025,0.156785,1
0.0241779,1,-0.245105,0.111419,0.0126647,31,0.498623,0.296213,11.8447,24.7363,81,1.16,55.2775,0.229304,0.441719398931448,0.13377,706.419,0.441875,0.100657,0.048868,1
0.00986257,2,0.159826,0.0813211,0.0192469,24,0.286503,0.325879,14.8173,79.4501,82,1.96,245.074,-0.115928,0.169753745932408,0.37394,857.911,0.319193,0.100366,0.0839767,1
0.0109848,4,0.0252938,0.108566,0.016747,27,0.295773,0.478499,8.47674,93.4854,83,2.83,376.864,0.0954272,0.153077373475602,0.266205,1094.76,0.243975,0.100258,0.0937505,1
0.011203,1,-0.00904537,0.149098,0.0214703,29,0.223042,0.156861,8.98613,121.161,84,3.69,697.765,0.807947,0.180220350440444,0.416227,1236.66,0.170631,0.100169,0.200238,1
0.0132957,1,0.245599,0.0899836,0.0174933,29,0.358579,0.322479,6.30833,107.538,86,2.6,375.232,0.380001,0.180808949614549,0.119483,1045.3,0.281578,0.100154,0.0527639,1
0.0118164,2,-0.226367,0.112979,0.0237082,15,0.495542,0.329719,14.4738,67.409,1,1.02,155.765,-0.049367,0.291817886125455,0.186491,733.573,0.428623,0.100962,0.0749874,1
0.00222363,2,0.14631,0.138652,0.0139375,9,0.467229,0.422597,12.3142,115.022,2,1.04,280.958,-0.806185,0.16307565927511,0.11113,764.719,0.402324,0.100177,0.0588155,1
0.0212832,4,-0.205356,0.128432,0.0101813,32,0.324297,0.175028,14.9555,91.6397,3,2.33,416.242,0.105462,0.197411424865797,0.539315,1024.59,0.216686,0.100328,0.179248,1
0.0286019,2,0.0966331,0.114732,0.0210912,11,0.491629,0.467681,10.2789,49.3995,4,1.22,114.602,0.275873,0.261798635867534,0.0814564,776.156,0.423252,0.100092,0.0193632,1
0.023203,2,-0.0264727,0.129678,0.018166,32,0.497811,0.339511,12.708,125.843,5,1.27,392.62,0.405177,0.223274663801877,0.281296,837.805,0.31693,0.100795,0.0951798,1
0.0294221,4,-0.0209422,0.124098,0.013483,24,0.210679,0.411171,6.92143,26.6476,6,3.69,81.2731,-0.101579,0.144844389426513,0.159784,1265.29,0.321854,0.100064,0.0592993,1
0.0198538,1,-0.295256,0.140388,0.0117014,25,0.345229,0.15469,14.3024,51.6695,7,1.34,140.02,-0.0433057,0.396492018357206,0.219865,773.153,0.363193,0.100329,0.093735,1
0.00950013,4,-0.0425206,0.105956,0.014143,11,0.427483,0.192929,14.9841,48.6346,8,1.1,108.703,-0.50324,0.228326893938951,0.175879,732.343,0.439013,0.100024,0.0505182,1
0.01673,1,-0.0559042,0.0962784,0.0134534,11,0.346715,0.165044,9.93399,30.2666,9,1.86,82.5494,-0.0590595,0.232350738785997,0.119442,881.145,0.360163,0.100134,0.0476517,1
0.0250657,3,0.136773,0.133498,0.0146796,17,0.244238,0.126698,12.3815,71.2351,10,2.61,345.38,0.0210202,0.293144265399258,0.447493,1067.14,0.202745,0.100204,0.20398,1
0.0151083,2,-0.204229,0.0843657,0.0160222,27,0.179074,0.244023,14.5434,129.301,11,6.32005,983.542,-0.0410358,0.114561727855905,0.701002,1934.54,0.128976,0.100007,0.323988,1
0.0148649,3,-0.156765,0.0896127,0.0236553,15,0.46786,0.285011,6.47919,77.9705,12,2.29,259.051,-0.0028839,0.234246569154814,0.130186,1022.83,0.295979,0.100241,0.0752191,1
0.00262559,1,0.165929,0.0828586,0.0186268,10,0.237934,0.13072,14.8941,29.2117,13,1.83,76.2737,-0.0631739,0.168054721849351,0.249057,866.605,0.375807,0.100026,0.0860802,1
0.0212726,3,0.0771712,0.138246,0.0103796,17,0.188141,0.198908,11.5267,130.048,14,3.64,730.793,0.397671,0.199181533285977,0.496692,1337.35,0.174764,0.100109,0.221539,1
0.00794339,4,0.275213,0.130349,0.0182066,11,0.164802,0.190368,7.1647,63.7083,15,3.79,296.448,-0.152931,0.217063493726407,0.243102,1356.79,0.211317,0.100234,0.166757,1
0.0298932,2,-0.0256973,0.0879439,0.0246177,21,0.258881,0.104836,6.27406,61.1909,16,5.95004,461.2,-0.0269687,0.19380034503708,0.445265,1770.37,0.130266,0.100084,0.226943,1
0.0112214,3,0.117512,0.144988,0.0175566,21,0.169767,0.190115,5.59136,48.2153,17,5.07002,267.233,0.176827,0.183131179742576,0.251003,1575.33,0.177213,0.100123,0.167206,1
0.00652266,2,0.101289,0.10448,0.0246597,17,0.346077,0.437309,9.80361,50.5972,18,1.83,149.653,0.0807331,0.213087905578704,0.143829,912.418,0.333276,0.100483,0.0416749,1
0.0276754,2,-0.292103,0.104218,0.0109885,10,0.497175,0.264734,9.62004,121.256,19,1.59,348.722,0.0141747,0.298216586879953,0.217512,875.841,0.341215,0.100031,0.139926,1
0.00652056,3,-0.00511199,0.148498,0.01627,9,0.162013,0.232447,7.52098,61.7202,20,3.59,285.68,0.460036,0.19128447749604,0.141028,1284.68,0.212501,0.100264,0.0612875,1
0.0219758,4,-0.281186,0.122846,0.0127318,13,0.457369,0.127447,14.9345,106.738,21,1.18,299.127,0.0452948,0.323657789327393,0.28661,765.384,0.3525,0.100699,0.140214,1
0.0131291,3,0.104182,0.0979198,0.0175707,29,0.152885,0.248689,6.63847,33.9888,22,5.62003,147.131,-0.0289746,0.118488092953616,0.290989,1691.57,0.226856,0.100104,0.151439,1
0.0253355,1,0.0137005,0.146347,0.0236299,26,0.393729,0.342609,13.8406,36.5703,23,1.28,100.259,-0.0765681,0.195168484551153,0.243791,789.209,0.359805,0.100553,0.0325783,1
0.00731601,1,0.179327,0.0838896,0.0174592,23,0.350536,0.446187,5.69201,27.6352,24,2.9,93.4112,0.293162,0.178372061880689,0.0758854,1218.26,0.290229,0.100002,0.0299871,1
0.0224653,2,0.0460167,0.145578,0.0136873,16,0.477267,0.467969,7.31514,90.3187,25,1.69,304.093,0.133509,0.281250069728449,0.0779763,925.858,0.2923,0.10032,0.0216511,1
0.005298,4,-0.238765,0.119898,0.0214699,24,0.156417,0.387706,11.3599,45.2248,26,3.93,176.367,-0.0799167,0.11169144455233,0.415592,1326.82,0.251556,0.100001,0.143783,1
0.0222909,3,0.116824,0.147114,0.0100083,26,0.315787,0.471142,9.31495,75.3992,27,1.99,256.738,0.100711,0.213330026760505,0.199853,980.355,0.288851,0.10026,0.0663121,1
0.0285994,1,-0.0100146,0.0897187,0.0218768,9,0.482324,0.45024,7.18107,121.359,28,1.99,359.742,0.329222,0.13142782184758,0.116835,969.872,0.33273,0.100541,0.041305,1
0.0284333,3,-0.248226,0.0909812,0.0169367,14,0.36423,0.132488,13.2361,122.116,29,2.26,547.179,0.201264,0.223395151529358,0.469017,984.094,0.219064,0.10006,0.191379,1
0.0162528,2,0.024164,0.084823,0.0204718,26,0.458052,0.161112,5.4694,60.309,30,2.66,223.21,0.292353,0.290583008211077,0.0985391,1096.38,0.265438,0.100144,0.0627978,1
0.00691131,3,-0.290281,0.0809858,0.0117807,31,0.344089,0.423634,10.7257,125.103,31,2.34,417.944,-0.0531691,0.167694643263288,0.324439,1043.65,0.293777,0.100046,0.159422,1
0.0175462,1,-0.0247731,0.149478,0.0174018,21,0.469658,0.296998,11.0383,99.3552,32,1.23,276.136,0.151338,0.275781295899938,0.136114,809.863,0.355683,0.100769,0.0489305,1
0.0127364,3,-0.206853,0.142299,0.0136697,9,0.230988,0.294465,14.6462,117.436,33,1.96,369.68,0.411215,0.173662161538595,0.321251,924.429,0.313043,0.100452,0.102697,1
0.0234828,1,0.207021,0.120208,0.0216462,9,0.440108,0.42037,13.4704,112.914,34,1.06,269.744,0.040452,0.118006330203548,0.15615,747.275,0.411879,0.100301,0.015029,1
0.00287914,1,0.151145,0.143941,0.0111822,21,0.169012,0.121909,5.37148,31.639,35,4.71001,171.336,-0.00134549,0.223296652001673,0.173084,1532.76,0.181333,0.1001,0.124149,1
4.75311e-05,1,0.0462152,0.0912681,0.0109098,16,0.240462,0.416442,12.1518,121.124,36,2.27,335.814,0.202879,0.152177223055228,0.230943,1062.71,0.354692,0.100242,0.0487966,1
0.0253171,2,-0.224404,0.116828,0.0205728,30,0.15917,0.43176,10.7396,23.7907,37,3.49,67.3323,0.0565643,0.113164942209427,0.302515,1195.15,0.347159,0.100156,0.111908,1
0.0236497,2,0.0894657,0.11533,0.0183255,26,0.231755,0.186918,11.3813,44.3578,38,3.07,193.317,0.135861,0.156659766012006,0.433374,1144.61,0.225616,0.100231,0.13263,1
0.00792464,1,0.082808,0.133709,0.0122853,21,0.269736,0.240014,9.63603,74.0351,39,2.23,260.02,-0.276514,0.189794814670179,0.200363,1000.76,0.280136,0.100293,0.0798471,1
0.00793577,4,0.100941,0.0873754,0.022114,8,0.355808,0.323475,10.7677,59.7566,40,1.76,161.533,0.197296,0.150816194310618,0.17894,859.287,0.363196,0.10008,0.0583725,1
0.00715494,1,0.0799994,0.091165,0.0171124,26,0.477449,0.245993,9.25781,73.8643,41,1.5,186.648,0.0232699,0.20482362825569,0.108184,828.516,0.390751,0.100651,0.0195065,1
0.0105138,3,-0.117024,0.0926132,0.014036,32,0.203549,0.199757,11.3658,25.6768,42,3.39,90.6783,0.0168264,0.153973921761728,0.366281,1199.85,0.278643,0.100309,0.101166,1
0.00994572,2,0.119604,0.0917825,0.0191894,31,0.293115,0.256216,13.3677,33.0293,43,2.07,110.181,0.100136,0.172742557342586,0.359904,928.541,0.294634,0.10019,0.0845147,1
0.0266794,1,-0.0101225,0.123004,0.0199453,12,0.316947,0.364759,6.90238,48.2782,44,2.58,181.25,0.366104,0.239290144445734,0.0809642,1077.37,0.262068,0.100293,0.0388052,1
0.00192816,2,-0.0953016,0.106216,0.0190597,18,0.230621,0.256054,14.5465,112.385,45,2.67,433.542,-0.0467394,0.164199108596093,0.446575,1089.81,0.254323,0.100009,0.131746,1
0.0279645,3,-0.264919,0.132309,0.0148395,24,0.219337,0.397597,8.53596,26.492,46,3.09,78.1445,0.0965088,0.206776019010143,0.223598,1138.78,0.333156,0.100176,0.112244,1
0.02532,2,-0.0922728,0.14063,0.0210689,13,0.174856,0.243096,13.9681,93.5664,47,3.08,438.856,-0.038348,0.212049120013965,0.465897,1186.41,0.209612,0.100219,0.155983,1
0.013717,3,-0.262523,0.0824523,0.0118634,22,0.19485,0.128051,8.33339,66.4174,48,5.96004,448.274,0.229072,0.181923330599165,0.477599,1807.14,0.145503,0.100107,0.25897,1
0.0256099,1,-0.233389,0.130636,0.0174103,26,0.185499,0.453747,11.1163,32.6461,49,3,103.559,-0.0319819,0.124556669878169,0.316134,1145.31,0.309367,0.100038,0.11158,1
0.01822,4,-0.126987,0.102441,0.013698,10,0.323005,0.167659,9.1571,32.2367,50,2.24,102.97,0.0205193,0.267957743642973,0.173266,955.776,0.308065,0.100307,0.0955609,1
0.0204867,4,0.104393,0.126489,0.0205129,30,0.340742,0.231623,12.5129,107.847,51,2.39,511.409,0.587629,0.184458280445945,0.504724,1082.78,0.207176,0.100145,0.142821,1
0.0154057,2,-0.226213,0.127804,0.0105802,31,0.301803,0.377475,6.37778,23.6495,52,3.07,73.3124,0.266902,0.218449791261133,0.146211,1166.65,0.316675,0.100069,0.0836977,1
0.0139813,3,-0.238924,0.12856,0.0142707,23,0.380641,0.391627,11.5903,120.88,53,1.63,359.239,-0.147048,0.244772281556051,0.249547,921.993,0.330473,0.100114,0.119697,1
0.0111348,1,-0.0196059,0.1393,0.0242734,12,0.247717,0.288739,8.30981,127.899,54,2.7,471.442,-0.0544711,0.169699397824572,0.170406,1092.34,0.266748,0.100229,0.0595666,1
0.015101,3,0.291688,0.104969,0.0239836,8,0.348518,0.370227,10.4522,50.9784,55,1.58,143.655,0.0823339,0.194078120320168,0.147529,847.741,0.348303,0.100051,0.0414991,1
0.0108853,3,-0.119765,0.102124,0.0208711,16,0.475819,0.206863,12.5229,38.5426,56,1.17,91.839,0.00287568,0.301983926037321,0.145617,777.221,0.412586,0.100215,0.0581014,1
0.0203507,1,-0.126653,0.0866783,0.0246024,30,0.157022,0.147512,11.6944,45.719,57,6.50005,295.312,-0.0989431,0.104297539423281,0.610432,1898.91,0.151973,0.100065,0.217531,1
0.0157305,3,-0.245183,0.0930922,0.021377,9,0.381975,0.214518,5.88359,91.2139,58,3.12,372.659,0.434473,0.196512469101778,0.17718,1189.92,0.240148,0.100014,0.120824,1
0.0114924,3,-0.25604,0.123361,0.0111334,26,0.250203,0.313652,14.3168,66.7991,59,2.28,241.785,0.274499,0.177813440267575,0.405815,990.864,0.271342,0.100117,0.15081,1
0.0106817,3,-0.151845,0.090485,0.0176991,21,0.195431,0.298239,10.1683,129.641,60,5.08002,760.521,-0.00771659,0.129986501341299,0.511683,1679.64,0.16751,0.10017,0.229529,1
0.0285207,1,0.153907,0.102594,0.0113817,28,0.219432,0.377363,5.49803,105.009,61,4.94002,561.42,0.485691,0.127744013864391,0.251418,1646.16,0.183494,0.100003,0.12657,1
0.00707258,3,0.192915,0.0970658,0.0233137,25,0.415292,0.209455,6.96086,39.2965,62,2.08,127.421,0.0517154,0.301295466224247,0.0972,944.724,0.303461,0.100305,0.0291169,1
0.0294178,3,-0.206799,0.128303,0.0144042,31,0.354875,0.306331,12.3045,74.8366,63,1.98,256.842,-0.216391,0.204164820680897,0.384241,974.706,0.28707,0.100432,0.134099,1
0.0280151,4,0.212671,0.111761,0.0216426,27,0.180592,0.44875,12.6831,81.5563,64,4.11,400.154,-0.207041,0.126121889523087,0.585866,1433.15,0.20018,0.10012,0.166055,1
0.00188846,4,0.114866,0.115196,0.0175937,14,0.451785,0.304112,8.75395,65.214,65,1.51,183.009,0.32042,0.198574648001981,0.071757,845.762,0.351945,0.100679,0.00942242,1
0.0247359,2,-0.0369864,0.112258,0.0106676,26,0.354425,0.27105,5.64798,124.447,66,3.32,565.954,0.105675,0.227451095839636,0.179448,1305.97,0.215921,0.100097,0.115846,1
0.0097875,1,-0.120667,0.143161,0.0153143,31,0.415908,0.190385,6.70374,89.6465,67,2.28,360,-0.24875,0.285463745802384,0.159043,1062.49,0.244549,0.100108,0.10419,1
0.0132435,4,0.161036,0.106777,0.0123323,28,0.475794,0.168451,13.587,91.4156,68,1.12,245.646,-2.75807,0.34594166457152,0.222397,769.238,0.367356,0.100625,0.0967587,1
0.0285922,3,0.101103,0.10563,0.024252,14,0.283886,0.13824,7.41267,99.0258,69,3.57,535.873,-0.0308819,0.239863766060748,0.336866,1271.55,0.181493,0.100116,0.167297,1
0.00393108,2,0.20824,0.109864,0.0203641,20,0.41844,0.307456,7.73328,84.0078,70,1.76,245.837,0.096954,0.216814001536613,0.0719198,962.811,0.335961,0.100218,0.00744975,1
0.0295751,4,-0.0691323,0.129534,0.0176907,22,0.154005,0.142425,12.356,49.6135,71,6.95006,394.971,0.355965,0.124860585167381,0.703513,1954.06,0.123249,0.100019,0.227171,1
0.00758691,4,0.122608,0.146191,0.0159026,10,0.285703,0.197022,14.3295,81.1109,72,1.41,229.119,0.402383,0.22547752540399,0.211143,804.446,0.349081,0.100517,0.0700064,1
0.0186036,2,-0.133477,0.130792,0.0157065,29,0.153138,0.257246,7.22834,66.1763,73,5.56003,354.329,-0.134803,0.123312221824388,0.370662,1676.61,0.183227,0.100006,0.179168,1
0.00837314,3,-0.00790211,0.136523,0.0246532,9,0.254206,0.412815,10.7205,100.319,74,2.05,322.362,-0.246251,0.159051240203283,0.157667,948.074,0.306525,0.100406,0.0383139,1
0.0203696,4,0.0944795,0.140633,0.0183744,10,0.390065,0.181055,11.3371,68.7787,75,1.38,201.495,-0.0465676,0.26042987934206,0.159031,805.916,0.335886,0.100307,0.0575123,1
0.0270456,4,-0.177808,0.101743,0.0148382,9,0.276386,0.416006,10.2751,118.505,76,2.5,387.051,0.444108,0.149432182222964,0.257236,1051.16,0.300948,0.100197,0.112769,1
0.019309,2,-0.206123,0.128361,0.0116126,19,0.461761,0.251689,5.51461,90.0962,77,2.52,360.694,0.147789,0.359079316965494,0.124335,1129.18,0.245317,0.100113,0.0831707,1
0.011243,1,-0.105502,0.130714,0.0161816,9,0.16085,0.48303,13.2088,32.8267,78,2.4,100.118,0.0165131,0.15162596984348,0.217246,980.384,0.322056,0.100126,0.0661124,1
0.0239632,1,-0.204956,0.083192,0.0147896,31,0.433932,0.376877,6.22469,25.2529,79,2.56,77.9783,0.00906903,0.299424437275296,0.12656,1020.13,0.318643,0.100299,0.0695974,1
0.0211287,3,0.13742,0.0905325,0.0194963,15,0.328841,0.316963,12.1389,101.261,80,1.75,282.601,0.0528894,0.203474955530435,0.236811,888.293,0.352914,0.100399,0.0541158,1
0.0113694,2,0.0753379,0.138972,0.0225662,27,0.175313,0.359385,9.2816,24.5253,81,3.27,79.9406,0.123068,0.123838499454139,0.279125,1182.64,0.30149,0.100175,0.085129,1
0.0259481,4,-0.234412,0.0875596,0.0164434,18,0.157385,0.435584,9.86706,97.0035,83,6.63006,600.611,-0.127169,0.0993317248812239,0.550619,1958.87,0.158514,0.100047,0.229343,1
0.0180117,1,0.0634963,0.11535,0.0249889,18,0.49208,0.328719,8.81866,53.0792,84,1.46,153.373,-0.194307,0.214869418528524,0.0961064,853.989,0.340762,0.10037,0.0195425,1
0.00777034,1,-0.0354229,0.142164,0.0226582,18,0.456565,0.186926,14.9775,43.6164,85,0.979999,108.768,0.511568,0.316813095236059,0.172531,724.448,0.39489,0.100382,0.0413662,1
0.0164524,4,0.0429035,0.0912855,0.0137758,18,0.197916,0.134794,9.56481,125.98,86,6.80006,1206.02,0.516511,0.189350153309774,0.628109,2049.4,0.102582,0.100104,0.331685,1
0.0126574,1,-0.283772,0.114788,0.0159527,24,0.396606,0.389859,11.5315,75.6933,87,1.56,207.929,0.474747,0.26250039167329,0.211303,865.175,0.359351,0.100625,0.105006,1
0.00274872,1,0.0119673,0.121188,0.0208571,16,0.313079,0.290923,11.4985,25.2313,88,1.67,68.5805,-0.132909,0.215885602955987,0.1357,836.178,0.362762,0.100511,0.0297424,1
0.00506471,3,-0.148235,0.11786,0.0194442,29,0.356558,0.29948,9.58972,67.0692,89,2.12,232.9,0.672104,0.187721278978689,0.253783,984.353,0.282571,0.100024,0.112621,1
0.0209782,4,-0.23907,0.130316,0.0147561,18,0.325131,0.420706,13.1208,42.51,90,1.64,118.597,0.339483,0.264376241987554,0.260027,853.872,0.352947,0.100374,0.0948577,1
0.00834968,2,-0.0533242,0.119786,0.0238123,21,0.244954,0.322306,5.8627,130.565,91,4.53001,724.471,-0.275091,0.169002023784889,0.259161,1547.7,0.176843,0.100026,0.146376,1
0.0218501,4,-0.18944,0.136403,0.0179549,18,0.421575,0.17789,7.67729,121.833,92,2.15,482.108,-0.0221781,0.305738441968988,0.216525,1000.8,0.249026,0.100451,0.137715,1
0.0164873,1,0.194562,0.114849,0.0104709,17,0.318036,0.344948,13.2631,47.9172,93,1.38,122.28,-0.0679561,0.193509772757599,0.162943,814.742,0.384522,0.100027,0.0450574,1
0.011635,3,0.0726543,0.138691,0.0183618,29,0.493585,0.415924,14.5444,62.0486,94,1.01,173.588,0.447153,0.233042144994738,0.236434,750.312,0.351408,0.100215,0.0330079,1
0.00935479,3,-0.00172319,0.124798,0.0141667,13,0.332787,0.343455,13.9494,27.8772,95,1.3,72.6693,0.176163,0.249186643276477,0.124125,757.388,0.378136,0.10048,0.0274835,1
0.0236514,1,-0.256856,0.0938607,0.0227753,23,0.190271,0.301648,5.99199,67.5734,1,6.36005,386.089,0.0189216,0.116913227112417,0.336681,465.877,0.171873,0.100104,0.1989,1
0.00949858,4,-0.148045,0.113178,0.0163442,21,0.341348,0.292069,11.5515,51.5938,2,1.81,161.059,0.274062,0.237669708071546,0.239699,220.677,0.314892,0.100203,0.0999365,1
0.0192847,1,0.0157778,0.108983,0.0103653,14,0.287225,0.307864,8.67014,44.9736,3,2.33,145.459,0.0759022,0.19988643649081,0.105458,248.128,0.30447,0.100383,0.0328203,1
0.0263368,2,0.223873,0.0866869,0.0209291,21,0.446909,0.341203,5.57296,26.3213,4,2.31,83.9583,-0.295007,0.289156249865784,0.0353259,257.659,0.307949,0.100131,0.00789636,1
0.0238694,3,-0.279591,0.145421,0.0118671,12,0.475233,0.409545,8.23349,81.7114,5,1.65,271.935,0.141907,0.369301551423557,0.14676,229.207,0.295085,0.100106,0.101609,1
0.0241193,4,-0.00461862,0.0832598,0.012652,8,0.480495,0.415626,13.2732,41.3155,6,1.15,74.3001,0.25118,0.230284569236374,0.153684,185.977,0.549749,0.100779,0.064082,1
0.0106116,3,0.0831134,0.0942103,0.015315,13,0.423338,0.246794,8.00183,66.8878,7,1.84,193.847,0.5688,0.202357831062135,0.082629,226.136,0.339894,0.100412,0.0179422,1
0.0103322,3,-0.194362,0.118585,0.0242847,9,0.244254,0.377486,9.29904,63.6135,8,2.65,227.955,0.0466902,0.188762591801067,0.192633,261.769,0.274724,0.100352,0.0914944,1
0.0227962,3,0.0452434,0.103746,0.0181157,31,0.48372,0.136539,14.0669,80.389,9,1.49,301.642,-0.358633,0.275008337707135,0.419549,220.071,0.262265,0.100315,0.124737,1
0.0277652,1,-0.198446,0.14901,0.0100829,32,0.44759,0.279434,10.2448,85.7355,10,1.47,255.717,0.332022,0.33104803503029,0.197313,219.38,0.329436,0.100161,0.0873176,1
0.0221856,2,-0.269706,0.0887174,0.0172862,26,0.189073,0.233925,9.9315,122.576,11,7.01007,978.563,-0.0762897,0.12749168678192,0.627764,502.993,0.122899,0.100015,0.320759,1
0.0274304,3,-0.189547,0.101568,0.0183965,19,0.448538,0.130926,14.6533,84.0005,12,1.35,256.398,-0.131328,0.320436420876845,0.333115,204.323,0.322125,0.100228,0.125544,1
0.016939,2,0.226752,0.0881398,0.0205992,23,0.157014,0.376597,10.824,82.7396,13,4.78001,427.257,0.269313,0.116599063047212,0.520474,380.848,0.190045,0.100038,0.22498,1
0.0264077,3,-0.189315,0.145158,0.0119976,16,0.480546,0.389321,10.2154,115.586,14,1.37,342.099,-0.584189,0.327629807764302,0.171662,218.725,0.333917,0.100743,0.092831,1
0.0226633,2,0.0556914,0.11597,0.019338,29,0.389701,0.257671,13.5661,64.2319,15,1.59,220.77,-0.0297506,0.214405327723868,0.348744,217.858,0.286627,0.100424,0.0800524,1
0.00702811,2,0.160862,0.0931272,0.0207769,16,0.285799,0.236123,7.67681,33.4386,16,2.62,113.057,0.0555084,0.211848718749248,0.128591,271.507,0.291029,0.100304,0.0507199,1
0.0184873,3,0.20919,0.140516,0.0248687,21,0.460857,0.195214,5.06077,27.0054,17,2.31,92.7286,-0.23705,0.365431878323999,0.0443687,269.251,0.286273,0.100202,0.0155673,1
0.029025,4,-0.278321,0.0817658,0.0113416,13,0.234442,0.151437,12.6084,36.843,18,3.3,162.064,-0.167237,0.235671748510631,0.450245,297.54,0.223413,0.100178,0.174528,1
0.0144837,3,-0.0537763,0.146895,0.0170184,22,0.191063,0.212431,13.6472,89.1841,19,3.3,455.771,-0.154096,0.168133122644525,0.524717,305.315,0.192059,0.100052,0.174828,1
0.00534817,4,-0.113346,0.144113,0.0109199,26,0.475199,0.474936,11.1926,90.9344,20,1.26,255.481,0.0788346,0.252219996020386,0.170879,219.382,0.350807,0.100469,0.0775285,1
0.00430194,1,-0.157012,0.142133,0.0145266,30,0.161066,0.458887,11.5874,107.314,21,3.89,494.601,0.119694,0.0967513342242188,0.471853,332.195,0.213055,0.100097,0.144139,1
0.0145235,3,0.0336192,0.0878408,0.0187358,29,0.198228,0.319478,6.03425,104.133,22,6.58006,669.661,-0.0451896,0.110665736585025,0.382136,473.736,0.152712,0.100108,0.156519,1
0.00124427,1,-0.205388,0.136171,0.0139663,30,0.280984,0.389645,7.76134,84.4779,23,2.99,338.033,0.318858,0.166317497300463,0.257195,295.415,0.245398,0.100096,0.127305,1
0.00709951,3,-0.26312,0.0846526,0.0187703,19,0.483839,0.256923,9.33777,61.1939,24,1.61,165.515,-0.190036,0.325167493400712,0.15316,219.306,0.364902,0.100609,0.0924011,1
0.0128882,1,-0.0308926,0.0978821,0.0158075,15,0.285278,0.183452,7.38236,78.8787,25,2.95,275.59,-0.135445,0.177408880410678,0.139077,287.538,0.280861,0.100029,0.0645285,1
0.00267144,4,0.289803,0.143946,0.0237996,30,0.332383,0.412598,8.3865,40.8669,26,1.92,126.445,-0.0403314,0.205744369075583,0.163071,233.336,0.317615,0.100176,0.0488091,1
0.0150814,2,0.0132138,0.103352,0.0158257,19,0.19007,0.225861,7.63916,43.3663,27,4.28,199.46,0.146787,0.177741984730445,0.256824,344.504,0.213606,0.100149,0.0983208,1
0.000288612,2,0.017883,0.136727,0.0106548,12,0.244383,0.372605,11.6753,121.749,28,1.96,351.718,0.458919,0.163363121143382,0.180383,228.829,0.339734,0.100046,0.0382496,1
0.0250876,2,-0.264299,0.128532,0.0221812,31,0.292256,0.214074,14.2171,67.0948,29,2.31,266.856,-0.190483,0.198181407441776,0.474278,250.071,0.247643,0.100402,0.168843,1
0.0203249,2,0.11718,0.0827058,0.0151946,21,0.288336,0.223378,14.7628,111.292,30,2.35,432.218,-0.0114526,0.191112721700081,0.468783,255.371,0.253579,0.100388,0.11729,1
0.0263061,4,-0.168085,0.117935,0.0183962,30,0.379386,0.357408,12.311,85.881,31,2.04,317.119,-0.303249,0.169310683923981,0.419964,238.415,0.266673,0.100377,0.130291,1
0.00827026,3,-0.160875,0.103565,0.0129692,9,0.293104,0.301084,14.8966,107.402,32,1.83,310.511,0.0558522,0.128492074732291,0.326675,218.562,0.341082,0.10052,0.0797291,1
0.0287918,3,-0.0349265,0.108814,0.0160306,22,0.461376,0.245944,8.67719,39.8916,33,1.79,124.149,-0.181336,0.240238201489339,0.18501,230.701,0.316458,0.100394,0.0587118,1
0.00132175,2,-0.149371,0.107625,0.0141608,12,0.294061,0.224844,6.83073,57.208,34,2.99,209.011,-0.065984,0.178049419176919,0.124315,285.962,0.2687,0.100072,0.0696126,1
0.0192292,4,0.0761088,0.131491,0.0140302,31,0.36678,0.307112,6.30541,33.6696,35,2.59,110.963,0.228663,0.217178824786199,0.143743,270.762,0.297831,0.100056,0.0531574,1
0.00868846,2,0.152012,0.102845,0.0155948,19,0.482157,0.255207,10.0811,81.4046,36,1.27,197.51,0.1991,0.241155815034414,0.0822214,202.24,0.406129,0.100446,0.0123405,1
0.000144828,1,0.0339125,0.110621,0.0193987,15,0.249587,0.377191,8.23518,51.3642,37,2.8,189.283,0.146635,0.185534016300878,0.148029,286.176,0.267054,0.100319,0.0573719,1
0.0119599,3,-0.241214,0.094416,0.0110205,12,0.163034,0.344642,12.4617,60.9047,38,3.36,214.487,0.0017307,0.153266469058099,0.329057,296.088,0.279094,0.100192,0.144202,1
0.00932136,1,0.163498,0.142922,0.0129313,15,0.426718,0.45131,9.73486,57.5635,39,1.33,167.899,-0.551541,0.222582715837273,0.073529,206.548,0.337674,0.100399,0.0178675,1
0.00707122,2,-0.0626634,0.134133,0.0210506,15,0.411372,0.2718,10.4945,116.617,40,1.47,311.155,0.632241,0.208440855078917,0.139302,213.706,0.369759,0.100569,0.0549358,1
0.0223425,1,-0.159423,0.137029,0.0228827,9,0.243099,0.444116,6.55693,24.4144,41,3.26,73.714,0.165413,0.230552761462479,0.116178,300.774,0.325085,0.100053,0.0715455,1
0.00700545,1,0.0191595,0.120279,0.0202361,21,0.444065,0.288118,11.048,84.4424,42,1.33,217.015,0.530682,0.217517337672289,0.131889,208.887,0.38389,0.100569,0.0350237,1
0.00647945,4,0.174193,0.107515,0.0138376,18,0.295493,0.406212,14.1041,107.948,43,1.56,285.9,0.564173,0.188174379426165,0.245885,207.002,0.371938,0.100416,0.051981,1
0.0113988,3,0.149315,0.124073,0.0159011,25,0.370737,0.4929,13.8828,45.8463,44,1.29,123.297,0.266509,0.190498455435025,0.22853,201.398,0.365598,0.100227,0.0360389,1
0.0285437,1,-0.02148,0.100816,0.0235642,23,0.185474,0.268746,6.88984,57.7098,45,5.39003,306.693,-0.235795,0.123969778995696,0.32375,412.625,0.184862,0.100146,0.140751,1
0.00705845,3,-0.0147565,0.0947468,0.0235476,12,0.2958,0.275921,7.12699,103.529,46,2.97,360.554,-0.0922187,0.143134314998228,0.130559,289.715,0.281957,0.100097,0.0427158,1
0.00201104,4,0.0685926,0.139714,0.0188128,28,0.391813,0.276705,6.6365,116.102,47,2.37,478.233,-0.18319,0.222785577959666,0.159692,271.495,0.239102,0.100395,0.090687,1
0.0289155,3,0.255256,0.0994904,0.0222648,27,0.336762,0.367567,5.5469,23.6661,48,3,79.9525,-0.0487824,0.219516820838209,0.112753,291.077,0.291251,0.100301,0.0377595,1
0.00638488,1,-0.094646,0.0914246,0.019097,21,0.26497,0.464922,5.82234,130.95,49,4.3,582.522,0.0647642,0.146430908140504,0.194703,357.387,0.220869,0.100155,0.121547,1
0.0144068,4,0.252158,0.147291,0.0161656,9,0.39375,0.361637,5.69411,86.2584,50,2.27,341.582,0.179264,0.224338387176106,0.059898,262.815,0.248193,0.100187,0.0223383,1
0.00399504,4,-0.0518742,0.147713,0.0116375,18,0.491968,0.221651,11.9474,97.631,51,1.08,234.286,-0.295043,0.275898940915382,0.123423,195.605,0.409993,0.100292,0.0562577,1
0.0271684,3,0.22758,0.13173,0.0226736,16,0.412373,0.32831,8.62495,24.4897,52,1.54,63.672,-0.672724,0.295773100340667,0.0777814,213.333,0.379064,0.100463,0.0164998,1
0.0140218,2,0.0863958,0.141177,0.0237612,25,0.188561,0.498019,13.1501,83.6921,53,3.01,355.638,0.448517,0.115448414909209,0.472335,287.743,0.231578,0.100312,0.132883,1
0.00479782,3,0.00616013,0.0964468,0.0199506,9,0.271927,0.389644,6.0252,103.027,54,3.58,421.038,0.790388,0.114220427377849,0.0998911,317.291,0.240078,0.100013,0.0212126,1
0.0106405,2,-0.251359,0.0994418,0.0182429,14,0.324063,0.266752,8.65424,108.075,55,2.48,345.985,0.133172,0.190144317324092,0.208723,260.524,0.306563,0.100042,0.119558,1
0.00950326,1,0.219116,0.108289,0.0175742,30,0.237967,0.385108,9.0543,44.8661,56,2.76,151.064,0.185377,0.137612327355553,0.26209,274.126,0.291409,0.100018,0.105046,1
0.006193,1,0.140572,0.117619,0.0212373,30,0.218034,0.119698,11.7121,29.2787,57,2.51,103.502,0.00925948,0.210339282629772,0.324127,254.373,0.278106,0.100216,0.129573,1
0.00769577,4,0.12217,0.135394,0.0182051,15,0.444758,0.235073,14.5375,60.2798,58,0.959999,142.999,0.185002,0.287686623891693,0.135374,182.611,0.416728,0.100773,0.0269223,1
0.0113242,4,-0.184618,0.148999,0.0126825,31,0.33444,0.254988,10.0684,116.421,59,2.21,456.386,-0.155959,0.22160775226464,0.329039,251.24,0.250894,0.100259,0.159735,1
0.0057187,3,0.204473,0.109108,0.0244534,22,0.217847,0.132501,8.81985,67.2269,60,3.24,300.91,-0.436729,0.251701341537855,0.315799,299.104,0.219223,0.100025,0.187762,1
0.0149224,4,-0.293631,0.0840384,0.0236513,14,0.387824,0.222785,14.321,131.78,61,1.83,458.147,-0.126095,0.188515007173015,0.412986,224.286,0.283033,0.100305,0.15824,1
0.0149687,4,0.00352413,0.0920853,0.0195031,31,0.356506,0.449502,10.6849,92.7128,62,2.32,355.76,-0.0265737,0.149019381115358,0.350944,255.427,0.256549,0.100351,0.0959271,1
0.00374428,4,-0.00635531,0.127367,0.0182748,10,0.272785,0.246281,8.16542,126.074,63,2.56,433.358,-0.0950874,0.135504451158298,0.139072,267.397,0.285992,0.100209,0.0593883,1
0.00435945,1,-0.285837,0.091458,0.0204355,8,0.354811,0.423998,7.4893,27.6438,64,2.54,83.803,-0.358088,0.208673630618502,0.152791,268.403,0.32404,0.100136,0.111434,1
0.00643315,3,-0.0428187,0.109497,0.0151602,27,0.310135,0.252133,7.7096,37.12,65,2.68,130.542,0.129222,0.206753477714507,0.170692,269.301,0.279211,0.100094,0.0617042,1
0.0295617,2,0.22102,0.128788,0.019268,25,0.422894,0.398961,5.57065,49.1768,66,2.36,179.185,0.326826,0.264810399062562,0.08073,265.78,0.270293,0.100394,0.0324125,1
0.0188577,1,-0.182534,0.0151821,0.0119201,15,0.455284,0.212849,10.5879,70.8241,1,2.55,254.857,0.103179,0.173512813984066,0.431349,600.045,0.273382,0.10028,0.154226,1
0.00386429,4,-0.144795,0.032045,0.0116774,19,0.278595,0.208138,8.0979,120.376,2,6.45005,910.044,-0.000820572,0.0967195414273469,0.55656,1033.86,0.129926,0.100126,0.256228,1
0.0153194,1,-0.189711,0.0416684,0.0126168,31,0.21351,0.39131,6.92883,80.613,3,6.42005,411.432,0.387506,0.0989135833323438,0.366713,994.447,0.192454,0.100127,0.183711,1
0.0233563,3,-0.176106,0.0473844,0.0182606,15,0.155659,0.467307,13.7175,29.6429,5,4.84002,113.954,-0.0558203,0.106919659229182,0.463515,762.276,0.255234,0.100018,0.138099,1
0.0278752,2,0.0403546,0.0141168,0.0119489,12,0.227937,0.155823,8.7662,78.5844,6,15.2803,1396.2,0.117055,0.0878799594295057,0.785383,2014.75,0.0552194,0.100008,0.392022,1
0.0124669,4,-0.240125,0.00894493,0.0165865,18,0.307428,0.280976,10.9851,75.2656,7,6.67006,542.733,0.0176968,0.105604138112672,0.688905,1045.89,0.136147,0.100076,0.230018,1
0.0224846,4,-0.0565844,0.0603567,0.021887,14,0.431817,0.16001,7.54447,86.9146,8,2.46,305.054,0.137948,0.165492220088805,0.212087,587.903,0.280064,0.100201,0.10932,1
0.017468,2,-0.137204,0.07796,0.0103645,23,0.224752,0.124639,14.3388,81.0717,9,4.22,503.209,0.459375,0.202095179897873,0.604558,737.841,0.15818,0.100084,0.236528,1
0.00827503,2,0.125878,0.0679889,0.0237328,17,0.330472,0.229969,5.75005,24.737,10,3.22,86.9942,-0.123012,0.202828145567414,0.0832241,663.545,0.279607,0.100236,0.0363023,1
0.0024372,4,0.196597,0.0403229,0.0187621,29,0.236264,0.151521,12.808,77.0869,11,4.32,445.602,-0.143623,0.160302029843495,0.586468,776.615,0.169856,0.100087,0.211641,1
0.00298781,4,-0.0637661,0.0567425,0.0218853,27,0.403988,0.308157,14.4468,25.0091,12,1.46,59.7691,-0.0744685,0.179080991888983,0.252222,443.432,0.412088,0.100392,0.0590457,1
0.000962968,1,0.0488579,0.0122636,0.0114993,23,0.460686,0.478479,13.2526,49.8749,13,1.44,99.662,-0.0324401,0.16064474661168,0.213116,444.216,0.49247,0.100313,0.0278054,1
0.00776581,4,-0.18653,0.0516462,0.0237654,31,0.334817,0.479959,6.52261,26.5129,14,3.45,77.1455,-0.119047,0.133380727414561,0.17361,687.069,0.337581,0.10013,0.104821,1
0.0272573,4,0.0530825,0.0540449,0.020169,29,0.282327,0.310435,9.89131,119.297,15,4.86002,733.758,0.406042,0.11102931182206,0.567646,876.95,0.159808,0.100197,0.158524,1
0.0144391,4,-0.0853943,0.051012,0.0128214,12,0.406904,0.424274,7.74336,115.44,16,2.44,312.673,-0.301291,0.120910430543458,0.167391,574.543,0.363183,0.100274,0.0914204,1
0.0134019,3,-0.0642809,0.059665,0.0168052,14,0.196204,0.403337,6.25104,40.6613,17,5.44003,170.041,-0.043909,0.169537839421046,0.174031,859.151,0.23493,0.100148,0.0703518,1
0.00240203,4,0.283453,0.0624906,0.0246481,31,0.43538,0.494413,13.2082,35.4873,18,1.16,76.4437,0.155782,0.208945835479189,0.14944,434.433,0.455481,0.100016,-0.0219263,1
0.0176735,1,-0.228797,0.0340767,0.0163007,24,0.333679,0.386126,9.13686,75.163,19,2.87,217.354,0.0237255,0.146503210291061,0.251444,615.345,0.34048,0.100366,0.128691,1
0.00998903,1,0.102808,0.0175484,0.0133119,15,0.235816,0.122194,14.5324,74.9914,20,8.83011,945.51,-0.156902,0.108040387271917,0.794032,1275.32,0.0778127,0.100008,0.370847,1
0.0256719,3,0.0977745,0.0526073,0.0157617,10,0.173274,0.215223,6.17472,89.2704,21,8.5901,690.89,0.207707,0.106564300334889,0.448482,1264,0.126826,0.100055,0.253513,1
0.0225719,3,0.0944122,0.0131054,0.0159186,17,0.469321,0.309915,10.9313,88.3168,22,2.28,317.572,-0.254936,0.13461292844047,0.421549,567.179,0.273639,0.100302,0.0699542,1
0.0223648,3,0.17532,0.0727356,0.0199571,22,0.262104,0.400254,10.462,111.305,23,2.93,421.174,-0.00580565,0.155067022724245,0.363198,638.526,0.259925,0.10026,0.125667,1
0.0190882,4,0.234118,0.0598285,0.0210887,25,0.207118,0.1707,5.07029,30.4982,24,6.36005,161.806,-0.174441,0.1686404901448,0.290918,983.984,0.184991,0.100046,0.172894,1
0.00914618,1,0.0176755,0.0448637,0.02202,22,0.186527,0.36908,14.012,96.7394,25,5.37003,501.123,0.247312,0.0905460235627372,0.590386,860.871,0.189557,0.100095,0.139056,1
0.0206159,1,0.126072,0.0658678,0.0173747,31,0.156573,0.235674,7.47774,108.334,26,9.57012,1000.9,0.33565,0.0949521326869463,0.594472,1324.02,0.106251,0.100067,0.297343,1
0.0216006,3,0.0853761,0.0559116,0.0228667,29,0.185099,0.20787,12.3529,22.3944,27,4.61001,91.0364,0.0650199,0.124659368570117,0.507789,761.27,0.241868,0.100227,0.105447,1
0.0133194,3,0.196297,0.0676864,0.0101101,20,0.397757,0.311121,5.00759,115.703,29,3.08,423.6,0.397631,0.196902077389028,0.0782925,687.12,0.26809,0.100051,0.0269402,1
0.00808355,2,-0.113086,0.0265251,0.0240301,27,0.423718,0.148919,8.89156,94.6404,30,3.06,440.885,-0.0720445,0.148000534291332,0.411691,667.996,0.211054,0.100225,0.157938,1
0.0193218,2,0.0158826,0.049825,0.018102,12,0.487732,0.43958,5.46258,131.22,31,2.76,411.068,0.557335,0.132932670907275,0.117448,640.828,0.314119,0.100309,0.0512248,1
0.0234836,2,-0.133641,0.0199662,0.0116074,15,0.389448,0.494691,9.31894,48.5446,32,2.34,107.98,0.286515,0.12552346169362,0.191994,545.373,0.442259,0.100279,0.100903,1
0.0047755,1,-0.0421178,0.0778874,0.0176028,28,0.408561,0.486045,5.45508,40.1684,33,3.02,143.501,0.228835,0.172008514896425,0.103608,676.687,0.275013,0.100151,0.051682,1
0.0276455,1,0.164838,0.0649291,0.0221902,9,0.280048,0.345137,6.62751,125.741,34,3.77,539.443,-0.374838,0.0881858986209059,0.238066,729.277,0.229211,0.100239,0.108403,1
0.011097,4,-0.0939133,0.0338406,0.0233107,26,0.336162,0.277844,8.71444,44.8128,36,2.93,133.314,0.104508,0.164713069092535,0.237093,626.126,0.330576,0.100248,0.0918834,1
0.00120621,3,-0.152841,0.058923,0.0211523,29,0.197206,0.404984,11.6683,29.4321,37,3.7,91.1849,-0.0180047,0.107132330337793,0.346317,670.11,0.317368,0.10023,0.11984,1
0.00282542,3,0.186598,0.0141056,0.0139942,32,0.179982,0.275953,7.8655,61.0512,38,8.3501,399.039,-0.100793,0.084933975104788,0.527219,1213.59,0.150108,0.100013,0.226011,1
0.0165251,2,-0.133704,0.0718945,0.0131079,28,0.152914,0.44798,7.45961,118.574,39,8.3401,818.137,-0.0596727,0.0879126876162289,0.486209,1186.07,0.142252,0.100052,0.212055,1
0.023344,4,0.0341387,0.0198293,0.011574,11,0.403217,0.10231,8.76766,118.85,40,6.77006,1626.88,0.0774574,0.127393123961924,0.718136,1153.45,0.0716869,0.10003,0.374953,1
0.0207744,3,-0.132099,0.05661,0.0182247,22,0.45369,0.321523,9.67839,75.0834,41,1.8,188.653,0.00260264,0.211021884608929,0.190048,511.589,0.390669,0.10006,0.08438,1
0.00700036,3,0.271946,0.0382685,0.0113839,31,0.340984,0.486604,14.9265,130.217,42,1.94,405.318,-0.0435025,0.151379086287527,0.421311,507.728,0.31617,0.100318,0.0499672,1
0.021867,4,-0.220285,0.052829,0.021212,14,0.375775,0.40626,13.7992,81.5016,43,1.82,212.399,-0.322764,0.159000774624418,0.325786,485.902,0.377766,0.100355,0.117321,1
0.0103012,3,0.198929,0.0484207,0.0208864,29,0.473543,0.215358,11.8781,39.7207,44,1.27,90.0322,0.0372764,0.250759593489471,0.144856,447.582,0.434783,0.100458,-0.010123,1
0.0211818,4,-0.0449024,0.00738624,0.0248619,15,0.393266,0.267267,13.2812,47.2522,45,3.61,212.18,0.273888,0.137477971296805,0.623028,720.542,0.218916,0.100206,0.0964507,1
0.0150008,1,-0.150942,0.0765179,0.0182582,32,0.298446,0.266701,12.9042,103.171,47,2.88,439.194,-0.10862,0.153074647178539,0.480458,619.176,0.23099,0.100236,0.170982,1
0.0285567,4,0.254262,0.0797715,0.0202422,16,0.296079,0.166999,8.5959,25.0105,48,2.69,91.7737,0.343524,0.270411605515082,0.269935,580.628,0.26788,0.1002,0.0945001,1
0.00766136,1,-0.0673142,0.0272278,0.0183145,11,0.417742,0.353317,5.19591,42.4585,49,3.56,118.707,0.140596,0.136891600705213,0.127245,727.635,0.351448,0.100163,0.0803143,1
0.0162009,4,0.246855,0.0707206,0.0109559,29,0.372244,0.406702,11.1348,48.591,50,1.59,123.187,0.210954,0.226968867497496,0.169039,479.737,0.388876,0.100497,0.0273866,1
0.0275014,3,-0.225164,0.0658759,0.0110548,27,0.159288,0.321557,12.4917,51.3773,51,6.59006,292.213,-0.160826,0.116960271485017,0.610292,965.977,0.172588,0.100062,0.203162,1
0.0129025,2,-0.171763,0.0445263,0.0235459,15,0.298294,0.396705,14.93,33.1813,52,2.03,81.5331,0.0643648,0.16864011557939,0.300567,501.49,0.400532,0.100325,0.082404,1
0.00118671,2,0.19282,0.0205088,0.0219606,9,0.405758,0.424626,10.0031,30.2499,53,1.9,68.2639,0.12103,0.149123752252806,0.183891,508.029,0.435404,0.100159,0.0249788,1
0.0271138,3,0.198902,0.00887631,0.0186524,27,0.237006,0.288515,14.75,124.313,54,10.5501,1561.68,0.100164,0.0793019802789239,0.836984,1484.24,0.0781424,0.100068,0.338016,1
0.0101382,2,0.0503647,0.0164456,0.0146651,13,0.311837,0.200422,14.8034,59.5836,55,5.19002,422.441,-0.19283,0.0938434242306233,0.721223,890.378,0.138457,0.100066,0.149994,1
0.0238955,1,0.0822001,0.0216256,0.0196245,20,0.290019,0.243512,9.70266,126.008,56,5.61003,909.345,0.363627,0.0967844638247974,0.59689,939.704,0.135986,0.100036,0.202116,1
0.0184127,2,0.00324957,0.0169952,0.0189373,30,0.485234,0.487167,6.9532,30.8382,57,2.21,64.0827,0.110385,0.172951956121038,0.0685316,548.885,0.473289,0.100256,0.00874937,1
0.0255904,3,0.0942283,0.0762945,0.0187096,13,0.411108,0.240999,5.82399,126.581,58,2.82,488.262,-0.302887,0.168630061981159,0.134393,646.797,0.255128,0.100317,0.0683346,1
0.0176384,4,-0.298218,0.0502724,0.0245105,26,0.469974,0.35346,9.75361,62.091,59,1.78,162.174,0.0960005,0.281562011733428,0.201315,494.81,0.37649,0.100239,0.103909,1
0.0187018,1,0.0154384,0.0365218,0.0217356,26,0.307742,0.101822,12.9949,47.7984,60,3.46,246.973,0.0367914,0.167026050697332,0.536814,680.342,0.190127,0.100141,0.135951,1
0.00979786,2,0.192608,0.0661897,0.021594,17,0.363219,0.499728,13.7625,120.111,61,1.48,285.964,0.39336,0.172311729557057,0.239661,444.743,0.412924,0.100214,0.0205085,1
0.00281021,2,0.267363,0.00813736,0.017541,25,0.430011,0.351586,13.7474,73.9774,62,2.78,351.488,-0.225327,0.132345017059746,0.613818,639.032,0.207175,0.100341,0.0400046,1
0.0106456,1,0.154363,0.064502,0.0109982,21,0.376126,0.219309,5.93341,63.7893,63,2.83,214.333,0.320714,0.164620388811162,0.0917985,646.499,0.2926,0.100218,0.0336823,1
0.0285325,4,-0.0230242,0.013435,0.0115397,31,0.180488,0.497479,14.8452,112.572,65,11.3302,1005.18,-0.259621,0.0714319141107037,0.777899,1512.89,0.109889,0.100023,0.221992,1
0.0125554,2,0.213058,0.0676784,0.0216412,20,0.440455,0.398183,9.44287,34.2999,66,1.49,80.6079,0.350043,0.218293982597626,0.0670409,476.171,0.419456,0.100485,-0.0213504,1
0.0199224,2,-0.237353,0.0105867,0.0122023,18,0.342878,0.288076,10.4348,93.9557,67,5.44003,606.76,0.42604,0.113218386346969,0.640666,928.801,0.152079,0.100114,0.238598,1
0.0067444,1,-0.0412978,0.0586151,0.0139103,15,0.343294,0.318857,11.9388,46.8886,68,1.77,103.783,0.0691282,0.145364389674943,0.146056,469.057,0.445574,0.100534,0.028351,1
0.0059987,1,0.264718,0.0784566,0.0235228,25,0.203286,0.356455,13.7048,109.954,69,3.48,488.7,0.0905851,0.134123366240617,0.546034,686.17,0.221191,0.100215,0.188097,1
0.0188442,2,-0.0335272,0.0067861,0.0138365,14,0.402661,0.419694,10.3031,101.922,70,4.61001,551.51,-0.0922821,0.107434597354844,0.62942,849.008,0.18145,0.100086,0.108697,1
0.0261763,4,-0.131745,0.0364182,0.0142353,29,0.429174,0.171178,8.5975,105.206,71,3.22,520.055,-0.326894,0.165290976241689,0.440572,691.806,0.199056,0.100303,0.171436,1
0.0274055,2,0.125851,0.0196195,0.0157753,30,0.398334,0.236186,14.4854,77.8696,72,2.47,321.824,0.323799,0.148932955135524,0.542821,592.039,0.237677,0.100131,0.0710865,1
0.0278518,4,-0.284983,0.0706937,0.0245525,16,0.3075,0.246159,13.4739,93.8864,73,3.03,440.819,0.0326372,0.167961675210099,0.531533,645.735,0.209073,0.100066,0.201926,1
0.0205135,4,0.205568,0.0526471,0.013349,11,0.335731,0.236742,7.91106,117.885,74,2.97,497.228,-0.319175,0.153934640685645,0.287485,655.773,0.232754,0.100075,0.135655,1
0.0296856,2,0.090964,0.0373444,0.0150679,24,0.29805,0.247036,5.48789,48.0094,75,4.38001,184.517,0.0166881,0.156838764165395,0.155581,773.842,0.255386,0.100055,0.0791926,1
0.0164558,2,-0.117424,0.0308512,0.0231323,8,0.208267,0.304225,13.868,131.757,76,9.19011,1312.5,-0.430314,0.0590950580516443,0.762352,1306.91,0.0986149,0.100138,0.379525,1
0.00152783,3,-0.267978,0.079499,0.0205612,27,0.409816,0.265523,6.65507,101.468,77,2.74,361.561,-0.118956,0.214896290849915,0.192809,627.868,0.276232,0.100336,0.121993,1
0.00755986,4,0.171635,0.0295434,0.0192809,18,0.314935,0.339584,12.3699,102.715,78,2.67,373.167,0.0347362,0.127490716744763,0.421659,584.756,0.270686,0.100246,0.0880096,1
0.027213,4,-0.0114008,0.0303701,0.0138895,28,0.352723,0.431013,14.4463,85.4315,79,2.36,274.497,-0.079307,0.151247546760031,0.443873,557.113,0.306375,0.100347,0.0751513,1
0.0298977,1,0.153579,0.0477924,0.0161677,24,0.483468,0.180351,14.5066,40.8192,80,1.1,88.4789,0.37586,0.191927130531845,0.191044,412.958,0.453536,0.100212,0.0231544,1
0.0238925,4,0.135828,0.0448567,0.0157794,12,0.184197,0.248082,13.8004,116.917,81,7.48008,982.49,-0.899088,0.0953567721273158,0.726546,1122.17,0.116754,0.100013,0.31666,1
0.0242009,2,-0.204624,0.0347974,0.0131969,15,0.300272,0.383428,9.01438,27.1022,82,2.93,70.824,0.0469747,0.207115752913552,0.186693,584.833,0.375716,0.100084,0.10214,1
0.000174564,1,-0.141754,0.0570768,0.0205185,28,0.367038,0.364387,8.30684,41.0321,83,2.53,119.098,0.180997,0.159510380203783,0.190843,570.917,0.339162,0.10035,0.0865467,1
0.0282174,4,0.0177914,0.0296522,0.0171305,15,0.315407,0.43763,14.4506,26.5751,84,1.94,60.0441,-0.0383263,0.154867402855871,0.257305,488.897,0.435385,0.100277,0.0394939,1
0.00492068,4,0.0593087,0.0466725,0.0219776,11,0.177839,0.46655,13.8913,121.077,85,4.82002,555.319,-0.159594,0.102416691943123,0.542841,781.46,0.213968,0.100037,0.131048,1
0.0107947,3,0.270947,0.0332835,0.0155386,21,0.459515,0.167764,12.0442,25.5771,86,1.27,57.8709,-0.201704,0.269028482493803,0.134641,446.846,0.43509,0.10035,-0.00817478,1
0.0221481,3,0.0644991,0.0615714,0.0135947,11,0.346546,0.355658,13.4018,104.582,87,1.92,309.101,0.0818545,0.139690122345408,0.331662,506.249,0.332496,0.100175,0.068095,1
0.00846228,2,0.163847,0.0479444,0.0118926,29,0.470628,0.260512,14.1467,95.7946,88,1.29,250.057,-0.219356,0.182434591571863,0.276318,437.098,0.378208,0.100637,0.0165557,1
0.026556,1,0.254206,0.0352395,0.0152201,9,0.260079,0.387328,5.16561,70.9351,90,5.27003,337.361,-0.105461,0.0851445189239477,0.237428,890.215,0.206684,0.100201,0.126593,1
0.000695222,1,0.0620132,0.0288703,0.0164393,32,0.155959,0.495597,8.7315,113.533,91,9.35012,778.673,-0.17275,0.0783019676083706,0.553057,1280.87,0.143171,0.100097,0.207801,1
0.0116456,4,-0.06279,0.0732929,0.0230473,18,0.380705,0.390318,11.2891,96.7522,92,1.75,237.898,0.395178,0.163763143829747,0.195172,476.664,0.399528,0.10014,0.0636819,1
0.0113751,1,-0.250055,0.0673322,0.0220608,8,0.395813,0.202736,13.4698,40.3644,93,1.58,104.493,0.0320799,0.252844395912059,0.265464,464.241,0.379567,0.100163,0.1403,1
0.0241239,1,0.139722,0.0438819,0.0240073,19,0.346285,0.218458,11.068,28.7198,94,1.82,66.6195,0.186512,0.138013874986948,0.143724,497.027,0.423212,0.100071,0.0332316,1
0.0185744,2,0.098794,0.0070948,0.0225047,13,0.37838,0.420709,11.4792,119.782,95,5.82004,872.295,-0.214269,0.0884404833919235,0.733623,1019.34,0.134739,0.100022,0.129796,1
0.000412149,4,0.203396,0.0475165,0.0199737,25,0.34651,0.38925,14.3312,128.234,96,1.93,401.573,-0.223674,0.144579917666762,0.394952,505.32,0.314893,0.10052,0.0565426,1
0.025419,2,0.2369,0.0652747,0.0203324,26,0.350865,0.473252,9.56955,76.8476,97,1.94,206.382,-0.0331774,0.199851445920695,0.162287,521.442,0.365958,0.100185,0.0396112,1
0.00828999,3,-0.293417,0.0569986,0.0156119,8,0.237585,0.432058,5.90025,29.1931,98,5.10002,112.316,-0.0621564,0.124012729174958,0.190097,858.828,0.255148,0.100065,0.149207,1
0.0186793,1,-0.106397,0.0468448,0.0136237,24,0.307806,0.396618,6.84656,27.3409,99,3.46,84.5054,0.0288215,0.164078543349764,0.145209,693.3,0.317497,0.100033,0.0677245,1
0.0180494,3,0.145797,0.0661283,0.0150398,15,0.27185,0.359832,13.39,67.063,100,2.09,185.816,0.0514128,0.17481090209226,0.294902,509.895,0.354879,0.100233,0.0589533,1
0.00351498,4,-0.0299609,0.0489836,0.0104338,27,0.410832,0.42796,7.90696,112.138,101,2.27,279.686,0.504768,0.150104477537861,0.126075,551.629,0.39485,0.100388,0.0458091,1
0.0208113,1,-0.177355,0.0707288,0.0175583,27,0.221339,0.17183,6.0855,112.735,102,7.47008,920.885,0.268981,0.159473876451623,0.459025,1145.26,0.120214,0.1001,0.277426,1
0.0072942,1,0.283514,0.0238377,0.0165351,9,0.194376,0.440346,10.3161,24.4683,105,3.88,74.3852,-0.00893218,0.108448376087085,0.344457,686.835,0.323261,0.100177,0.148321,1
0.0191042,2,0.245375,0.0614085,0.0175536,10,0.258818,0.333196,9.38336,67.4668,106,2.72,213.458,0.087601,0.152926049444476,0.236671,601.401,0.310092,0.10001,0.0977685,1
0.02521,1,0.0646099,0.0450323,0.010044,14,0.359391,0.350848,6.66928,67.2318,107,2.9,193.52,0.246708,0.122665364482044,0.109607,636.509,0.341238,0.100124,0.0460491,1
0.0273137,1,0.147731,0.0258269,0.0217987,12,0.256847,0.122066,14.362,105.171,108,7.01007,1250.16,0.228881,0.11096631512714,0.769504,1103.19,0.0826174,0.100108,0.398891,1
0.00428503,1,0.235892,0.0139423,0.0228703,11,0.389928,0.330407,10.8062,47.9078,109,2.59,173.401,0.253166,0.133799735500265,0.428312,587.782,0.271498,0.100172,0.0590122,1
0.0103913,4,0.0160646,0.00763592,0.0248909,20,0.437067,0.361424,7.12806,87.2931,110,2.94,275.901,-0.170526,0.117912714302233,0.233117,643.51,0.311161,0.100251,0.0751171,1
0.000627273,4,0.0835814,0.022184,0.0151607,31,0.323729,0.289627,13.5433,114.788,112,3.36,540.644,0.33028,0.104991670679738,0.560878,679.214,0.208777,0.100237,0.105089,1
0.0242511,2,-0.188849,0.0734969,0.0204217,21,0.474557,0.154775,14.1799,44.5715,113,1.21,106.622,0.0034354,0.333130232754453,0.228156,436.853,0.411355,0.100308,0.0792511,1
0.0200029,2,-0.149021,0.0439122,0.0114642,20,0.463094,0.455818,6.24154,52.9591,114,2.57,143.275,0.248644,0.191759158608754,0.117141,606.438,0.362807,0.100055,0.0729098,1
0.0185419,2,0.107725,0.0567529,0.0169167,15,0.43296,0.344936,8.50432,113.712,115,1.93,313.557,0.0958693,0.157083538978311,0.139623,531.569,0.357319,0.100438,0.0294647,1
0.000230666,3,0.119555,0.0700833,0.017436,10,0.361778,0.370733,11.5351,88.5654,116,1.7,218.664,-0.148456,0.126126436827886,0.190153,489.657,0.398847,0.100381,0.0485884,1
0.0017083,3,0.106424,0.0427685,0.0215524,23,0.324578,0.453951,11.3613,23.4929,117,1.94,52.5553,0.170085,0.155236785726083,0.15588,503.189,0.439823,0.100297,0.0215609,1
0.00511202,4,0.275843,0.0493223,0.0105879,20,0.324449,0.407836,12.252,105.257,118,1.86,291.065,-0.0180929,0.154749623699062,0.258747,505.643,0.356176,0.1004,0.0476049,1
0.00725502,4,0.265648,0.00940743,0.0172776,23,0.413408,0.295965,14.2715,118.418,119,3.7,776.119,-0.293447,0.143699570152064,0.711742,730.491,0.149843,0.10011,0.116295,1
0.0041176,1,0.0423122,0.0458366,0.01172,14,0.275984,0.432011,13.0551,61.9879,120,2.12,147.225,-0.110552,0.126345561383187,0.208816,508.421,0.4135,0.100111,0.0343314,1
0.0133233,3,0.25329,0.018382,0.0230663,17,0.220029,0.369516,6.27027,98.6461,121,6.71006,582.171,0.227212,0.0956338281940063,0.409488,1007.41,0.166357,0.100079,0.224724,1
0.0107503,3,-0.0108946,0.0195676,0.0243691,17,0.418585,0.259436,12.1366,92.7095,122,2.76,387.954,0.272354,0.109958414212637,0.508211,622.082,0.234497,0.100029,0.106872,1
0.0114194,4,-0.246465,0.0637533,0.0104675,22,0.215031,0.260362,10.0382,29.3812,123,3.75,105.421,-0.129898,0.179795916291337,0.312201,689.445,0.274138,0.100267,0.157879,1
0.0214337,4,-0.293012,0.068061,0.020585,23,0.321639,0.139769,12.4655,101.93,124,3.38,585.329,-0.0824777,0.188948602871812,0.560144,699.013,0.170912,0.100047,0.245713,1
0.0178452,3,-0.262752,0.0198958,0.0208095,21,0.389881,0.452563,9.91489,34.5492,125,2.27,86.1052,-0.0964516,0.189006118627346,0.21685,541.854,0.394985,0.100347,0.0842705,1
0.029208,1,-0.224065,0.0487613,0.0219786,12,0.252754,0.386824,5.25535,85.2974,126,5.75004,380.888,-0.0764298,0.147422074691635,0.212576,953.898,0.219764,0.100034,0.141145,1
0.015107,4,0.132333,0.0292332,0.0155342,31,0.27445,0.448338,12.3735,70.9989,127,2.95,233.276,0.201049,0.146366282520789,0.399096,612.387,0.299548,0.100327,0.0880148,1
0.0269401,3,0.0684664,0.0633095,0.0179708,28,0.363047,0.430209,13.6095,101.273,128,1.93,314.664,0.0256906,0.158458863519587,0.373171,500.708,0.316404,0.100213,0.0799354,1
0.00344174,1,-0.210922,0.0580027,0.0224252,19,0.285781,0.177502,6.87247,56.11,129,3.84,207.243,0.507716,0.173708226759327,0.206936,693.499,0.266191,0.100222,0.124228,1
0.0186322,4,-0.0652179,0.0603524,0.0148992,12,0.414698,0.327263,12.7922,105.867,130,1.67,279.43,-0.386347,0.140066690913811,0.285648,489.314,0.373098,0.100385,0.0607505,1
0.024462,2,-0.193806,0.0722333,0.0209442,8,0.202648,0.416235,6.67287,93.5544,131,5.16002,427.515,-0.31551,0.102536514582939,0.240791,865.401,0.214901,0.100105,0.139899,1
0.00971024,2,0.22561,0.018704,0.0236705,25,0.462869,0.113962,9.4083,62.0769,132,2,232.321,-0.307728,0.333089541471669,0.272685,544.034,0.262632,0.100193,0.0863411,1
0.0140549,2,0.164391,0.0411011,0.0182397,13,0.356387,0.18001,5.7387,59.9908,133,3.51,248.248,-0.488749,0.16068501893362,0.171046,714.876,0.237464,0.100168,0.0846525,1
0.0133045,4,0.284671,0.0220304,0.010956,21,0.419664,0.246973,13.8124,91.5755,134,2.04,361.375,0.324471,0.183547572815134,0.483829,526.393,0.249294,0.100282,0.0691062,1
0.0101866,1,-0.0741421,0.0235805,0.0100424,29,0.330763,0.240643,7.91144,22.9069,135,2.92,53.6565,0.281714,0.169253116754493,0.119531,607.032,0.420122,0.100314,0.0515327,1
0.0230466,3,-0.102858,0.0657286,0.0220652,26,0.256924,0.154834,13.8687,121.414,136,6.42005,1171.54,0.371764,0.132252363657747,0.748054,1047.94,0.101746,0.100077,0.318055,1
0.0277571,3,-0.233958,0.0337442,0.0179557,32,0.288008,0.288971,8.58222,121.664,137,6.24005,853.42,0.345018,0.106896901196377,0.582325,1015.55,0.14001,0.100113,0.251479,1
0.0160646,3,-0.0643121,0.0351497,0.0195888,27,0.421176,0.457074,9.45236,107.775,138,2.05,257.28,0.185968,0.146481596163336,0.183929,535.365,0.412166,0.100298,0.0695088,1
0.0140486,3,-0.224937,0.0477041,0.0200241,27,0.444964,0.159553,12.9943,121.062,139,2.09,491.456,0.0114581,0.203159564190586,0.458517,546.898,0.242364,0.100294,0.181522,1
0.0264731,2,0.223009,0.0580916,0.0204363,26,0.231469,0.280796,11.0756,125.876,140,4.54001,716.788,0.497607,0.134032362771524,0.570412,821.259,0.17255,0.10016,0.202029,1
0.0243153,2,0.0603589,0.0724036,0.0147488,16,0.414431,0.459307,11.9955,83.3707,141,1.38,179.161,-0.027038,0.190379465651883,0.120308,455.259,0.459702,0.100702,0.00947535,1
0.0165966,1,0.269873,0.013507,0.0121564,11,0.198561,0.239469,11.3864,72.1312,142,10.9302,807.156,0.228684,0.0705635966283842,0.782073,1550.46,0.0877435,0.100088,0.392326,1
0.0280629,4,0.193278,0.0498917,0.0110089,11,0.150186,0.319214,12.3188,69.0766,143,5.87004,362.743,0.0170672,0.111682513586986,0.581255,909.744,0.187107,0.100159,0.229277,1
0.0145383,4,-0.110809,0.0534644,0.0164358,29,0.354535,0.322432,11.7898,116.808,144,2.6,427.65,0.134782,0.14538612934852,0.421827,598.45,0.268626,0.100252,0.135893,1
0.0209919,1,0.29057,0.0799387,0.0195951,12,0.238841,0.254703,8.43075,54.5,145,2.77,178.239,0.304372,0.11194119462447,0.182036,599.835,0.300441,0.100161,0.0904436,1
0.0243192,3,-0.041395,0.0790943,0.0161577,21,0.359764,0.415798,12.332,38.3337,146,1.78,111.912,-0.0363927,0.191639969873762,0.24854,487.012,0.337027,0.100298,0.0629228,1
0.0234359,4,0.201528,0.00908158,0.0146824,25,0.280295,0.496349,6.38754,80.9099,147,4.64001,326.767,0.100634,0.116066484136955,0.265253,819.578,0.242989,0.100035,0.113745,1
0.00447305,4,0.0627032,0.0129925,0.0176163,16,0.286033,0.201193,10.8994,67.8318,148,6.71006,553.977,0.287009,0.0974045415610819,0.683543,1049.86,0.120212,0.100078,0.197033,1
0.00120064,1,-0.204174,0.0587995,0.021172,18,0.176188,0.37839,7.92105,84.0391,149,6.32005,424.954,-0.0232767,0.0954909621331047,0.388956,971.807,0.194094,0.100047,0.187494,1
0.0111009,2,0.052796,0.0453786,0.0160104,11,0.21151,0.123303,7.67295,63.628,150,6.34005,445.988,-0.259466,0.127485882999727,0.447247,994.62,0.140116,0.100114,0.235181,1
0.0265736,4,-0.284214,0.0257788,0.0147326,19,0.29537,0.301072,10.4949,102.239,151,5.06002,577.024,0.154977,0.122661359360653,0.577176,850.031,0.17403,0.100123,0.240224,1
0.00803588,1,-0.043858,0.0672782,0.0226914,31,0.314131,0.233558,6.0047,64.4831,152,3.98,282.136,-0.366472,0.138752583824637,0.211708,748.75,0.224534,0.100144,0.120288,1
0.00674245,3,0.0921021,0.0790058,0.0186904,8,0.286136,0.255452,5.23218,34.7187,153,4.02,140.662,-0.0128848,0.157751341745648,0.110847,737.94,0.24218,0.100019,0.0622683,1
0.0269351,4,0.00418293,0.0346667,0.0108516,15,0.157372,0.341203,13.2037,32.4604,154,5.59003,136.744,0.0706159,0.127221273147674,0.492026,810.987,0.233056,0.100079,0.11659,1
0.00724132,1,-0.0943745,0.0303111,0.0107359,9,0.427724,0.41925,13.4825,23.9962,155,1.49,44.9089,0.157117,0.144424413240217,0.21268,454.366,0.525337,0.100221,0.0779403,1
0.0227288,3,0.216007,0.0198324,0.0182262,21,0.441969,0.380937,6.64638,85.3723,156,2.51,270.776,0.112204,0.156372114781975,0.144813,584.186,0.310444,0.100371,0.0347036,1
0.0256687,1,-0.0261904,0.0192806,0.0166749,25,0.347821,0.333748,6.91361,118.295,157,3.85,470.55,-0.399124,0.114294681065439,0.264573,745.906,0.24685,0.100093,0.100889,1
0.0174113,3,-0.133076,0.0435349,0.0221803,26,0.18038,0.235995,7.47166,58.8557,158,9.70013,459.553,0.0287882,0.0858877680408206,0.557074,1353.63,0.125738,0.100079,0.209497,1
0.0222722,4,0.0336067,0.0122445,0.0115402,23,0.276659,0.330798,7.24854,43.5903,159,4.25,139.025,0.328052,0.12862866929992,0.211093,758.795,0.307737,0.100049,0.0804881,1
0.0110448,4,0.231405,0.0790952,0.018434,32,0.453154,0.406577,8.77306,45.773,160,1.59,121.072,0.259946,0.251547140853504,0.107354,497.45,0.371583,0.10019,0.00195163,1
0.021288,4,0.173133,0.0752216,0.0232722,26,0.463917,0.131179,7.35986,48.6948,161,2,164.228,-0.0229734,0.320660009394929,0.149193,548.406,0.291032,0.100054,0.0632803,1
0.0167113,4,0.0780529,0.019848,0.0162729,32,0.191359,0.487747,12.147,99.0144,162,6.67006,556.001,-0.246425,0.0822835658257984,0.606855,977.244,0.174916,0.100124,0.163801,1
0.0171624,3,0.235053,0.012931,0.0140235,29,0.466736,0.154097,6.11822,97.6157,163,3.04,496.989,0.992117,0.267139018450765,0.265301,677.407,0.193257,0.100299,0.121094,1
0.00170976,2,-0.13455,0.0531009,0.0133478,20,0.465141,0.212245,11.8623,22.1648,164,1.36,45.7717,0.236199,0.248376667694644,0.132063,442.004,0.477886,0.100598,0.0528153,1
0.0260881,3,-0.29206,0.0587229,0.0126508,29,0.182749,0.259146,12.057,94.7138,165,9.19011,873.964,0.113489,0.106689999667629,0.730156,1332.3,0.106386,0.100068,0.336036,1
0.022479,2,0.173632,0.0351354,0.0123355,9,0.35938,0.431199,11.0258,64.5452,166,2.19,189.08,0.334163,0.140853493699123,0.30264,541.195,0.33588,0.100299,0.060735,1
0.028737,2,0.223248,0.0363964,0.0172651,17,0.393938,0.425555,10.8639,119.921,167,1.86,342.371,0.302554,0.153565249348108,0.248926,504.09,0.343786,0.100051,0.0500892,1
1.23341e-05,1,-0.174006,0.0792265,0.0168066,24,0.434747,0.426105,12.9438,80.2677,168,1.39,190.008,-0.250745,0.172809859370975,0.215732,456.849,0.416088,0.100403,0.0798336,1
0.00196484,4,-0.182582,0.0271731,0.011759,24,0.189949,0.351427,14.2293,29.7186,169,4.09,94.1916,0.171806,0.11206167195216,0.427091,692.123,0.309653,0.100044,0.121324,1
0.0202341,2,0.0973121,0.0677096,0.0198514,14,0.331052,0.428187,13.3056,111.427,170,1.71,279.594,0.187769,0.162636706412477,0.23923,468.98,0.391634,0.100173,0.042732,1
0.000831079,4,0.252674,0.0491173,0.0138392,20,0.174231,0.383467,14.5213,111.609,171,4.62001,534.646,0.324172,0.105045803515913,0.605686,779.597,0.204958,0.100084,0.202513,1
0.0101207,3,-0.225594,0.075733,0.0219435,17,0.412213,0.327719,8.5931,28.6006,172,2,78.2043,0.444553,0.280463239285493,0.141777,518.997,0.359172,0.100113,0.0716591,1
0.00987702,3,0.0124137,0.0273729,0.0158379,8,0.224353,0.424458,10.1523,72.4565,173,5.42003,353.453,0.380227,0.0832880479808149,0.484504,848.698,0.201414,0.100155,0.148548,1
0.0136977,3,-0.00261875,0.0718123,0.0232112,28,0.317095,0.374671,8.51003,67.2149,174,3.02,262.601,0.0719994,0.141136459129571,0.279146,631.598,0.251674,0.100231,0.0979972,1
0.0243334,4,0.035271,0.0348854,0.0104551,27,0.180748,0.308598,9.9632,58.0965,175,7.08007,347.175,0.0597376,0.096316602417611,0.541516,1035.47,0.164249,0.100054,0.151501,1
0.0179782,2,0.00292812,0.0558581,0.0182008,30,0.312279,0.187088,11.5937,27.7285,176,2.63,97.1512,0.0540117,0.170537395725338,0.357029,562.41,0.280683,0.100246,0.0810994,1
0.0299221,2,-0.0170099,0.0544844,0.0186067,13,0.25698,0.178049,8.53222,28.6873,177,3.43,97.9383,-0.0232226,0.1667990814932,0.210935,651.768,0.287504,0.100055,0.076649,1
0.0175474,3,0.209525,0.0230323,0.0171293,30,0.257868,0.173614,7.41436,36.6543,178,4.15,146.231,-0.0762066,0.177620095460442,0.275423,746.873,0.246409,0.100208,0.130354,1
0.00627731,4,0.131637,0.0144323,0.0169698,15,0.334012,0.486344,11.0081,98.6984,179,3.17,375.796,-0.0652217,0.108870679521017,0.448532,657.248,0.257856,0.100081,0.0987644,1
0.0211698,2,-0.263447,0.0244407,0.0221966,16,0.44599,0.270072,14.7635,48.4057,180,1.65,128.111,0.319688,0.236933032189365,0.365541,477.148,0.372135,0.100398,0.123486,1
0.018288,4,-0.167462,0.00675676,0.0184991,15,0.359332,0.450912,7.88272,128.584,181,6.43005,843.201,-0.164337,0.0870566140861017,0.612494,1058.49,0.149719,0.100081,0.213085,1
0.00238827,1,-0.106602,0.0419718,0.0156458,18,0.183333,0.424205,14.0128,30.6587,182,3.56,91.1783,-0.0177346,0.108118766806217,0.355485,607.174,0.330323,0.10014,0.109579,1
0.0243471,3,-0.190719,0.0353723,0.0138062,26,0.326263,0.17451,11.1517,67.7357,183,3.51,317.153,-0.173633,0.159833022039911,0.49017,694.263,0.20979,0.10013,0.194354,1
0.00211823,4,0.0578462,0.0528813,0.014456,15,0.211759,0.290905,13.9965,76.7711,184,3.37,288.67,-0.00810737,0.118771333383713,0.443888,635.583,0.261309,0.100159,0.0803334,1
0.015087,4,0.0554596,0.0234993,0.017366,30,0.342855,0.291594,14.1746,98.8281,185,3.21,453.621,0.136973,0.137053634086277,0.578377,646.271,0.213884,0.100074,0.0855522,1
0.0111455,3,0.274341,0.00994735,0.0112435,18,0.466842,0.418204,7.46527,79.0259,186,2.26,250.38,0.11499,0.137034261696051,0.197014,550.564,0.310506,0.100284,0.0177363,1
0.0222672,3,0.0760625,0.0429482,0.0168203,30,0.453336,0.151106,11.9813,104.837,187,2.18,460.47,0.180428,0.205089018487678,0.459256,561.193,0.223653,0.100136,0.113858,1
0.00937648,4,-0.107532,0.0282084,0.0207517,23,0.396539,0.388935,12.0307,86.86,188,1.99,221.736,0.132934,0.147410516601052,0.289492,503.531,0.384829,0.100142,0.0886079,1
0.0291966,4,-0.282418,0.0557263,0.0140545,22,0.301103,0.343224,9.83485,117.556,189,3.84,551.422,0.602257,0.167000461211208,0.465205,708.152,0.209416,0.100133,0.219917,1
0.00585827,3,0.103215,0.0432303,0.0109731,17,0.235987,0.291072,8.51594,122.877,190,4.57001,591.124,0.0736671,0.106057343155708,0.383983,786.746,0.203934,0.100007,0.140275,1
0.00498229,2,-0.0848226,0.0371584,0.0152494,31,0.474102,0.489532,13.2372,80.7638,191,1.32,155.946,0.134852,0.154742019528793,0.189465,437.73,0.509088,0.100203,0.05885,1
0.015207,4,0.0426101,0.050187,0.0226456,31,0.391811,0.447212,5.18336,58.8223,192,3.51,211.201,0.715811,0.141123051408574,0.122736,695.482,0.273938,0.100262,0.0672129,1
0.0178606,2,0.0691105,0.0682563,0.0138443,22,0.431162,0.13732,11.4441,101.836,193,1.77,352.05,0.126409,0.228324776672164,0.303761,508.213,0.284889,0.100394,0.0989967,1
0.0082962,4,-0.273692,0.0121367,0.0210409,20,0.327912,0.311706,12.3147,59.2459,194,3.61,240.041,0.178907,0.141780930628457,0.522022,676.591,0.242404,0.100115,0.175349,1
0.0178721,3,-0.281543,0.0724082,0.0177629,10,0.442652,0.441491,6.3725,61.5105,195,2.6,195.869,0.295568,0.251636508592414,0.156794,618.503,0.308886,0.100264,0.122425,1
0.0298171,1,-0.209775,0.0345647,0.0146859,22,0.287251,0.301889,6.15689,84.4161,196,4.93002,351.058,0.0876925,0.145148913522145,0.264747,845.274,0.236103,0.100089,0.16735,1
0.0231694,4,0.111513,0.0173013,0.0210454,14,0.286835,0.252545,13.5041,73.7613,197,5.17002,471.37,-0.155457,0.116384869659868,0.682751,893.681,0.153545,0.100023,0.152425,1
0.00228365,3,0.0497651,0.0626588,0.0107225,14,0.408494,0.193137,13.4695,86.5018,198,1.57,239.749,0.173219,0.145248077883769,0.2845,469.458,0.35645,0.100707,0.0662147,1
0.0211723,4,-0.271752,0.0358112,0.0127144,22,0.257429,0.326596,7.41569,25.2572,200,4.34,83.5217,0.0024098,0.186954088306879,0.237389,726.602,0.297288,0.100213,0.136545,1
0.00275484,2,-0.21755,0.0368635,0.0220041,12,0.382891,0.269003,7.17253,116.817,1,3.51,471.518,-0.0325996,0.130394668287505,0.31883,969.329,0.243635,0.100245,0.188028,1
0.0283728,4,-0.120977,0.051297,0.0181225,27,0.330782,0.108953,13.9715,91.63,2,4.76001,769.547,-0.381886,0.170644849543932,0.7152,1172.54,0.116861,0.100046,0.261163,1
0.0196796,1,-0.016006,0.0634192,0.0245025,20,0.30664,0.414704,7.69596,29.0246,3,2.97,93.1204,0.0200017,0.17259674476422,0.149938,869.408,0.30605,0.100093,0.0455698,1
0.0256728,4,-0.273574,0.0541502,0.0112863,21,0.362349,0.359724,13.7441,57.0764,4,1.89,153.184,-0.406496,0.240602450619489,0.329084,697.808,0.366917,0.100382,0.140256,1
0.0171954,4,-0.091734,0.0787011,0.0130828,19,0.230422,0.269126,5.80905,89.4766,5,5.54003,485.125,0.0398329,0.162845325765991,0.278768,1284.29,0.180956,0.100011,0.165721,1
0.0188401,1,0.0176016,0.0223452,0.022611,10,0.271341,0.274241,13.2105,26.25,6,3.07,80.1839,0.0371941,0.133980292218824,0.398358,831.726,0.322313,0.100361,0.0741266,1
0.0187995,2,0.229459,0.0509826,0.0223652,14,0.191405,0.125294,6.7757,31.7501,8,5.27003,153.416,0.0561182,0.21081651597357,0.302602,1198.2,0.203029,0.100004,0.205681,1
0.0280087,1,0.0574963,0.0106109,0.0103104,13,0.274795,0.249752,14.7297,42.4913,9,5.71004,259.848,0.062526,0.100198240976849,0.709622,1259.29,0.160634,0.100135,0.134593,1
0.00578157,2,-0.0275442,0.0245724,0.0225714,18,0.271815,0.262303,7.21237,32.5423,10,3.95,95.1416,0.27046,0.125088349292911,0.149493,979.765,0.335567,0.100007,0.042951,1
0.0215852,4,-0.255902,0.0178448,0.0198352,22,0.445045,0.229738,5.47715,122.575,11,4.16,614.004,0.139265,0.150001569697805,0.319877,1168.48,0.195848,0.100004,0.202942,1
0.0242934,2,-0.193153,0.0348929,0.0223828,17,0.380406,0.216402,6.55864,34.1638,12,3.16,104.171,-0.190665,0.226185308520165,0.165843,927.08,0.321822,0.100029,0.097712,1
0.0172561,2,0.293425,0.0203757,0.0162277,32,0.279498,0.325937,5.26298,112.554,13,5.17002,600.392,-0.147565,0.110851310569024,0.264413,1263.24,0.184022,0.100063,0.139334,1
0.00759388,1,-0.268105,0.0395551,0.0248429,17,0.332867,0.428959,5.37156,123.811,14,4.62001,501.6,-0.391752,0.12453709429249,0.22367,1156.67,0.242229,0.100036,0.163859,1
0.000531928,3,0.146532,0.0365718,0.0143121,19,0.416097,0.275844,9.78817,98.4833,15,1.99,294.486,-0.0801139,0.137815010912715,0.230124,723.467,0.329473,0.100428,0.0549352,1
0.0246689,2,-0.290781,0.0355236,0.0237503,13,0.19587,0.156232,5.81838,107.071,16,18.6203,2228.56,0.158091,0.116745915670902,0.713808,3365.87,0.0471342,0.100005,0.433219,1
0.00149781,3,-0.146691,0.0178084,0.0155551,10,0.273068,0.145143,7.67047,47.4697,17,7.11007,338.449,0.097639,0.103111431195113,0.547071,1505.59,0.137625,0.100024,0.249236,1
0.0130639,4,-0.0656323,0.0694773,0.0144159,15,0.460962,0.112053,13.8573,66.5398,18,1.44,192.592,-0.304001,0.225258942997883,0.313324,650.138,0.340616,0.100497,0.0936404,1
0.0160933,2,0.0945544,0.0550667,0.0224764,19,0.197362,0.178152,7.51241,130.222,19,8.98011,1346.31,0.372206,0.119464305063238,0.607394,1843.08,0.0949427,0.100058,0.340375,1
0.00280311,4,-0.0278104,0.0686842,0.0217001,12,0.327019,0.140794,11.1483,42.8322,20,2.02,116.6,-0.282721,0.166988794682039,0.188787,713.154,0.361433,0.100297,0.0477979,1
0.0181687,1,-0.0886787,0.0514268,0.0239316,17,0.288023,0.385535,7.10541,47.8725,22,3.45,146.676,0.196003,0.135467293373831,0.136552,947.309,0.320383,0.100063,0.0669664,1
0.000157172,4,-0.19449,0.0568187,0.0182484,8,0.432554,0.448176,14.6787,30.8797,23,1.3,60.3507,0.12515,0.179408528885946,0.224106,606.8,0.502271,0.100064,0.100588,1
0.0269355,2,-0.0268992,0.0758087,0.0126922,14,0.222332,0.413352,9.21446,69.1575,24,3.21,223.3,0.144152,0.161085421475297,0.181728,866.272,0.304794,0.10032,0.0630754,1
0.00936402,4,0.0897497,0.00899244,0.0119118,23,0.222135,0.288277,8.1627,94.2907,26,11.8002,1032.62,-0.396151,0.0809432069247812,0.70036,2197.69,0.0896092,0.100035,0.285393,1
0.0262072,2,-0.278123,0.0618274,0.0152644,16,0.401566,0.300188,8.84098,128.184,27,2.41,406.332,0.0825339,0.217513522069416,0.271438,799.908,0.309598,0.100041,0.157597,1
0.00438809,4,-0.151055,0.033115,0.0221275,19,0.254616,0.288446,7.92629,108.261,28,5.80004,608.375,-0.21071,0.0972072239699429,0.456665,1313.49,0.174625,0.100031,0.205504,1
0.0184852,1,-0.0355716,0.0226472,0.0112315,22,0.433473,0.143192,8.11489,112.029,29,3.66,668.642,0.428805,0.135294260717716,0.469238,1044.44,0.164461,0.100059,0.174642,1
0.00905533,4,-0.222316,0.0778732,0.01762,22,0.497882,0.240583,12.0984,114.041,30,1.35,283.256,0.0736876,0.248274354464555,0.227741,646.048,0.397511,0.100646,0.104137,1
0.0294893,3,0.286793,0.0788738,0.0233841,24,0.41247,0.401133,12.1415,39.2365,31,1.34,101.41,0.00444569,0.232943765707971,0.188,624.463,0.381295,0.100457,0.0087319,1
0.0174452,4,0.125822,0.0067066,0.0236116,28,0.225608,0.282066,8.0439,103.729,32,14.0102,1384,-0.271144,0.0796640866570794,0.752302,2634.58,0.073544,0.100027,0.351057,1
0.0153889,3,-0.0809142,0.0494037,0.0134594,19,0.22272,0.284969,7.64517,67.2876,33,4.78001,273.067,0.489228,0.140463284600261,0.276742,1110.48,0.242041,0.100128,0.12344,1
0.0200906,2,0.23842,0.0498558,0.0236597,20,0.387931,0.183159,8.37605,58.8539,34,2.09,183.09,0.344233,0.2451655718817,0.152974,751.646,0.315823,0.100153,0.0465317,1
0.0253914,3,0.0401692,0.0790681,0.0231839,24,0.311155,0.247537,7.80903,45.6587,35,3.32,192.962,0.250879,0.154757683826121,0.302896,937.981,0.232561,0.100188,0.0963999,1
0.0150261,2,-0.23856,0.0654401,0.0133337,15,0.340661,0.438371,12.0214,33.5494,37,1.82,82.0427,0.134584,0.218717441738371,0.184218,680.119,0.403018,0.100464,0.0805827,1
0.0228968,3,-0.0768994,0.0753319,0.017928,27,0.207112,0.374032,13.7653,28.5735,38,3.46,100.717,0.246094,0.113722132311564,0.461839,900.486,0.278624,0.100112,0.0824653,1
0.00652081,4,-0.0562309,0.0392759,0.0242069,15,0.36148,0.470235,9.11909,80.8832,39,2.38,202.167,0.340532,0.109914978998825,0.171546,763.22,0.393212,0.100186,0.0498339,1
0.0177486,4,-0.231394,0.0444556,0.0201347,10,0.472295,0.434337,8.82624,128.348,40,2.22,382.827,0.163611,0.168055776746369,0.288599,787.238,0.329479,0.100178,0.155704,1
0.00205333,4,0.17617,0.0726345,0.0246281,10,0.213715,0.477279,9.72449,81.757,41,2.98,259.038,0.4462,0.111261440989625,0.226767,826.096,0.310026,0.100131,0.0856103,1
0.0132225,3,0.143932,0.0304338,0.0190829,25,0.477833,0.191433,5.04977,106.531,42,3.09,462.274,0.122596,0.186879506944761,0.141748,945.31,0.226732,0.100292,0.0782915,1
0.0288863,2,0.250968,0.0298213,0.0246402,22,0.355715,0.189845,7.60218,27.2353,43,2.56,81.3597,-0.039661,0.22599889879527,0.150436,816.447,0.329364,0.100296,0.0266208,1
0.0106002,4,0.20951,0.00715217,0.0182661,29,0.408132,0.139687,14.5295,120.767,45,4.82002,1353.33,-0.350029,0.212627533999958,0.773578,1248.85,0.0876649,0.100141,0.289352,1
0.000681539,2,-0.0480759,0.00886661,0.0240413,25,0.450154,0.208894,13.2412,113.674,46,4.64001,902.239,0.324761,0.106120123147731,0.743269,1219.23,0.12384,0.100196,0.153889,1
0.0249731,2,0.252264,0.0176299,0.0236614,25,0.220639,0.22499,8.56154,37.0567,47,4.76001,159.954,-0.0385382,0.134312179902222,0.388676,1123.52,0.227406,0.10006,0.158233,1
0.000340144,2,-0.212558,0.0186697,0.0111202,29,0.164543,0.32346,9.09397,97.3909,48,15.4903,1120.94,0.0519484,0.0655117125760009,0.721279,2738.1,0.0852478,0.100018,0.354551,1
0.0090768,3,0.00414717,0.0697648,0.0220101,28,0.266352,0.278881,5.56843,27.4658,49,4.63001,111.876,-0.0235717,0.146304459044086,0.173818,1138.43,0.240967,0.100054,0.0592439,1
0.00891875,4,-0.0352468,0.0607759,0.0195849,19,0.356565,0.167981,8.77831,131.204,50,3.14,631.17,0.548978,0.143334930398091,0.374916,913.857,0.203942,0.100008,0.157701,1
0.00895118,3,-0.228871,0.0283518,0.0224381,15,0.316374,0.376262,5.95537,61.293,51,4.42001,218.387,0.374435,0.135266954320928,0.209086,1115.12,0.275405,0.100028,0.140834,1
0.0212403,1,0.0939146,0.014642,0.0229307,19,0.180904,0.357527,14.1928,28.744,52,4.97002,107.93,-0.0590389,0.0889315587875734,0.520863,1084.1,0.261552,0.100111,0.103435,1
0.0151267,2,-0.108534,0.0320527,0.0218031,17,0.21344,0.368302,14.4213,90.5001,53,5.22002,454.686,-0.00930032,0.0979953974876409,0.607874,1148.97,0.195488,0.100118,0.155708,1
0.016973,1,-0.231869,0.0476724,0.0244437,27,0.404495,0.312127,7.614,128.779,54,2.85,447.143,0.131764,0.182736469267031,0.266806,891.106,0.282964,0.100153,0.153544,1
0.0282946,3,0.0923176,0.0121885,0.0168365,11,0.355306,0.36943,10.7221,46.6053,55,2.93,154.541,0.0768763,0.131999923280503,0.405408,847.647,0.296071,0.100077,0.0680244,1
0.0033008,1,-0.00475465,0.0232385,0.0215301,24,0.400275,0.303473,12.2555,85.8352,56,2.13,256.61,-0.39288,0.126178782594499,0.346093,752.859,0.328704,0.100171,0.0591941,1
0.011462,4,-0.18372,0.0508417,0.0142516,19,0.285361,0.393314,5.21851,99.5874,58,5.09002,408.212,0.36182,0.140999705662219,0.196074,1192.51,0.239573,0.100104,0.141435,1
0.0264768,4,-0.123542,0.00957626,0.0121902,10,0.311615,0.334536,5.29467,57.0062,59,6.03004,245.342,-0.158443,0.102416565301546,0.299491,1349.21,0.2283,0.100158,0.173326,1
0.0243875,1,-0.127055,0.0390998,0.024098,13,0.16407,0.394525,5.31891,41.1991,60,8.3701,196.969,-0.10881,0.105344828660798,0.206839,1641.96,0.205247,0.100027,0.114843,1
0.0257194,4,0.135793,0.0618335,0.0112639,17,0.166766,0.395597,8.55832,119.648,61,6.53005,715.703,0.158167,0.117755371584034,0.496713,1386.15,0.164113,0.10007,0.224244,1
0.0185943,3,0.0977007,0.0508546,0.0110672,20,0.302224,0.412227,13.1775,60.8257,63,1.95,149.378,-0.0323598,0.173986893989498,0.244041,696.429,0.400159,0.100176,0.0432702,1
0.014719,4,-0.214579,0.0433984,0.0131707,14,0.207639,0.112796,6.9107,64.3323,64,9.57012,654.829,-0.0905763,0.14882874408103,0.567529,1887.23,0.0963871,0.100011,0.316761,1
0.0216659,2,-0.0976788,0.0144165,0.0163295,29,0.397406,0.234845,13.6637,33.945,65,1.91,82.0312,0.102357,0.179932789880614,0.323875,692.78,0.407988,0.100504,0.0745216,1
0.0194189,3,0.081728,0.0214305,0.0198443,27,0.208728,0.326201,12.6293,80.3648,66,6.40005,483.249,0.180687,0.0881427936316817,0.637401,1346.06,0.163239,0.10006,0.176409,1
0.0241707,1,0.291417,0.0661069,0.0238567,19,0.309526,0.179526,8.59874,119.105,67,2.77,516.131,-0.240747,0.151959905172801,0.303806,855.852,0.226582,0.100089,0.133709,1
0.00910103,1,-0.0639622,0.0180055,0.0233374,23,0.323354,0.307789,12.1882,90.2114,68,3.67,399.176,0.177376,0.111575502242476,0.526924,959.199,0.221923,0.1001,0.11889,1
0.0184828,3,0.161977,0.0123037,0.0192848,20,0.214649,0.175827,10.4984,77.7303,69,12.0902,1055.84,-0.207129,0.0977065629300532,0.781159,2337.22,0.0722374,0.100023,0.352668,1
0.0220282,3,-0.232868,0.0731565,0.0195785,16,0.417552,0.191589,12.399,37.0745,70,1.52,94.7082,-0.184683,0.324032791290325,0.217216,657.285,0.385145,0.100292,0.090287,1
0.010982,2,0.137352,0.0163364,0.0179362,30,0.340216,0.29424,14.6255,60.116,71,2.56,214.982,0.095833,0.131768692658007,0.496421,793.587,0.27433,0.100004,0.0581643,1
0.0207226,1,0.0776139,0.0350053,0.0202125,22,0.228672,0.485355,12.7475,33.88,72,3.01,96.7773,0.108315,0.117348572102534,0.325336,823.114,0.343725,0.100086,0.0708305,1
0.0230054,1,0.141222,0.0274534,0.0138075,28,0.273343,0.272857,13.602,42.4234,73,2.66,131.564,-0.121908,0.128890698326305,0.390511,798.398,0.317482,0.100365,0.0747635,1
0.00846494,4,0.109732,0.0224531,0.0245194,19,0.497801,0.391602,5.90161,92.6005,74,2.54,281.286,0.307393,0.151471101065217,0.1164,868.76,0.32326,0.100096,0.0299367,1
0.017413,4,0.293872,0.0482757,0.0150803,15,0.309992,0.298143,7.46226,121.353,75,3.01,467.531,0.0115698,0.149402809184414,0.231948,883.515,0.255067,0.100172,0.102985,1
0.0167242,2,-0.0493766,0.0347645,0.0152255,25,0.317257,0.431478,5.58557,55.7213,77,4.11,173.725,0.410813,0.133958879189917,0.111238,1056.12,0.315043,0.100125,0.0615466,1
0.000612479,2,-0.180578,0.0772727,0.0207429,23,0.484668,0.275357,5.83753,93.6411,78,2.52,305.698,0.313241,0.223966581599535,0.12885,853.711,0.301628,0.100376,0.0812652,1
0.0122004,2,-0.0686503,0.0489188,0.0119019,12,0.154575,0.443532,14.0231,53.8821,80,4.1,178.831,-0.193866,0.10098519911714,0.380052,932.206,0.296365,0.100267,0.085411,1
0.0161422,4,-0.220333,0.0743917,0.0210418,17,0.467873,0.399459,10.9204,124.896,81,1.56,311.457,0.0450948,0.201800517806554,0.216537,684.977,0.395136,0.100445,0.0975538,1
0.014692,1,-0.194315,0.0783492,0.0179312,14,0.469701,0.1696,8.38206,23.6461,82,1.76,62.6455,-0.033848,0.358807307591732,0.110194,707.67,0.370625,0.100091,0.0648117,1
0.00803998,1,0.188237,0.0777781,0.0147954,9,0.360897,0.266733,13.3757,43.3631,83,1.34,96.8339,0.3873,0.135165914058504,0.14887,612.86,0.441667,0.100539,0.0346093,1
0.00173124,1,0.207028,0.0407887,0.0175577,8,0.181353,0.169839,14.9587,92.7721,84,7.55008,917.471,0.309734,0.105676082021746,0.756343,1566.07,0.0993113,0.100116,0.389426,1
0.0229898,2,0.217896,0.0306544,0.0165847,11,0.17463,0.175509,14.3703,71.6705,85,8.6101,695.372,-0.560623,0.103073357408996,0.764721,1740.06,0.101208,0.100097,0.351093,1
0.0149985,2,0.132076,0.0122949,0.0134373,16,0.218024,0.242452,5.06976,97.88,86,15.2003,1426.62,0.424519,0.0755876779363693,0.637448,2854.21,0.0673204,0.100021,0.382676,1
0.0057708,4,0.220497,0.0316535,0.0110099,31,0.168122,0.1358,8.02804,24.0132,87,5.92004,111.907,-0.0923049,0.148503525235772,0.379866,1253.15,0.21057,0.10003,0.197699,1
0.00620468,3,-0.202779,0.0369669,0.0153459,15,0.415543,0.477865,8.10929,45.7877,88,2.33,117.023,-0.0562916,0.14958969312381,0.157979,791.007,0.384548,0.100186,0.0858449,1
0.0135018,3,-0.14629,0.0413656,0.0243434,19,0.174595,0.499131,8.46474,119.075,89,8.03009,730.139,-0.0219453,0.0837741998239487,0.510154,1568.02,0.160044,0.100036,0.212436,1
0.0185282,1,0.00593888,0.0667855,0.0249352,14,0.382497,0.101752,7.38872,122.921,90,3.33,739.942,0.325552,0.188054117716855,0.350886,962.806,0.163253,0.100176,0.175686,1
0.0212187,1,-0.133156,0.0486022,0.0171597,23,0.45665,0.116121,6.70849,68.527,91,2.61,237.61,0.526447,0.228175574061472,0.185757,882.03,0.283902,0.100346,0.114732,1
0.0279361,3,0.0307122,0.013311,0.0101279,32,0.406111,0.265498,7.27699,86.0646,92,3.1,306.412,0.0336338,0.127471040806953,0.251101,934.046,0.27586,0.100115,0.0775613,1
0.0262532,3,-0.0496917,0.0061839,0.0215026,22,0.321562,0.138998,13.7914,49.6637,93,7.91009,484.493,-0.121425,0.111348522414564,0.797428,1711.54,0.100715,0.100155,0.188355,1
0.0271297,4,-0.155191,0.0599113,0.0148235,12,0.455504,0.487137,14.9223,23.9548,94,1.14,45.138,0.178102,0.270836272737713,0.170255,569.251,0.522887,0.100436,0.0821806,1
0.0150591,1,0.291895,0.0218346,0.0198259,13,0.187962,0.105456,11.3161,109.697,95,14.0402,1992.51,0.352426,0.120888083928562,0.830726,2692.93,0.0540361,0.100051,0.529023,1
0.00315547,1,0.0573009,0.0634792,0.0154902,16,0.484222,0.112963,6.24012,65.3042,96,2.35,235.923,-0.141607,0.186669708901992,0.124197,837.19,0.27174,0.100072,0.0581716,1
0.000658449,4,0.267499,0.0215377,0.0175303,31,0.160306,0.312628,11.7728,60.5689,97,7.09007,352.87,0.0919282,0.0766453437163529,0.632617,1468.46,0.168486,0.10006,0.262604,1
0.0175613,3,-0.205359,0.0293239,0.0135748,24,0.322183,0.161176,12.6052,32.2433,98,2.5,97.4136,0.160621,0.212401395527499,0.34735,791.786,0.325125,0.100129,0.127498,1
0.0113458,3,-0.0591684,0.0296926,0.0120489,25,0.290086,0.323775,14.9125,88.885,99,3.47,381.383,-0.0570916,0.126424109036422,0.561217,928.369,0.229176,0.100238,0.104735,1
0.0169795,1,0.296853,0.0515269,0.0195919,9,0.232818,0.237744,11.7683,33.3986,100,2.54,100.319,-0.173717,0.0985223836926075,0.296325,798.129,0.327371,0.100237,0.118492,1
0.0157282,2,0.15262,0.040056,0.0226335,26,0.254209,0.395623,14.5074,36.056,101,2.6,110.071,0.0137396,0.140204658423515,0.408426,763.592,0.321709,0.100113,0.0925847,1
0.0292666,4,-0.130559,0.0353855,0.0159282,21,0.344787,0.153808,5.81762,47.2929,102,4.41001,211.943,0.0409485,0.165923490801029,0.263069,1133.32,0.21931,0.100187,0.13781,1
0.0126152,1,0.145008,0.0716726,0.0188681,11,0.435066,0.427013,10.6128,32.1943,103,1.39,65.9862,-0.192928,0.169056334716978,0.0831068,645.686,0.481497,0.1006,0.00582653,1
0.0293533,1,-0.065146,0.0308997,0.0106581,15,0.289561,0.160414,11.4746,25.8766,104,2.7,72.083,-0.0172363,0.178302142128764,0.271959,788.604,0.353049,0.100252,0.0888803,1
0.0159361,4,-0.0695204,0.0762752,0.0156332,9,0.305122,0.271122,10.808,43.5466,105,2.14,116.161,0.429555,0.149864178448637,0.182695,734.244,0.368021,0.100071,0.0743735,1
0.018192,1,-0.268636,0.0229675,0.0141708,20,0.322628,0.32341,5.82624,64.8115,106,4.70001,250.836,0.0861769,0.151646392589163,0.240687,1157.11,0.253878,0.10016,0.158154,1
0.0100135,4,0.0102434,0.0084382,0.0105268,17,0.411243,0.22138,5.0253,97.6893,107,5.44003,616.929,0.418828,0.0868502743662331,0.377712,1358.8,0.155411,0.100046,0.159523,1
0.0190818,4,-0.141821,0.0175351,0.0141828,32,0.214068,0.418591,9.64119,30.3634,108,4.68001,93.1673,0.00367394,0.120196416259162,0.310493,1065.93,0.320135,0.100133,0.11953,1
0.0250776,3,-0.20811,0.0160166,0.0186094,31,0.260703,0.464821,7.10982,46.2421,109,4.80001,146.338,0.00486044,0.105857352043256,0.23929,1110.91,0.310144,0.100049,0.146612,1
0.0254577,2,-0.069495,0.070146,0.020546,26,0.184407,0.35077,9.11639,115.332,110,7.44008,848.746,0.0115127,0.0901426340931342,0.583152,1557,0.133392,0.100067,0.216599,1
0.00937775,3,0.248371,0.0323521,0.0134023,23,0.48141,0.364734,10.7641,52.5414,111,1.35,116.051,0.319022,0.175588151413453,0.115885,639.497,0.446269,0.100479,-0.023921,1
0.018926,2,-0.292972,0.0156752,0.0208666,30,0.427656,0.384137,6.52378,117.066,112,3.39,432.268,-0.0163281,0.159855632985587,0.267053,986.475,0.265996,0.100122,0.171135,1
0.00995802,1,-0.182003,0.0592813,0.0241522,16,0.434057,0.169702,14.1553,56.2144,113,1.37,128.341,0.18481,0.231201257315301,0.24171,626.439,0.430834,0.100267,0.0983992,1
0.0197592,4,0.258118,0.0502455,0.022759,28,0.18796,0.174261,12.5855,27.2148,114,5.35003,145.427,0.179324,0.14685711649641,0.629447,1220.36,0.183872,0.100159,0.181001,1
0.0235749,2,-0.0508171,0.0124732,0.0127166,11,0.467155,0.462856,7.15649,69.4945,115,2.56,165.262,0.351342,0.128105533091381,0.180488,812.047,0.413697,0.100285,0.0781884,1
0.0150383,3,-0.00797147,0.0223631,0.0125033,25,0.418941,0.110214,10.1137,56.6554,116,2.76,250.437,0.243997,0.174702840809828,0.415021,864.735,0.222136,0.100094,0.0917799,1
0.00595353,4,0.00828709,0.0516435,0.0113693,12,0.257633,0.355046,14.6871,55.4716,117,2.21,144.064,-0.0273314,0.128688051364874,0.279259,711.204,0.379456,0.100456,0.0326179,1
0.000995367,1,-0.0868623,0.051543,0.0177945,13,0.257169,0.178706,7.52136,27.4087,118,3.56,84.8286,0.00171036,0.14811550401452,0.13043,917.461,0.317204,0.100075,0.0581238,1
0.00611842,1,0.284801,0.0305673,0.0110622,20,0.359346,0.449554,9.10235,33.6855,119,1.93,73.4303,-0.16695,0.157242706342658,0.0822247,712.523,0.450824,0.100178,0.00395536,1
0.0245314,3,-0.297111,0.0253061,0.0116494,12,0.47834,0.422057,13.7087,81.3596,120,1.8,240.875,-0.182237,0.206998121963109,0.41604,683.991,0.332566,0.100367,0.149945,1
0.012494,4,0.278958,0.0699456,0.010392,26,0.162558,0.216144,14.8446,99.0305,121,5.46003,638.42,-0.144228,0.138483268066782,0.689941,1231.99,0.152221,0.100033,0.311384,1
0.0171837,2,-0.294846,0.0745559,0.0116483,23,0.180835,0.301245,14.1278,81.0389,122,4.62001,403.098,0.314041,0.131159874921397,0.565468,1093.5,0.197449,0.100116,0.224636,1
0.0273819,1,-0.0110031,0.0218849,0.0154557,24,0.200677,0.231331,12.7555,130.947,123,11.5702,1637.88,0.208488,0.0812189058880083,0.779897,2157.58,0.0785182,0.100112,0.370442,1
0.0234936,2,-0.100984,0.04835,0.0108722,9,0.389653,0.370181,6.89096,54.448,124,2.87,152.311,-0.0126445,0.148285017447278,0.168598,883.121,0.351794,0.100316,0.0992842,1
0.022603,4,-0.235916,0.0542275,0.0218376,21,0.347204,0.301538,6.90566,55.581,125,3.36,197.483,0.279238,0.199215181465238,0.227226,958.912,0.276815,0.100259,0.139241,1
0.00833543,1,0.0727471,0.0578269,0.0155219,20,0.409131,0.169212,9.37012,67.6465,127,1.88,184.28,-0.241663,0.161393967212762,0.150118,712.479,0.360854,0.100206,0.0447543,1
0.0131776,3,-0.0588245,0.0086409,0.0116408,16,0.454437,0.473191,13.0042,61.6125,128,2.19,175.265,0.189815,0.127715455492458,0.449977,750.319,0.346289,0.100414,0.0832792,1
0.000756845,1,-0.16259,0.034892,0.0154711,10,0.435341,0.323198,9.4205,34.1507,129,1.99,75.6399,-0.00396624,0.186643498265276,0.183215,734.311,0.443276,0.100082,0.105747,1
0.0113095,4,-0.179917,0.0263318,0.0123764,32,0.499161,0.114973,14.8036,124.283,130,2.3,655.938,0.245902,0.195314001028349,0.595151,798.872,0.185908,0.100018,0.182986,1
0.00372558,4,-0.135386,0.0266932,0.0164004,8,0.280818,0.150893,12.0189,82.1683,131,7.15007,802.363,0.235971,0.0956115501003439,0.726861,1520.87,0.100508,0.100046,0.32701,1
0.00710411,2,-0.199658,0.0676581,0.0125754,25,0.218003,0.343982,12.003,62.0779,132,3.54,240.8,0.319693,0.123850504042388,0.404514,906.776,0.253367,0.100185,0.167563,1
0.00898329,3,0.19134,0.0612148,0.019648,15,0.433055,0.257124,12.565,41.6724,133,1.26,91.8227,0.371084,0.198044431043475,0.140089,612.462,0.447079,0.100419,0.000863016,1
0.014118,4,-0.0922558,0.0667331,0.010658,17,0.371155,0.36124,9.32972,63.4562,134,2.07,160.415,0.457868,0.190390340148771,0.147829,744.017,0.388752,0.100179,0.0571911,1
0.0158126,2,0.0162389,0.0398904,0.0245994,26,0.285262,0.327972,5.24621,109.44,135,5.36003,526.453,-0.223255,0.128397148154109,0.222286,1243.04,0.204212,0.100137,0.117093,1
0.00787539,2,0.121003,0.0137392,0.0240186,9,0.284416,0.238717,13.5489,114.268,136,9.64013,1524.66,-0.125875,0.0696708779871074,0.828281,1998.52,0.0735314,0.100012,0.355352,1
0.0113308,4,-0.148008,0.0173458,0.0116279,30,0.485814,0.369234,12.0965,59.0505,137,1.55,125.375,-0.0261201,0.166886648904956,0.234238,631.286,0.462603,0.100121,0.0910407,1
0.00785765,4,-0.248235,0.0731185,0.0105917,26,0.216852,0.242649,10.5358,80.8997,138,4.52001,409.469,0.384205,0.14113321886557,0.477792,1071.15,0.194051,0.10012,0.222746,1
0.000871923,1,0.157804,0.0702495,0.0153633,14,0.370424,0.397577,10.7292,54.2544,139,1.59,124.702,-0.29085,0.158070955575799,0.100603,632.169,0.42927,0.100577,0.00619233,1
0.0249549,1,-0.13881,0.0698109,0.0146792,32,0.194051,0.445761,10.1947,54.0914,140,4.38001,209.354,-0.119805,0.109449284649277,0.388622,1032.66,0.253586,0.100048,0.135756,1
0.0094527,1,0.254609,0.0261059,0.0157495,23,0.413245,0.260347,13.7183,69.6468,142,1.65,210.456,-0.235669,0.152120403039944,0.346185,655.308,0.325758,0.100343,0.0432135,1
0.0290939,1,-0.294651,0.0658559,0.0218422,32,0.421362,0.459494,11.4953,57.4605,143,1.71,147.341,0.602432,0.249666701411095,0.243129,686.898,0.384615,0.100534,0.0991638,1
0.0110725,3,0.0860289,0.0781819,0.0100017,20,0.417141,0.456397,6.23294,23.2323,144,2.37,68.999,0.330755,0.229647497298076,0.0483851,814.268,0.331626,0.100399,0.0119742,1
0.00713057,1,0.149684,0.0143601,0.0222889,14,0.256029,0.328523,8.7407,32.9484,145,3.83,104.697,-0.065048,0.118777452418077,0.283941,978.024,0.309127,0.100131,0.0941465,1
0.0159493,1,0.013068,0.0535171,0.0134712,24,0.275689,0.17914,8.66654,100.423,146,4.05,501.788,-0.232641,0.140165509679986,0.381916,1003.3,0.196582,0.100129,0.140139,1
0.0282942,1,0.185931,0.0285703,0.0134633,25,0.295064,0.291521,13.5254,69.8684,147,2.81,263.269,-0.184142,0.122805798448484,0.471191,817.81,0.26117,0.100317,0.0844093,1
0.0208089,3,0.175868,0.0433763,0.0181033,30,0.4597,0.333649,10.1062,83.2798,148,1.58,207.376,0.0121629,0.206569397428615,0.159912,676.655,0.395109,0.100292,0.0116714,1
0.00118485,1,0.106608,0.0301825,0.0204028,23,0.277329,0.346661,6.71222,48.6372,149,3.82,152.672,0.366855,0.134085836212354,0.147771,1003.78,0.312834,0.1001,0.0620119,1
0.0187586,2,0.134152,0.0464074,0.0141622,11,0.23861,0.176527,6.55223,113.86,150,6.54005,914.68,0.474283,0.117846854149444,0.462094,1446.81,0.122296,0.100147,0.260732,1
0.0274055,1,-0.152706,0.0785314,0.0100431,12,0.324578,0.279697,5.72836,36.5818,151,3.53,136.021,0.0405089,0.209302622251138,0.117778,979.806,0.26447,0.100242,0.0596658,1
0.0199464,2,-0.0348867,0.00622169,0.0224875,14,0.34063,0.411011,7.27431,124.63,152,7.86009,992.579,0.105924,0.0714338703520627,0.637423,1708.29,0.123336,0.10013,0.200009,1
0.029845,2,-0.219647,0.0777714,0.0114393,11,0.437803,0.117372,12.8878,96.2155,153,1.78,345.055,0.0408565,0.248788489053235,0.387897,706.16,0.274182,0.100234,0.178182,1
0.0193982,3,0.202333,0.0562401,0.0227695,30,0.468057,0.417351,5.92418,64.257,154,2.28,188.96,-0.0847763,0.23186866031104,0.0584112,792.106,0.333967,0.100112,-0.00954878,1
0.000313032,3,-0.110605,0.0583606,0.0144725,18,0.276788,0.320456,6.13489,55.893,155,4.09,195.312,0.326242,0.136902946913293,0.146118,1034.26,0.280931,0.10007,0.0759011,1
0.0189931,3,0.12803,0.0288404,0.0113234,13,0.335715,0.499199,8.15123,129.912,156,3.12,446.134,0.12171,0.12151956826856,0.274145,893.701,0.286303,0.100224,0.087938,1
0.0216963,2,0.232746,0.0396708,0.0124559,12,0.438793,0.287088,11.6984,77.991,157,1.61,225.881,-0.147304,0.165967031586318,0.266896,670.156,0.340461,0.100516,0.0416122,1
0.0238147,2,0.245067,0.0736496,0.0214652,28,0.27673,0.302057,11.6119,30.6698,158,2.33,99.8024,0.209441,0.182060244090603,0.331445,763.215,0.302013,0.100181,0.103119,1
0.0164139,1,0.189688,0.0267946,0.016433,27,0.477713,0.12552,6.36556,66.9744,159,2.46,265.412,-0.680764,0.244454168366161,0.152186,841.874,0.248404,0.100346,0.0756043,1
0.0281382,4,0.0432956,0.00673706,0.0174924,10,0.408549,0.125985,7.22898,107.392,160,12.9502,2360.11,-1.01576,0.11037521307707,0.818921,2720.74,0.0446742,0.10008,0.419204,1
0.020784,2,0.0817711,0.0683911,0.0159827,20,0.256705,0.304847,11.9672,102.026,161,2.85,369.192,0.184423,0.141249398301522,0.379316,842.591,0.271624,0.100194,0.0976715,1
0.0126374,1,0.20616,0.0654108,0.0218405,27,0.40957,0.471575,5.86723,101.255,162,2.57,312.735,0.219423,0.174172947047681,0.0758774,848.493,0.31845,0.100261,0.0129753,1
0.00478466,3,0.149212,0.0567899,0.0237987,27,0.434798,0.37366,6.94568,100.003,163,2.2,284.419,0.199891,0.177217925052462,0.0978252,796.039,0.345343,0.100121,0.0183926,1
0.015164,3,-0.293389,0.0526524,0.0228112,29,0.24562,0.177403,10.5594,123.748,164,6.93006,1126.49,-0.461254,0.116582985704696,0.669806,1504.74,0.107831,0.100061,0.341178,1
0.0243946,2,0.257396,0.0486565,0.0203764,25,0.216354,0.263021,12.9921,48.8232,165,3.62,203.364,-0.288903,0.144743690559103,0.513635,958.579,0.236031,0.100219,0.162256,1
0.00951149,4,0.18759,0.0446616,0.0139655,29,0.170312,0.18168,12.0205,119.893,166,10.2601,1396.87,0.152951,0.116726575249951,0.768149,2052.32,0.0842585,0.100071,0.410249,1
0.0196676,1,-0.147509,0.0600466,0.0111156,30,0.229787,0.484596,10.867,77.7975,167,3.71,302.078,0.0584688,0.117174219813659,0.38331,968.627,0.252683,0.100014,0.144036,1
0.00880473,4,-0.00781142,0.0780319,0.0202472,21,0.45936,0.113232,7.17305,84.9817,168,2.24,307.342,0.290092,0.232064113264743,0.166534,806.413,0.271853,0.100222,0.0927688,1
0.0150835,3,-0.09973,0.00835105,0.0124438,32,0.248858,0.103485,12.0259,58.386,169,10.3901,727.572,0.506364,0.116138219357949,0.775497,2086.71,0.0787269,0.100005,0.327983,1
0.00510511,1,-0.160827,0.0773826,0.0101197,32,0.284868,0.151294,10.915,97.6467,170,3.23,453.734,0.41153,0.188681839953698,0.435626,937.766,0.211186,0.100032,0.177395,1
0.00684979,1,0.0883045,0.0492528,0.022777,8,0.253566,0.105098,12.5244,104.73,171,5.27003,967.295,-0.735942,0.136118184783297,0.658359,1237.51,0.106322,0.100102,0.338348,1
0.0296123,3,-0.193502,0.0686968,0.016209,23,0.448001,0.342604,13.2928,106.71,172,1.54,292.082,-0.0671465,0.227664583128547,0.316305,677.352,0.358649,0.100069,0.12089,1
0.00177745,3,0.141742,0.0614973,0.0177797,15,0.309284,0.311378,12.551,130.534,173,2.19,414.173,0.226851,0.131683658658177,0.340314,762.867,0.309936,0.100245,0.0685689,1
0.0276501,4,0.19998,0.0731098,0.0168823,13,0.452972,0.155835,11.7287,42.7505,176,1.3,106.779,-1.15009,0.288552878130402,0.160897,634.661,0.3944,0.100419,0.128772,1
0.00719646,3,0.0846915,0.028835,0.0123665,30,0.17262,0.466744,14.964,61.7672,177,5.11002,266.995,-0.122231,0.0893904294536393,0.566127,1164.87,0.226994,0.100021,0.129652,1
0.0162075,1,0.0729569,0.0593253,0.0102426,25,0.253925,0.187829,10.7655,58.283,178,2.91,198.254,0.172818,0.158476978904104,0.296946,857.135,0.289052,0.100228,0.0966744,1
0.0249659,4,0.227294,0.0793879,0.0161251,29,0.465352,0.193707,12.8376,76.578,179,1.29,219.125,-0.645094,0.292514872072898,0.259093,646.867,0.343751,0.100268,0.128784,1
0.0229066,4,0.177767,0.0141805,0.0210925,14,0.431816,0.498644,6.82453,42.1284,180,2.46,105.57,0.15698,0.170977709318556,0.111509,851.973,0.391693,0.100056,0.0191084,1
0.0197593,3,0.212027,0.0294564,0.0199978,14,0.257166,0.244401,7.42294,81.1277,181,4.68001,405.331,0.531737,0.127243047440227,0.370675,1171.28,0.196657,0.100157,0.176522,1
0.0232284,1,0.262137,0.0282563,0.0193416,9,0.330901,0.396128,5.47341,57.8878,182,3.92,223.805,-0.308544,0.108968046622892,0.186843,1060.33,0.254021,0.100111,0.0841634,1
0.00510701,1,0.00835216,0.0331246,0.0148387,9,0.239344,0.299719,8.0845,126.718,183,7.09007,945.722,-0.0545562,0.0831732782878801,0.542553,1540.2,0.131487,0.100032,0.2554,1
0.0236486,2,-0.0873899,0.0200862,0.0205267,23,0.223441,0.15952,8.00344,117.033,184,15.9103,2156.15,-0.291383,0.0901041415843287,0.768199,2909.09,0.0532684,0.100039,0.427059,1
0.0057272,2,0.235143,0.0186962,0.0154418,29,0.374545,0.401026,5.15936,105.44,185,3.62,409.642,-0.273526,0.127384261515069,0.125758,1032.91,0.253107,0.100239,0.0469392,1
0.00131507,4,0.0686605,0.0345845,0.0249461,9,0.169622,0.254251,7.04649,31.4089,186,6.24005,130.391,-0.0716822,0.0968134923767963,0.250606,1326.47,0.236348,0.100018,0.108919,1
0.00771276,2,-0.274239,0.0194039,0.0169448,28,0.418404,0.291571,12.268,59.6855,187,1.96,159.902,-0.060131,0.199257147670002,0.313156,733.902,0.36686,0.100188,0.139123,1
0.0122784,1,0.109958,0.0408552,0.01253,14,0.495502,0.126861,10.9405,48.1489,188,1.55,136.987,0.337607,0.193709113478085,0.234887,684.79,0.346657,0.100537,0.0657722,1
0.00269372,3,-0.213116,0.0144948,0.0117799,18,0.443278,0.448063,6.37869,119.529,189,3.28,404.333,0.423776,0.115133345885148,0.249247,993.809,0.290553,0.100189,0.163094,1
0.0130841,3,-0.186461,0.03677,0.0238119,27,0.302048,0.367449,8.32421,91.3003,190,3.82,343.446,-0.367727,0.136316853535354,0.33148,1031.83,0.261342,0.100213,0.172113,1
0.025664,3,-0.0405416,0.0769,0.0141413,10,0.278408,0.125383,8.35395,107.51,191,4.32,696.216,0.506761,0.172281818887767,0.438419,1134.68,0.151773,0.100189,0.214537,1
0.00356575,4,0.28502,0.0540962,0.0109203,10,0.423763,0.151849,6.5722,92.7214,192,2.48,380.702,-0.340305,0.273291378530526,0.17435,868.559,0.239596,0.10028,0.107127,1
0.00483135,3,-0.280462,0.0444598,0.0198365,24,0.258982,0.495549,12.8541,34.6933,193,2.79,97.8179,0.0241748,0.133069961220954,0.335945,823.054,0.348128,0.100056,0.140147,1
0.0130732,3,-0.0918504,0.0293249,0.0232536,9,0.405659,0.185961,8.13153,42.8985,194,2.72,127.515,-0.0762847,0.142250292178547,0.251706,875.104,0.330632,0.100183,0.127685,1
0.00464403,4,0.182903,0.0267842,0.0178759,17,0.187497,0.241685,10.4176,89.9156,195,8.03009,712.978,0.204067,0.0951052709713155,0.656831,1673.6,0.123718,0.100001,0.279051,1
0.0226178,1,0.153703,0.0283721,0.0146007,18,0.251439,0.37014,6.24171,37.6655,196,4.26,118.634,0.006604,0.120137952907556,0.12972,1043.94,0.311903,0.100142,0.0669911,1
0.00122236,3,-0.0235629,0.0578277,0.0193106,16,0.315965,0.342427,8.89315,42.109,197,2.46,109.581,0.427949,0.153876417372138,0.117633,799.684,0.37827,0.100344,0.0270772,1
0.0081078,2,-0.17391,0.0165055,0.0111949,26,0.311523,0.264671,11.5767,127.982,198,6.33005,1008.49,-0.502895,0.101270134333844,0.699551,1461.66,0.124689,0.100157,0.23429,1
0.0270207,2,0.252375,0.048407,0.0247434,21,0.199516,0.195687,11.2808,75.2028,199,5.71004,493.04,0.218904,0.140330027727349,0.624851,1304.59,0.149677,0.100031,0.268265,1
0.0133427,1,-0.218548,0.0182562,0.0121204,26,0.230708,0.40291,5.23112,100.176,200,8.6301,606.635,0.0716705,0.0867820240861303,0.361835,1720.69,0.162013,0.10001,0.212331,1
0.00569866,1,-0.217238,0.013463,0.0147704,19,0.2916,0.107572,9.56058,30.8906,2,4.45001,143.096,-0.109727,0.166819681093107,0.444637,473.075,0.212143,0.100176,0.173263,1
0.00798486,1,0.0290528,0.0335165,0.0166845,9,0.238574,0.413201,5.0953,61.4973,3,6.25005,270.485,0.0218866,0.0928166189035328,0.189405,612.503,0.223112,0.100033,0.104447,1
0.00332102,3,-0.254819,0.0188795,0.0227022,19,0.215817,0.282983,11.4202,125.331,4,12.2302,1529.42,0.782668,0.0622753802162252,0.779974,1121.51,0.0804224,0.10004,0.394552,1
0.0276308,4,-0.0670997,0.0347183,0.0151598,12,0.399575,0.348612,9.76418,35.2059,5,2.04,77.4915,0.107795,0.158501662503116,0.164977,607.052,0.447343,0.100371,0.0722519,1
0.014981,2,0.151345,0.0686786,0.0171596,21,0.168313,0.107137,7.92692,98.0286,6,9.48012,1155.73,0.0290078,0.205032843158092,0.64212,945.441,0.0832412,0.10004,0.37874,1
0.0272182,1,0.070925,0.059763,0.0229114,19,0.292455,0.498826,6.41734,50.5243,7,3.49,172.618,-0.0166924,0.13728923321468,0.124262,437.266,0.287511,0.100132,0.0491558,1
0.00639282,2,-0.200394,0.0118577,0.0116415,12,0.470624,0.320121,9.76992,90.1608,8,2.77,335.368,-0.0930625,0.148657266838532,0.447064,416.842,0.264577,0.10032,0.168862,1
0.00902604,4,0.0740711,0.0526433,0.0102634,16,0.205074,0.289364,6.29128,48.0582,9,4.98002,182.049,0.0106637,0.14686257642476,0.159372,536.661,0.25902,0.10002,0.0844977,1
0.0050093,2,-0.201422,0.0166325,0.0162377,30,0.276843,0.176012,12.6768,56.3036,10,4.90002,314.034,-0.116793,0.125013959741297,0.603693,520.765,0.175978,0.100053,0.189512,1
0.014436,1,0.0927219,0.030733,0.011319,27,0.49088,0.45943,5.44724,90.0334,11,2.62,254.997,-0.165706,0.157997770300793,0.0668544,393.854,0.347374,0.100291,0.0123954,1
0.014217,1,-0.288337,0.0668356,0.0157726,32,0.493329,0.303955,11.369,85.6593,12,1.43,211.359,0.434813,0.295503700860255,0.206966,297.814,0.398292,0.10018,0.101967,1
0.0080076,4,0.253011,0.024857,0.0186481,22,0.19727,0.176286,10.0213,99.4957,13,9.64013,1132.36,-0.0247372,0.117925995392112,0.726616,934.147,0.0862485,0.100061,0.37629,1
0.00227571,3,0.252765,0.0627204,0.0218732,12,0.360779,0.233364,11.5666,50.0484,14,1.58,127.222,0.0404144,0.164815585933815,0.166972,285.413,0.386243,0.100083,0.0189541,1
0.00633109,3,0.164882,0.058609,0.021029,13,0.186936,0.409763,9.87825,128.187,15,4.52001,567.172,0.415015,0.116575994548993,0.420027,509.492,0.222176,0.100207,0.149523,1
0.0282322,1,0.186945,0.0175845,0.0178409,30,0.1759,0.204051,7.62856,56.3643,16,9.46012,437.183,0.269519,0.0872155065989158,0.568474,841.793,0.126594,0.100093,0.274571,1
0.0203639,4,0.120413,0.0244333,0.0178964,23,0.334313,0.425594,10.0519,117.729,17,2.86,410.104,-0.21721,0.134903542231256,0.344964,414.378,0.28202,0.100143,0.0708713,1
0.0289278,4,0.0845526,0.059531,0.0226054,24,0.2989,0.367488,7.87062,44.4686,18,3.5,170.446,-0.00299251,0.139938393024675,0.305108,456.634,0.255952,0.100005,0.0870152,1
0.00709086,4,0.145827,0.0485107,0.0111739,12,0.425851,0.422248,8.9815,73.6277,19,1.84,182.496,0.414455,0.147835820172591,0.133826,310.149,0.396679,0.100226,0.0189523,1
0.0123403,3,-0.035381,0.0413226,0.0189083,18,0.326775,0.36206,5.08486,50.0512,20,4.23,170.504,-0.0910437,0.149491365286391,0.0926924,479.415,0.288458,0.100169,0.034942,1
0.00367361,3,-0.0563473,0.0442888,0.0137091,13,0.213237,0.190259,13.8831,108.76,21,6.60006,892.487,0.432218,0.106365370131056,0.693121,667.726,0.119693,0.100122,0.263043,1
0.0271659,4,-0.224188,0.00593569,0.0202381,12,0.354391,0.165919,11.8393,127.484,22,9.63013,1879.55,-0.0116171,0.103755100158319,0.824319,962.452,0.0665766,0.100058,0.4194,1
0.00676705,3,0.104189,0.0157312,0.0238216,8,0.306794,0.46473,7.53292,104.451,23,5.83004,622.095,0.0646611,0.0919142972784911,0.523336,617.869,0.164832,0.100073,0.160226,1
0.0134076,3,-0.0400744,0.073004,0.0146686,8,0.214585,0.133235,10.571,87.6479,24,4.86002,572.001,-0.20068,0.13780580480049,0.51185,522.606,0.15052,0.100134,0.241711,1
0.0241585,3,0.251831,0.072359,0.0163396,23,0.15082,0.183891,13.362,105.21,25,8.83011,1075.36,0.60186,0.131232123394587,0.775913,933.952,0.096046,0.100071,0.405587,1
0.00450758,2,-0.116847,0.00732642,0.0219383,12,0.466011,0.210642,7.83722,53.3948,26,2.74,164.534,-0.258963,0.164920975975799,0.290697,361.26,0.319476,0.100352,0.131054,1
0.0224889,3,-0.253354,0.0631039,0.0232769,31,0.399149,0.4059,10.168,62.6545,27,2.1,178.804,0.208416,0.208368907981997,0.267924,352.743,0.345,0.100363,0.140118,1
0.0142397,4,0.209989,0.00696654,0.0132379,17,0.390053,0.209491,11.9058,50.4212,28,4.47001,325.655,0.00507692,0.141763581752455,0.691048,503.367,0.151985,0.100064,0.124973,1
0.000212361,1,-0.118808,0.0391615,0.0234315,32,0.460997,0.463198,12.4099,112.943,29,1.58,264.294,-0.00908282,0.137025268074973,0.262329,308.322,0.420149,0.100222,0.0856812,1
0.0114762,2,-0.203201,0.0530697,0.0130352,13,0.191733,0.108383,8.69473,54.7206,30,6.59006,377.415,-0.0060692,0.162209810286259,0.487335,651.053,0.142264,0.100022,0.253007,1
0.0297522,3,-0.193595,0.0791551,0.0218298,18,0.216041,0.287248,10.7898,97.9219,31,5.48003,625.86,-0.0162005,0.135779846910992,0.586378,628.837,0.153808,0.100209,0.245675,1
0.0291806,4,-0.0635018,0.0399924,0.0194825,8,0.239185,0.48638,14.3709,85.7593,32,3.78,346.339,-0.0661018,0.0995893571611976,0.522554,452.59,0.243014,0.100042,0.144182,1
0.0230556,3,-0.0754804,0.0750696,0.0245867,31,0.404036,0.155133,10.1987,56.3912,33,2.57,240.211,0.298192,0.173137749574622,0.425333,372.309,0.230825,0.10023,0.128315,1
0.0276475,3,0.216112,0.0533766,0.0184467,23,0.23062,0.291211,7.86719,88.2113,34,4.70001,446.02,-0.203291,0.142005656506456,0.406177,541.116,0.194024,0.100004,0.192486,1
0.0123596,2,0.106596,0.029582,0.0134427,17,0.321288,0.125527,9.94297,36.968,35,2.79,134.279,0.0473134,0.179236757867123,0.300802,357.774,0.270867,0.100293,0.104819,1
0.0251089,2,0.219615,0.0542167,0.0158166,12,0.403491,0.234912,14.7666,91.0261,36,1.55,282.423,0.343208,0.181860219251048,0.367436,290.379,0.317091,0.100288,0.0691686,1
0.0104423,2,-0.192319,0.0676592,0.0188123,12,0.329946,0.360949,5.02196,35.4759,37,4.11,147.422,0.292783,0.179103943758129,0.124144,475.771,0.23662,0.100233,0.0817153,1
0.00047824,4,-0.0197368,0.0588742,0.0178429,14,0.400213,0.289776,10.4429,96.7832,38,1.85,242.065,-0.052333,0.128269917596081,0.187923,311.983,0.392267,0.10001,0.0484654,1
0.00184816,4,0.120259,0.033996,0.014923,31,0.487791,0.268078,5.92775,26.5848,39,2.31,66.5346,0.0783072,0.173814574045071,0.0360218,342.007,0.393623,0.100421,-0.0168533,1
0.0106846,1,-0.24086,0.055869,0.0155298,13,0.409004,0.42355,9.18952,24.7635,40,1.96,59.1661,0.0921548,0.245034437604406,0.140032,318.165,0.411034,0.100108,0.0719895,1
0.0292392,1,-0.174076,0.0601983,0.0222013,18,0.26826,0.427422,14.3334,63.2846,42,2.43,189.647,0.152091,0.165363038418202,0.366467,360.466,0.327834,0.100146,0.115608,1
0.00943057,4,0.0535302,0.0601506,0.0107112,9,0.476149,0.48935,9.60187,36.538,43,1.52,74.8392,0.205232,0.178088370037333,0.0928707,287.032,0.482034,0.100645,0.0303855,1
0.00102157,3,-0.196054,0.00854551,0.0224886,21,0.347619,0.411333,14.01,100.069,44,4.78001,566.03,0.122837,0.101405361595097,0.696531,541.791,0.173537,0.100061,0.190832,1
0.0223029,1,0.237545,0.0501948,0.0158693,15,0.294008,0.403599,9.50759,55.9053,45,2.31,148.574,0.184163,0.110335303387932,0.163181,338.88,0.369344,0.100058,0.038298,1
0.0204427,1,-0.244827,0.0608527,0.0173465,16,0.34957,0.260233,7.70226,51.7114,46,2.75,158.362,0.0631851,0.243614666275111,0.170818,370.871,0.321437,0.100344,0.102969,1
0.000684291,1,0.00845013,0.0218286,0.0230181,20,0.389764,0.181667,8.15422,95.9457,47,3.41,458.843,0.337548,0.104303390081059,0.374632,427.077,0.20514,0.100004,0.121056,1
0.0190433,3,0.162282,0.0383351,0.0203141,23,0.442234,0.150219,7.1515,88.738,48,2.5,352.817,0.195402,0.231550166499376,0.216213,365.939,0.247026,0.100118,0.0980164,1
0.0120982,3,-0.204805,0.0322627,0.0241917,10,0.348652,0.373418,7.38034,74.0562,49,3.47,240.86,0.140807,0.126809773510275,0.263141,430.622,0.30189,0.100088,0.155265,1
0.012437,4,-0.156027,0.0437699,0.0128971,10,0.309652,0.399938,11.825,28.6605,50,2.23,65.6412,0.0153093,0.155358788243705,0.223284,326.022,0.429851,0.100356,0.095512,1
0.017387,3,0.00440663,0.0199449,0.0193658,13,0.481716,0.174321,11.9268,71.4692,51,2.52,317.767,0.502832,0.126236596216325,0.521427,361.599,0.22108,0.100201,0.102412,1
0.0161357,1,0.16681,0.0417759,0.0151087,8,0.450238,0.276988,13.4279,49.6743,52,1.63,147.054,0.0242267,0.131936293361542,0.370564,299.169,0.331837,0.100139,0.0612316,1
0.0205764,2,0.142977,0.0763362,0.0236479,13,0.269842,0.262238,8.33063,52.0839,53,2.77,169.435,0.0427491,0.193624902535372,0.16658,366.325,0.302409,0.100283,0.0668556,1
0.00473462,3,0.256187,0.0239298,0.0143646,19,0.421405,0.279972,13.5112,130.16,54,2.21,557.293,0.0199735,0.14975452465937,0.510299,349.709,0.230143,0.100446,0.0887241,1
0.00256217,2,0.0554454,0.0620565,0.0123,22,0.153559,0.255489,6.17785,55.9661,55,7.24007,312.163,0.174722,0.105251023327266,0.292064,708.842,0.175943,0.100037,0.169453,1
0.00818602,1,0.173353,0.0267112,0.0103091,29,0.369834,0.259922,13.359,80.1899,56,2.01,256.732,-0.285597,0.121672316932991,0.37455,324.031,0.307037,0.100203,0.0649354,1
0.0268611,3,-0.0058909,0.070798,0.0159653,21,0.204688,0.17172,6.06112,90.5932,57,8.6701,832.315,0.26997,0.148206527286683,0.503796,888.532,0.106898,0.100114,0.270464,1
0.014629,2,0.205713,0.0479083,0.0238445,24,0.207026,0.215881,14.9903,100.836,58,5.32003,661.316,0.00832984,0.118399578099969,0.69292,593.062,0.149712,0.100088,0.252923,1
0.0185595,1,-0.147332,0.0667986,0.0189497,30,0.34442,0.260152,8.0849,130.119,59,3.18,522.797,0.0424042,0.166077098138794,0.320276,433.022,0.244179,0.100007,0.153582,1
0.00835489,1,0.214794,0.0159166,0.0110297,27,0.297024,0.472678,10.7092,69.1203,60,2.78,213.221,-0.0361595,0.123092132667461,0.319836,376.704,0.318143,0.100041,0.0707861,1
0.0229028,2,0.098949,0.00739619,0.0175849,8,0.343312,0.443685,14.3462,76.2341,61,7.37007,638.138,0.0701521,0.0983702059609372,0.815091,752.402,0.117294,0.100086,0.116772,1
0.0104258,2,-0.024314,0.0755029,0.0184952,31,0.269032,0.2741,9.33144,48.9338,62,3.33,197.809,0.0625453,0.137292351981128,0.327689,427.105,0.242814,0.100056,0.103651,1
0.0143537,2,0.203208,0.0218028,0.0100778,32,0.167115,0.357296,13.081,51.9519,63,5.83004,246.484,-0.0134533,0.0953400910976347,0.586965,578.455,0.206949,0.100088,0.195603,1
0.0212664,3,-0.217053,0.0780598,0.0205556,25,0.243486,0.37746,12.564,101.029,64,3.96,501.277,0.212959,0.130234807379466,0.547588,539.509,0.198207,0.100249,0.21405,1
0.00461445,3,0.23993,0.00774248,0.023802,21,0.383374,0.285638,7.29002,96.5518,65,3.7,471.222,-0.164408,0.12748777663313,0.393418,453.514,0.201087,0.100042,0.122348,1
0.000462202,3,-0.095508,0.0539494,0.0191141,25,0.3927,0.477254,9.93981,24.2832,66,1.91,57.9148,0.226093,0.176421454831628,0.149916,316.311,0.411919,0.100144,0.051624,1
0.00715462,1,-0.0965134,0.0710837,0.0109857,27,0.376286,0.190515,5.10871,39.8588,67,3.52,150.024,0.244464,0.220113647454822,0.107616,429.544,0.260913,0.100107,0.0649549,1
0.00500655,1,0.0879182,0.0587126,0.0189404,16,0.360697,0.248749,11.0177,58.7832,68,1.77,140.09,-0.00814174,0.125412547572483,0.152395,292.269,0.412606,0.100235,0.0311167,1
0.0184648,2,0.169729,0.0142424,0.0168427,30,0.365372,0.107891,8.11714,71.948,69,4.05,497.634,-0.164423,0.223924323643642,0.471411,482.824,0.141842,0.100006,0.191292,1
0.0202955,3,-0.0570261,0.0789016,0.0106407,29,0.253925,0.286576,9.40838,69.2887,70,3.69,303.466,0.209142,0.140190076813843,0.376499,460.051,0.224301,0.100141,0.129362,1
0.0032964,3,-0.123216,0.0265728,0.0228949,28,0.199754,0.219966,13.2435,102.578,72,10.0001,1052.08,0.16232,0.070834637380641,0.75859,944.662,0.0957782,0.100137,0.299547,1
0.0122908,2,-0.0665657,0.0761254,0.0171759,12,0.345301,0.252171,13.4733,82.5296,73,1.69,206.628,0.530453,0.143747269938213,0.242673,289.076,0.393924,0.100536,0.0481167,1
0.0227438,3,0.113162,0.027483,0.0249753,32,0.32774,0.44107,9.71971,99.0013,74,2.92,333.061,-0.107262,0.144639211087574,0.328662,404.514,0.291724,0.100043,0.0841311,1
0.0237542,2,0.119669,0.0703999,0.0190261,24,0.176285,0.433828,8.71301,30.1096,75,4.41001,110.033,-0.228529,0.118799759936495,0.307838,493.778,0.26873,0.100107,0.11418,1
0.0184082,1,0.00701325,0.0234358,0.0240628,19,0.404725,0.433949,6.46196,102.488,76,3.03,303.115,0.13254,0.126015598375218,0.145287,407.187,0.332227,0.100161,0.059773,1
0.00843948,3,-0.0451569,0.0758488,0.016889,26,0.27077,0.24674,11.5351,68.6816,77,2.81,254.463,0.164265,0.166775879577129,0.357144,389.114,0.265221,0.100167,0.119792,1
0.0267419,4,0.0830268,0.0169583,0.0175366,23,0.183868,0.332502,7.10892,93.0005,78,12.2502,890.43,0.0590424,0.0808298571016528,0.620661,1123.58,0.102495,0.100034,0.265898,1
0.00371651,2,-0.297343,0.0346738,0.0164848,10,0.416478,0.234051,14.1581,65.7206,79,2.06,214.997,-0.553014,0.219407185348938,0.448074,327.687,0.300989,0.100372,0.177334,1
0.0231838,3,0.124966,0.0510763,0.0186621,12,0.328722,0.412041,6.60047,106.249,80,3.23,367.537,-0.483593,0.147395762741436,0.166731,421.372,0.284114,0.100184,0.0561342,1
0.00450973,2,-0.235791,0.0142638,0.0210016,17,0.348355,0.270526,12.4782,101.805,81,4.78001,645.001,-0.0224362,0.115137867505792,0.666171,536.405,0.154868,0.10002,0.22976,1
0.0103147,3,-0.233202,0.0513794,0.0179082,11,0.173327,0.151806,6.33123,72.2571,82,10.3401,684.54,0.159803,0.107293704095766,0.511737,924.201,0.103638,0.100084,0.302034,1
0.0105256,4,-0.0945808,0.0398794,0.0236219,17,0.218884,0.195177,11.3305,44.1017,83,4.75001,204.303,-0.0251584,0.122027282427369,0.48177,519.181,0.212008,0.100116,0.156356,1
0.0226564,3,0.10383,0.0292513,0.0142832,23,0.362252,0.201667,8.11044,115.561,84,3.56,581.477,0.162202,0.153441076845524,0.396081,443.932,0.195037,0.100039,0.138029,1
0.0284663,1,-0.272443,0.0595424,0.0110964,17,0.427103,0.199404,7.06332,46.9085,85,2.52,150.218,0.301594,0.31831332077869,0.169773,347.513,0.306819,0.100158,0.113273,1
0.00206461,2,0.247508,0.0638753,0.0230892,24,0.33135,0.32337,7.0943,111.892,86,2.69,376.522,0.0581792,0.159876388739936,0.152577,383.129,0.292005,0.100164,0.0600263,1
0.0275631,4,-0.0107189,0.0643433,0.0199117,24,0.384715,0.380554,8.36091,108.334,88,2.54,370.807,0.38974,0.163589677839103,0.244442,396.146,0.287321,0.10025,0.0954083,1
0.0124178,4,0.124838,0.066804,0.0149826,32,0.180719,0.405386,5.26355,47.5979,89,6.44005,213.162,-0.141029,0.117540670759897,0.222835,647.306,0.219249,0.10009,0.126745,1
0.0197559,4,0.212121,0.0118429,0.0238938,10,0.450285,0.409005,12.3978,55.4347,90,2.36,209.635,0.109958,0.141978768870682,0.509813,352.704,0.260066,0.100253,0.0310668,1
0.00706403,4,0.143131,0.0541098,0.0209064,9,0.425756,0.417084,11.9569,113.516,91,1.76,336.601,-0.152671,0.139358944365942,0.324932,313.516,0.331272,0.100132,0.0484262,1
0.0173657,1,0.258131,0.029214,0.0173518,9,0.470002,0.444738,13.0875,58.3307,92,1.54,164.635,0.0372279,0.142021789163616,0.347534,299.618,0.34849,0.100264,0.0096693,1
0.0147331,4,0.194532,0.0622089,0.0224697,19,0.304365,0.48478,8.87427,107.799,93,2.47,313.054,-0.174962,0.176273812120547,0.190666,368.474,0.337925,0.100036,0.0582614,1
0.024523,3,0.186086,0.0416497,0.0143555,16,0.36893,0.465567,8.96957,117.151,94,2.18,323.116,-0.0294773,0.161130118703106,0.178571,337.163,0.355736,0.100016,0.0482736,1
0.00863108,2,0.239209,0.0679482,0.0213357,14,0.206399,0.217146,7.82781,100.725,95,4.3,475.289,0.330003,0.143681044334791,0.33725,479.053,0.207986,0.100043,0.185599,1
0.0155894,3,0.145912,0.020904,0.0155695,22,0.288363,0.101618,7.99653,85.6723,96,6.93006,934.322,-0.0346814,0.178472063087825,0.616537,699.563,0.0900378,0.100095,0.322075,1
0.0182336,2,-0.184007,0.0449496,0.0202543,32,0.453784,0.342065,11.2256,77.0831,97,1.71,192.39,0.843987,0.19759709370989,0.243461,310.558,0.394944,0.100483,0.098019,1
0.00294803,4,-0.280652,0.00777491,0.0218427,24,0.467115,0.250807,5.6437,55.2253,98,3.45,209.752,0.122026,0.227414272203643,0.223676,429.207,0.258455,0.100065,0.143796,1
0.028556,1,-0.0732642,0.0573736,0.0203108,25,0.474558,0.265777,6.14505,80.1402,99,2.51,237.048,0.242866,0.211609277066101,0.123993,374.639,0.332185,0.10016,0.0574474,1
0.0229069,1,0.281638,0.0616046,0.0238522,21,0.334165,0.426984,9.62575,113.332,100,2.05,320.697,-0.129027,0.135937019298626,0.192686,337.105,0.346986,0.100089,0.0430426,1
0.00613849,1,-0.277921,0.0692608,0.0246223,30,0.172123,0.353686,11.0544,27.5763,101,4.53001,95.4403,-0.115281,0.10009962054942,0.403302,491.037,0.283687,0.100084,0.148874,1
1.5525e-05,2,-0.281727,0.00675567,0.0130415,19,0.342556,0.228422,12.2106,42.6979,102,4.33,210.608,0.124447,0.164211787252957,0.608891,483.253,0.199073,0.100095,0.201192,1
0.0285375,3,0.220181,0.0428342,0.0165104,24,0.402716,0.133952,13.1413,40.7618,103,1.65,125.686,-0.0653398,0.287683654004189,0.319094,298.256,0.318293,0.100044,0.0656036,1
0.0123836,3,0.113574,0.0308274,0.0196438,11,0.217152,0.423442,7.83273,122.54,104,5.90004,652.35,0.0413576,0.0845025618962008,0.424943,620.234,0.184518,0.100132,0.191234,1
0.0246585,3,-0.214808,0.059843,0.017401,12,0.318515,0.472578,5.0416,32.1102,105,4.39001,125.902,0.207038,0.201948525494178,0.141652,498.745,0.250776,0.100232,0.100697,1
0.0133713,3,-0.144966,0.072096,0.0204871,10,0.180488,0.13886,12.6663,31.2494,106,3.68,122.909,0.103307,0.19634774541188,0.386249,409.644,0.249601,0.100074,0.126087,1
0.0166903,2,0.205394,0.0668059,0.0123534,19,0.167958,0.485931,11.707,79.6565,107,3.75,295.146,0.179167,0.119638826632854,0.403752,469.49,0.265069,0.100117,0.166302,1
0.0171152,1,0.15726,0.079182,0.0195143,24,0.312696,0.388209,13.7756,101.2,108,1.83,292.984,0.101692,0.157430910621976,0.320403,332.468,0.339838,0.100292,0.0694593,1
0.0157567,3,-0.217978,0.0455977,0.0185613,26,0.301558,0.364577,11.3666,48.6135,109,2.72,148.271,-0.0503234,0.164528113832036,0.327277,380.191,0.322141,0.100156,0.136173,1
0.0128856,3,0.0577752,0.0415576,0.0157169,28,0.28356,0.452922,11.2121,126.427,110,3.05,445.387,0.39482,0.132878976136459,0.37223,418.306,0.279227,0.100274,0.0898275,1
0.000793825,1,0.277133,0.0303519,0.0203167,29,0.283278,0.366758,8.57269,95.9869,111,3.2,347.472,-0.0957377,0.127286524930561,0.287427,417.691,0.271954,0.100354,0.0926902,1
0.0296759,3,-0.234969,0.014671,0.0156608,14,0.435535,0.102455,7.63454,56.1523,112,3.17,243.104,0.438564,0.204257366074833,0.339724,407.38,0.226937,0.100152,0.178711,1
0.0299138,3,0.140786,0.0607537,0.0138645,10,0.366459,0.345815,12.1959,117.616,113,1.94,356.144,-0.191795,0.147809918862412,0.329155,342.69,0.324485,0.100158,0.0850236,1
0.0107318,2,-0.126481,0.0670688,0.0202824,15,0.419612,0.258222,7.21151,30.2812,114,2.31,87.75,0.315433,0.238569112895352,0.113478,358.52,0.338834,0.10009,0.0604275,1
0.0257725,1,-0.100635,0.0577893,0.0217426,12,0.487781,0.359522,10.523,26.2964,115,1.44,54.981,0.0936022,0.22183204931979,0.128633,283.24,0.469278,0.100018,0.056547,1
0.0172834,4,-0.042557,0.0233751,0.0102138,12,0.159668,0.217132,14.3088,61.0763,116,12.0002,619.117,-0.0937569,0.0862085737603226,0.769684,1126.58,0.0968014,0.100026,0.29335,1
0.0275714,1,-0.12763,0.0223902,0.0192261,8,0.305154,0.495884,5.47271,81.053,117,5.44003,323.921,-0.143374,0.0916736966498041,0.263485,587.054,0.245788,0.100129,0.162563,1
0.00452122,4,0.244284,0.0634618,0.0202017,27,0.246809,0.248245,5.42125,31.4752,118,4.51001,135.054,-0.0930873,0.165129116491086,0.182188,516.505,0.22889,0.100115,0.12307,1
0.0152634,4,0.230996,0.0347171,0.0241688,22,0.38726,0.246631,5.38874,118.79,119,3.5,546.218,0.402116,0.171842325507996,0.185787,452.671,0.213851,0.100237,0.0894473,1
0.0256772,2,-0.0122219,0.0783434,0.0120131,20,0.160139,0.497408,14.78,57.5266,120,3.84,236.235,0.00707514,0.130185221268893,0.464118,482.202,0.239257,0.100155,0.0938414,1
0.018929,1,-0.0144383,0.0562841,0.0181605,13,0.20773,0.276761,11.3358,124.662,121,5.14002,707.354,0.213947,0.107592050208555,0.5308,574.749,0.173101,0.100123,0.160785,1
0.0211999,3,0.109619,0.0483556,0.0221755,13,0.322475,0.21309,12.3487,104.535,122,2.86,465.86,0.00322069,0.144116703032267,0.477531,389.765,0.221026,0.100408,0.133212,1
0.0211651,4,0.228272,0.0466369,0.0108498,16,0.433171,0.322332,12.9607,115.867,123,1.48,325.153,-0.313437,0.179180975424501,0.281832,294.321,0.350313,0.100211,0.0355628,1
0.0217994,4,-0.102236,0.0253937,0.0196261,9,0.150509,0.407591,7.03707,102,125,15.6903,1100.63,-0.305602,0.0777390018188723,0.630093,1355.09,0.0909683,0.10006,0.344801,1
0.0293587,3,-0.276711,0.0467446,0.0234021,20,0.198963,0.383989,14.9617,51.5127,126,5.25003,251.456,0.0484131,0.103791591534269,0.624157,583.375,0.201237,0.100136,0.216783,1
0.0195076,2,0.156833,0.0637973,0.0170336,26,0.231356,0.372226,10.4217,34.841,128,3.11,120.856,-0.0590263,0.144785013005492,0.318836,400.589,0.283087,0.100099,0.100193,1
0.0160999,4,-0.020258,0.0628444,0.0195687,20,0.421681,0.125112,10.2027,82.3081,129,2.24,324.724,0.127563,0.199167132975436,0.347914,351.017,0.249374,0.100289,0.111544,1
0.0197396,1,-0.245113,0.030831,0.0175899,25,0.266468,0.355576,9.12184,81.7389,130,4.38001,330.127,-0.0458708,0.112172394223182,0.394409,497.593,0.242928,0.100014,0.178562,1
0.0121822,4,-0.115854,0.0129953,0.0248495,28,0.248849,0.476427,14.2651,109.19,131,6.62006,694.48,-0.00591174,0.0862879741183783,0.707286,686.796,0.154272,0.100022,0.172155,1
0.0238619,3,-0.115967,0.0216882,0.0125268,17,0.441265,0.297486,12.0895,40.4842,132,1.78,91.7852,0.0644385,0.178507364076508,0.274045,298.726,0.433707,0.100234,0.087904,1
0.00696393,2,-0.0809772,0.076143,0.0246585,32,0.243601,0.371673,9.14357,69.5928,133,4.07,307.564,-0.210968,0.103862227138662,0.394621,522.298,0.222311,0.100153,0.126028,1
0.0227096,3,-0.0300351,0.0299731,0.0188772,23,0.340684,0.241759,12.7713,53.6398,134,2.58,177.303,0.140989,0.148316885472998,0.407574,344.297,0.297348,0.10019,0.0773008,1
0.0287718,1,0.227074,0.0154104,0.010586,30,0.303809,0.335129,5.80996,37.9849,135,3.91,125.664,0.0581138,0.123596513963222,0.131713,460.834,0.297277,0.100252,0.0451279,1
0.0181351,2,0.290148,0.0673105,0.0216807,15,0.362654,0.140658,10.5107,50.679,136,1.7,149.211,-0.143882,0.302553907135795,0.173885,286.6,0.333243,0.100015,0.0583468,1
0.0113583,2,0.117453,0.0250669,0.0201969,11,0.452786,0.325828,8.45592,94.8712,138,2.4,323.991,-0.234642,0.120932240218487,0.292007,361.683,0.28787,0.100213,0.0820698,1
0.00313342,3,0.1275,0.0218928,0.0234929,26,0.444129,0.178642,5.53902,59.4913,139,3.04,226.56,0.291094,0.155269364607305,0.133206,400.135,0.257629,0.100013,0.050558,1
0.0120995,3,0.0230229,0.0695389,0.0218295,25,0.161731,0.349937,13.0587,29.6857,140,4.48001,117.608,0.0302805,0.102375647617784,0.476214,492.189,0.247739,0.100049,0.0968574,1
0.0195551,3,-0.21443,0.0369332,0.0201405,24,0.194898,0.456311,14.4032,101.705,141,6.40005,581.463,-0.114102,0.0853776444946987,0.661136,682.169,0.171677,0.100052,0.245698,1
2.60486e-05,4,-0.082478,0.0626704,0.0222272,29,0.204858,0.414897,8.27553,75.6461,142,5.43003,374.64,-0.0813331,0.0917295225002763,0.401149,590.308,0.198419,0.100171,0.131517,1
0.0120243,4,-0.295552,0.0327307,0.0232708,8,0.345819,0.141001,10.1597,47.3587,143,3.05,184.281,0.0245046,0.18453154989319,0.384903,409.783,0.252653,0.100216,0.200161,1
0.019835,4,-0.12793,0.00942527,0.0106936,26,0.332809,0.493742,13.2472,121.879,144,4.56001,632.117,0.340563,0.0933028788374265,0.650427,559.894,0.189166,0.10001,0.160688,1
0.0117447,2,0.184528,0.0676722,0.0155453,27,0.458951,0.383347,6.75728,102.642,145,2.03,288.572,0.0917013,0.19750863133823,0.0681141,352.036,0.350144,0.100348,-0.00324488,1
0.0238565,2,-0.237419,0.0486834,0.0130893,16,0.303612,0.183687,8.18009,86.2092,146,4.03,403.533,-0.14924,0.174943663935473,0.380622,463.732,0.209778,0.100096,0.200659,1
0.00836909,4,-0.173594,0.0329156,0.0131327,13,0.276948,0.242005,14.5292,78.8196,147,4.17,408.439,0.306038,0.129114694866072,0.613641,472.254,0.189679,0.100194,0.183646,1
0.0192882,2,0.059196,0.0211629,0.0193671,9,0.252458,0.283693,11.3973,57.1645,148,5.22002,305.926,-0.0208468,0.0893722409874773,0.575117,559.858,0.183471,0.10009,0.151028,1
0.0121368,3,0.115257,0.0430983,0.0132821,24,0.285935,0.381262,6.77726,24.0702,149,3.42,72.0506,0.26144,0.177972041361078,0.117981,414.834,0.328602,0.100267,0.0389814,1
0.0187562,3,0.0180511,0.0386972,0.0239091,19,0.335077,0.23149,5.20771,69.228,1,4.35,283.627,-0.0858267,0.138689588811325,0.159671,1155.31,0.239851,0.10017,0.0790683,1
0.0260108,4,0.196036,0.0513963,0.0172964,18,0.359745,0.154057,10.5945,59.1235,2,2.25,213.029,0.371336,0.223685614901002,0.326088,792.675,0.273461,0.100439,0.095947,1
0.00122002,3,-0.0673017,0.0115558,0.0227434,28,0.499949,0.272813,11.1698,126.138,3,2.49,518.394,-0.122592,0.120617696693179,0.492836,881.583,0.238952,0.100105,0.125907,1
0.0120654,2,-0.184239,0.0173254,0.0209539,10,0.326857,0.491502,14.3804,122.807,4,5.37003,786.456,-0.314537,0.0875900955185501,0.727661,1337.48,0.153201,0.10001,0.207817,1
0.0228243,3,0.110021,0.0546914,0.0202903,30,0.268193,0.180136,11.7859,29.1262,5,3.17,109.876,0.0734696,0.165130811005999,0.440184,929.722,0.260074,0.100011,0.112606,1
0.0281168,2,0.125424,0.0741583,0.0239211,10,0.182518,0.118723,12.902,84.7581,6,6.04004,724.938,0.196139,0.1698062683904,0.670813,1391.71,0.114778,0.100072,0.325824,1
0.0141908,2,0.181659,0.0333286,0.0116247,9,0.184807,0.172752,11.9672,47.2075,7,5.89004,281.811,-0.0162781,0.0952715803518453,0.597196,1309.26,0.164575,0.100148,0.25502,1
0.0242709,4,0.023466,0.0777725,0.0183787,30,0.24682,0.182797,5.92695,99.194,8,7.25007,838.869,-0.47327,0.117307373064001,0.492881,1615.39,0.116014,0.100011,0.238462,1
0.0287232,1,-0.134251,0.0597914,0.0178313,29,0.337771,0.346648,6.27198,89.5343,9,3.66,340.08,0.160194,0.158484584344565,0.211805,1040.59,0.258882,0.100236,0.119408,1
0.00536253,1,0.161219,0.0122345,0.0155904,28,0.27245,0.492999,7.51929,53.4739,10,3.77,164.6,0.122962,0.122501482183924,0.198739,992.069,0.319413,0.100224,0.0721708,1
0.0246023,3,-0.0659416,0.0777616,0.0223545,23,0.242941,0.368295,6.03979,122.289,11,5.95004,769.695,0.40968,0.124244877750654,0.376581,1418.17,0.156072,0.100135,0.201634,1
0.0205465,1,0.20318,0.0781795,0.0210137,25,0.155301,0.217627,10.7521,82.7285,12,6.17005,544.396,0.165965,0.0965275079678151,0.603312,1392.56,0.149276,0.100134,0.290739,1
0.0157742,2,-0.00832779,0.0411552,0.0145838,16,0.152154,0.425165,10.7907,116.518,13,7.88009,728.114,-0.105063,0.0910868001844692,0.561277,1562.41,0.157139,0.100097,0.180877,1
0.0169053,1,-0.176206,0.0695374,0.01068,22,0.340187,0.10419,11.103,107.366,14,2.89,549.568,-0.171717,0.239635882657173,0.450305,921.828,0.192181,0.100276,0.204274,1
0.0128295,1,-0.169037,0.0767003,0.0165075,14,0.252227,0.110922,14.9569,53.3721,15,2.5,194.744,0.000139745,0.234044328569955,0.410298,800.866,0.269189,0.100124,0.134903,1
0.02785,2,-0.16234,0.0344886,0.0166186,24,0.470895,0.233191,9.86767,126.785,16,2.3,453.099,0.512429,0.174517472551094,0.371385,833.555,0.274986,0.100177,0.151603,1
0.0176203,4,-0.181551,0.0758345,0.0106432,14,0.339139,0.178955,6.39176,127.435,17,3.71,589.528,0.179297,0.171014808892799,0.268819,1074.98,0.212598,0.100255,0.165554,1
0.0217574,4,-0.00749981,0.0423135,0.0108926,13,0.165691,0.301843,9.93445,46.0099,18,5.53003,196.107,-0.0818913,0.116360411277794,0.368993,1200.41,0.230566,0.100177,0.10645,1
0.00986248,2,-0.287488,0.0262307,0.0148104,32,0.314771,0.270104,6.90639,50.4915,19,3.99,177.934,0.032349,0.176169578224443,0.234523,1092.75,0.278905,0.100191,0.136406,1
0.0164726,1,-0.231553,0.0443322,0.0214062,11,0.248826,0.139803,6.46507,40.0645,20,4.98002,173.618,0.0153275,0.170224748067747,0.238879,1189.59,0.226589,0.100093,0.163001,1
0.0279532,2,0.253556,0.038979,0.0191287,27,0.192615,0.49639,7.68433,43.3043,21,4.77001,161.451,0.0476667,0.132018351142596,0.304467,1176.84,0.263626,0.100191,0.13961,1
0.0216661,2,0.237919,0.0745135,0.0159548,25,0.44232,0.447228,7.08047,130.036,23,1.95,364.7,-0.101127,0.224902825467073,0.0755298,790.377,0.350952,0.100335,-0.00588262,1
0.026376,2,0.0685879,0.0596162,0.0211402,15,0.277521,0.450527,12.3876,66.8796,24,2.23,184.939,-0.0134165,0.167966572870228,0.253808,759.969,0.355454,0.100195,0.0427986,1
0.00777198,4,0.0025131,0.0348368,0.0232776,21,0.358724,0.191813,9.60776,50.0918,25,2.45,146.15,0.248965,0.14660097313117,0.223265,814.747,0.336663,0.100128,0.0490111,1
0.0224779,2,-0.266106,0.0218748,0.0171719,13,0.299525,0.11746,8.76312,126.149,26,8.7501,1681.98,0.385088,0.1289302654566,0.70812,1902.21,0.0736082,0.100045,0.41727,1
0.0252142,4,-0.038179,0.0460495,0.0140342,14,0.297234,0.453149,6.44355,102.906,27,3.87,346.791,-0.0303268,0.134793403193512,0.160083,1049.53,0.291621,0.100179,0.0739532,1
0.00611785,1,0.14858,0.00518565,0.0240167,30,0.435826,0.19051,5.67733,43.861,28,3.44,175.423,-0.404995,0.150501627546813,0.218515,1033.33,0.245646,0.10015,0.0779225,1
0.0162679,4,0.217156,0.0767453,0.0207192,11,0.152346,0.498534,9.04598,102.887,29,4.52001,425.915,0.163199,0.134876750417288,0.353958,1112.37,0.237206,0.100097,0.163801,1
0.0121641,2,0.08794,0.0628569,0.0203337,19,0.274697,0.247344,5.51092,108.592,30,4.62001,515.166,0.0336873,0.131475303493652,0.205335,1203.58,0.207143,0.100173,0.112316,1
0.0232772,2,0.148514,0.0504841,0.0127393,17,0.384906,0.306722,10.4457,114.021,31,1.92,327.167,0.0359097,0.15528909713781,0.224518,739.496,0.343394,0.10044,0.0591859,1
0.0212831,1,-0.0601265,0.0482671,0.0231234,11,0.360669,0.470537,13.7431,87.0335,32,1.84,223.638,0.0531792,0.106737462750804,0.300217,712.049,0.382054,0.100073,0.0793163,1
0.0118413,4,-0.111332,0.00582579,0.0145314,31,0.331857,0.43988,5.13439,32.7051,33,4.90002,93.8656,-0.028575,0.0984864493400701,0.154284,1237.41,0.342439,0.100186,0.0932606,1
0.00159795,1,0.0761275,0.044519,0.0202454,14,0.205722,0.378784,11.4692,103.755,34,4.26,437.649,0.0312836,0.103618798126281,0.444096,1050.96,0.232577,0.100004,0.115043,1
0.0299929,3,-0.210235,0.0790093,0.0244907,32,0.355674,0.131181,8.40988,34.5398,35,2.55,105.87,0.00378317,0.218928103972407,0.228336,854.019,0.320298,0.100078,0.11574,1
0.00823938,4,0.100771,0.0772361,0.0103638,17,0.158497,0.306881,6.91818,92.087,36,5.90004,464.96,0.0252181,0.140324023462854,0.311717,1357.86,0.194548,0.100132,0.164059,1
0.0162623,1,-0.267893,0.0632811,0.0248719,12,0.29923,0.427471,8.7432,97.9088,37,2.94,308.161,0.151148,0.151215219812291,0.226403,903.557,0.312497,0.100261,0.125582,1
0.0226099,3,0.0502624,0.0208758,0.0244668,22,0.33683,0.358968,13.028,41.8117,38,2.18,107.271,0.178119,0.148331638303729,0.306769,755.336,0.383247,0.100229,0.0443351,1
0.0091319,1,-0.16719,0.0352977,0.01047,19,0.336736,0.387993,9.04789,34.0401,39,2.53,81.1376,-0.00572117,0.155115969074083,0.152853,819.994,0.412864,0.100316,0.0770704,1
0.00639054,3,0.0844321,0.0601672,0.0171782,13,0.406977,0.297917,6.66362,89.9177,40,2.49,276.912,0.212354,0.147396083524955,0.103263,855.368,0.3196,0.100331,0.0382572,1
0.00386265,3,-0.219774,0.0535214,0.0132376,14,0.254422,0.405459,7.79408,95.2002,41,3.91,319.688,0.150529,0.119901837381461,0.233861,1037.89,0.292366,0.10008,0.1293,1
0.012613,4,-0.130098,0.0269859,0.0108977,16,0.360349,0.122716,6.62052,106.912,43,5.77004,894.4,0.315364,0.148992180370469,0.514641,1451,0.117323,0.100051,0.269821,1
0.00350495,3,-0.156207,0.0640626,0.0137832,18,0.186247,0.319002,12.021,43.8614,44,3.69,154.824,-0.182054,0.134748663646803,0.349133,938.891,0.278372,0.100164,0.133889,1
0.002438,2,-0.194516,0.00797662,0.0217654,31,0.233276,0.349867,11.9933,67.8522,45,7.36007,423.387,0.0241094,0.0883737102494716,0.660722,1570.45,0.157447,0.100147,0.219943,1
0.0191729,1,-0.161709,0.027359,0.0249574,9,0.410468,0.499435,13.9316,115.042,46,2.61,441.504,0.160429,0.104351376276157,0.544847,857.63,0.256077,0.10018,0.148771,1
0.00217836,3,-0.161175,0.0788976,0.0156821,20,0.198395,0.383616,14.1842,65.4669,47,3.2,241.142,0.118857,0.119468983811818,0.423752,895.516,0.266958,0.100236,0.152604,1
0.00964797,4,0.137989,0.0128759,0.0158634,30,0.160974,0.319322,13.5326,66.2262,48,10.5601,539.365,0.0910354,0.0736785372146432,0.748822,2045.18,0.120485,0.100027,0.269686,1
0.0145276,3,0.220304,0.0383547,0.0141995,22,0.185434,0.179557,11.5115,92.5266,49,7.86009,815.619,-0.0553841,0.123298152288457,0.702448,1693.23,0.111302,0.100012,0.330345,1
0.00478349,2,-0.128369,0.00500322,0.0172803,23,0.348396,0.268848,8.50698,122.4,50,14.9202,2035.12,-0.242797,0.0657416568394262,0.839735,3073.59,0.0590048,0.100006,0.341733,1
0.0229466,4,0.0472903,0.0731519,0.0110639,27,0.49622,0.267497,11.9564,127.053,51,1.45,361.192,-4.64371,0.218426026596669,0.280297,703.459,0.345461,0.100111,0.139962,1
0.0100945,1,-0.248081,0.0485446,0.0133003,24,0.407262,0.291495,14.8623,100.603,52,1.79,292.969,0.0281871,0.194497921670958,0.402697,723.146,0.336867,0.1,0.130751,1
0.000516331,2,-0.064199,0.0634125,0.0155098,11,0.229728,0.357904,13.4428,118.963,53,3.2,441.692,0.644561,0.0989608612578579,0.426487,882.637,0.26436,0.100054,0.0962962,1
0.0163371,1,0.160241,0.0417109,0.0146598,8,0.403935,0.341313,7.95341,127.421,54,2.96,554.567,-0.346454,0.117941599056467,0.360405,954.059,0.225646,0.100109,0.124532,1
0.00458562,4,-0.143004,0.0132206,0.0236108,31,0.212468,0.124293,14.3721,119.032,55,18.3703,2551.58,0.0214223,0.0781362453591832,0.8785,3436.36,0.0457771,0.100029,0.528994,1
0.00593323,4,-0.0409874,0.0231798,0.0229361,16,0.271222,0.212882,11.2099,117.851,56,7.39007,1105.01,0.093802,0.0813971192965536,0.704434,1652.54,0.104635,0.100009,0.270196,1
0.0032725,1,0.239003,0.0528491,0.0149284,20,0.159378,0.146422,12.8061,84.0317,57,6.99007,684.568,0.288699,0.120869996858147,0.689511,1532.2,0.120505,0.100071,0.347657,1
0.0148269,3,-0.26328,0.0119071,0.0211861,28,0.363208,0.403008,8.8038,125.187,59,4.08,573.151,-0.0699134,0.116285160743055,0.465891,1122.96,0.214457,0.100088,0.197475,1
0.0251741,4,-0.131425,0.0360038,0.0128815,19,0.456545,0.338054,5.45525,22.8884,61,3,63.5924,0.313888,0.263601871535476,0.107849,953.03,0.354009,0.100262,0.0720751,1
0.0185699,3,-0.161142,0.0568808,0.0162182,32,0.300701,0.428513,11.4724,56.873,62,2.77,189.102,0.0285728,0.138661864293269,0.363176,881.124,0.296122,0.100367,0.143145,1
0.00929911,4,0.275645,0.0226817,0.0225421,9,0.466647,0.246894,7.09111,47.2402,1,2.29,157.224,0.0918197,0.178335344677694,0.185281,1198.63,0.295693,0.100318,0.0301623,1
0.0156182,4,-0.154046,0.0200504,0.0192658,26,0.259161,0.314128,13.115,78.5667,2,5.34003,432.261,-0.176203,0.108246065923142,0.630511,1785.45,0.17831,0.100003,0.18865,1
0.00609189,1,-0.0632241,0.0231139,0.0188209,11,0.443291,0.257282,5.01551,69.0182,3,3.78,244.054,0.122036,0.137687241715035,0.187242,1547.26,0.278029,0.100217,0.117227,1
0.0109717,1,0.178079,0.0705174,0.0116854,20,0.487948,0.153534,14.1793,55.4518,4,1.01,123.033,-0.168372,0.228935817413335,0.14627,849.62,0.443844,0.100385,0.0238231,1
0.0125004,2,-0.0110914,0.0751039,0.0104263,16,0.177905,0.473358,14.264,118.266,6,3.52,436.033,-0.123349,0.119639080327449,0.430341,1345.62,0.266082,0.100001,0.0833433,1
0.00954903,2,0.167854,0.0108138,0.0147667,9,0.235056,0.458241,10.6096,129.587,7,11.3902,1416.61,-0.391959,0.0602698070503873,0.786535,3309.71,0.0898068,0.100076,0.33384,1
0.00372777,4,-0.0425736,0.0707933,0.0247831,31,0.213906,0.410716,8.45987,93.7078,8,5.19002,473.984,0.326599,0.0910553805380044,0.424239,1754.84,0.194192,0.100127,0.130749,1
0.0228102,4,0.16997,0.0690808,0.0123394,29,0.331923,0.231908,7.8334,114.407,9,3.09,503.687,-0.24885,0.185968033880721,0.315469,1335.05,0.223544,0.100323,0.138269,1
0.00485236,4,0.202783,0.00566864,0.0236639,29,0.413781,0.168458,10.6817,82.473,10,4.29,636.617,0.416275,0.185433683402493,0.658172,1647.61,0.127122,0.100027,0.163694,1
0.0145744,1,0.192617,0.069581,0.0117434,17,0.21348,0.272219,13.107,65.1563,11,2.62,208.247,0.228275,0.121333738907132,0.343482,1143.84,0.308011,0.10035,0.112425,1
0.0242747,3,-0.0544568,0.0229568,0.0183173,32,0.34614,0.138587,6.63097,63.0837,12,4.85002,360.376,0.266249,0.141837673756277,0.394422,1772.92,0.171972,0.100145,0.157666,1
0.000211979,4,-0.103587,0.0112577,0.0188518,19,0.491181,0.122209,14.8818,58.9633,13,2.85,320.28,0.138748,0.15796449745871,0.65935,1329.64,0.181003,0.100222,0.128062,1
0.00650588,4,-0.13204,0.0633517,0.0181884,25,0.392505,0.341192,12.1919,73.8827,14,1.7,180.454,0.184973,0.176390576258614,0.235461,1020.41,0.402049,0.1001,0.0865517,1
0.0164599,1,0.1204,0.036334,0.0154325,9,0.368482,0.418924,9.64988,108.714,15,2.72,394.533,0.405502,0.105014200208509,0.358933,1253.93,0.2711,0.10029,0.0904718,1
0.00381385,1,-0.217197,0.0562393,0.016314,11,0.236667,0.2897,11.7668,118.455,16,4.27,572.21,0.237665,0.114434609615104,0.509437,1588.79,0.203277,0.100097,0.197791,1
0.0157368,4,-0.181599,0.0322813,0.0129968,22,0.265904,0.410292,8.12556,85.6442,17,4.3,313.396,0.238939,0.117075290234078,0.309169,1574.79,0.268512,0.100159,0.157698,1
0.0290805,1,0.202552,0.0712573,0.0215496,26,0.446183,0.273381,8.30522,130.639,19,1.81,391.797,0.0455781,0.156744634323474,0.140263,1066.31,0.328184,0.100331,0.0414085,1
0.0243617,1,0.297193,0.0464223,0.017152,26,0.394365,0.311451,14.6614,32.5447,20,1.19,68.1235,-0.0185682,0.168181764663758,0.16383,867.133,0.472337,0.100786,-0.0107759,1
0.0287506,2,-0.160089,0.0424467,0.0122988,16,0.263189,0.409225,14.2405,52.9788,21,2.5,143.028,-0.00129788,0.154895108659893,0.334679,1118.13,0.363526,0.100043,0.101412,1
0.0203748,2,-0.0596382,0.0587179,0.0118032,15,0.26894,0.137102,14.3358,117.891,22,4.58001,889.026,0.115952,0.167851450333737,0.663369,1665.34,0.130174,0.100067,0.228842,1
0.00178591,4,-0.231204,0.078321,0.0152962,14,0.46437,0.117963,8.03746,126.171,23,2.28,501.161,0.279826,0.209039475583155,0.276104,1190.72,0.247443,0.10019,0.178525,1
0.0293702,3,-0.110969,0.051658,0.0194486,13,0.259773,0.498046,10.0594,56.7617,24,2.98,164.555,0.107326,0.140091376204472,0.227723,1238.41,0.338898,0.100151,0.0910017,1
0.00146557,3,-0.170226,0.0517544,0.0109041,22,0.155111,0.207744,13.0377,106.451,26,9.74013,1036.15,0.0706626,0.104667856208622,0.724852,2763.46,0.100839,0.100054,0.343837,1
0.000850008,2,-0.17817,0.0294169,0.0128123,22,0.232698,0.280858,10.2498,102.277,27,6.45005,646.694,0.386584,0.0935025474033724,0.584032,2091.21,0.15532,0.10011,0.237932,1
0.00412322,1,-0.140345,0.0495364,0.0143401,17,0.344039,0.288305,11.1886,60.3622,28,2.07,143.865,0.0132956,0.150485047971928,0.209262,1067.72,0.411613,0.100002,0.0838158,1
0.0256151,2,-0.0780507,0.035448,0.0206841,30,0.285424,0.297446,11.061,120.165,29,4.81002,685.966,-0.220258,0.106978287118209,0.577703,1744.07,0.17191,0.100036,0.170821,1
0.0196342,1,0.129269,0.0746167,0.0118562,14,0.335467,0.479624,8.81895,100.257,30,2.11,266.577,0.110711,0.123576394395252,0.111157,1122.6,0.369965,0.100277,0.0326542,1
0.00101575,1,0.0707859,0.0419474,0.0126611,24,0.151281,0.320112,13.2191,60.8604,31,5.88004,297.386,0.153547,0.0928985517237687,0.551369,1884.8,0.200928,0.100082,0.168391,1
0.000287251,2,-0.293375,0.0563989,0.0171227,16,0.428656,0.497233,12.6992,50.7161,32,1.47,113.241,0.353657,0.203822947641935,0.197681,952.9,0.442026,0.100609,0.098313,1
0.0272583,3,0.083449,0.0614251,0.0115691,23,0.439011,0.153802,14.4374,125.98,33,2.02,589.315,0.161934,0.217502931957389,0.518041,1126.11,0.210587,0.100417,0.116774,1
0.0271677,2,0.192824,0.0689699,0.020424,19,0.490362,0.102817,12.8442,26.1133,34,1.09,60.8652,0.305744,0.483473036827953,0.135836,881.177,0.421542,0.100157,0.129521,1
0.0199647,1,0.232639,0.0387577,0.023203,19,0.235508,0.466912,12.4039,79.475,35,2.96,261.258,-0.22522,0.120693939810793,0.384944,1242.49,0.299495,0.10036,0.0990193,1
0.00793797,3,-0.150832,0.0298979,0.0114976,30,0.153199,0.447985,5.1555,46.1545,36,10.1001,232.416,-0.00722597,0.0925824974530156,0.24711,2818.32,0.194989,0.10009,0.148365,1
0.0172064,3,0.267559,0.0783472,0.0249347,11,0.462857,0.386986,6.67246,53.7241,37,1.91,151.766,-0.431357,0.21728223569336,0.0524296,1122.25,0.347448,0.100052,-0.00231493,1
0.0113694,1,0.1508,0.0130559,0.0122879,22,0.310307,0.162586,11.9008,78.6332,38,5.81004,700.307,-0.0964884,0.126051007559983,0.704439,2013.16,0.110318,0.100152,0.219702,1
0.00848287,3,-0.260049,0.0766028,0.0106704,32,0.414566,0.355461,8.30485,39.1326,39,2.08,109.58,-0.256084,0.286050091025103,0.150553,1121.73,0.351304,0.100278,0.0898408,1
0.0100529,4,-0.111896,0.0473588,0.0197365,18,0.288731,0.279961,10.7755,24.9121,40,2.58,67.6218,-0.0521144,0.173352013324107,0.225915,1161.67,0.362825,0.100393,0.0837902,1
0.0231945,1,0.00642352,0.0252539,0.0202664,24,0.49748,0.115344,7.37371,53.852,41,2.35,187.064,0.155721,0.18077673221196,0.208029,1202.79,0.282787,0.100133,0.0846775,1
0.0185535,1,-0.221402,0.0696563,0.010436,28,0.265192,0.112354,13.2993,77.8467,42,3.26,382.246,0.263861,0.242029302036831,0.500846,1351.76,0.200334,0.100274,0.218375,1
0.0051225,4,-0.213063,0.00861742,0.0107498,31,0.402266,0.212699,6.9623,44.6713,43,3.39,148.323,0.124293,0.185799796526196,0.258788,1398.63,0.295802,0.100118,0.140235,1
0.0121618,2,0.0268558,0.0244937,0.0165147,23,0.443428,0.329171,5.81472,30.0155,44,2.79,75.5879,-0.113932,0.168443042450493,0.0625437,1286.95,0.390839,0.100331,0.0119731,1
0.00230201,2,-0.263161,0.0400947,0.0147941,13,0.467918,0.172725,13.8711,43.6775,45,1.47,108.627,-0.053918,0.267681098562575,0.297573,949.979,0.396833,0.100605,0.13685,1
0.00996779,2,-0.0151456,0.0246883,0.0147928,14,0.295065,0.145981,11.7265,38.0068,46,3.57,159.791,0.0864997,0.128982498619781,0.460889,1399.48,0.233475,0.10006,0.11578,1
0.0214239,4,0.279201,0.0694005,0.02398,12,0.311119,0.210341,8.04234,115.854,47,2.82,485.614,-0.262959,0.199534065046226,0.271806,1305.85,0.234721,0.100291,0.139705,1
0.00424749,1,0.127072,0.0396114,0.0144377,20,0.474029,0.392534,9.29677,77.21,48,1.61,177.394,0.260025,0.161749579268107,0.10677,1007.74,0.427778,0.100188,0.00351369,1
0.0222292,3,0.20197,0.0277942,0.0133255,29,0.294567,0.203653,8.63047,98.1205,49,4.13,525.503,0.0193478,0.161198949339482,0.443781,1602.35,0.18324,0.100039,0.1745,1
0.0279812,1,0.0171354,0.074992,0.024222,28,0.401194,0.304512,11.5257,101.909,1,1.81,301.489,0.516808,0.168398924070583,0.277426,510.341,0.332478,0.100266,0.0716183,1
0.00507007,4,0.165762,0.0309739,0.0219371,29,0.246959,0.170434,5.37029,50.1688,2,5.67003,253.633,-0.0489982,0.15122869758464,0.242306,952.654,0.194171,0.100066,0.15047,1
0.016131,4,-0.0774233,0.0589545,0.018742,21,0.402237,0.389028,11.8462,77.0599,3,1.68,181.734,-0.218376,0.191350674117619,0.212811,496.164,0.416658,0.100165,0.0629464,1
0.0144979,3,-0.023672,0.0247696,0.0243213,16,0.406981,0.131284,5.48451,131.071,4,6.13005,1297.08,0.251117,0.122349668302737,0.505842,1089.69,0.0991321,0.100001,0.238463,1
0.0120133,4,0.00780726,0.0187671,0.0187721,25,0.217904,0.456095,7.63976,74.1576,5,5.55003,297.74,-0.374157,0.0920119354150205,0.288779,863.126,0.244371,0.100014,0.0932066,1
0.00244313,4,-0.239511,0.0286524,0.0189686,12,0.33808,0.392868,7.31649,67.6541,6,3.56,220.375,-0.105055,0.129167869851053,0.24618,711.085,0.301965,0.100266,0.147949,1
0.017766,4,-0.147721,0.0633508,0.018442,30,0.387988,0.328376,13.5781,129.794,7,2.24,479.406,-0.475112,0.149011315774795,0.472023,566.278,0.266268,0.100253,0.157892,1
0.0180578,1,0.107137,0.0427591,0.0154055,19,0.280399,0.223387,7.32172,60.7984,8,3.48,210.36,-0.0015083,0.124002673067822,0.180249,689.905,0.284154,0.10022,0.0829967,1
0.0234953,1,-0.143007,0.0242205,0.0116892,14,0.341363,0.132206,7.95471,87.215,9,5.60003,671.366,-0.0586199,0.1398795190369,0.5588,958.993,0.127441,0.100002,0.259287,1
0.0127478,1,-0.274083,0.0455295,0.0227098,12,0.447819,0.380002,10.8044,66.1397,10,1.79,169.97,-0.237132,0.218576360696335,0.244035,514.674,0.382172,0.100115,0.12559,1
0.0101593,2,-0.224369,0.0782666,0.0184202,12,0.435589,0.397783,11.8692,39.4273,11,1.41,87.4324,-0.335574,0.250259698741316,0.16061,463.625,0.442686,0.10007,0.0856118,1
0.0189835,4,0.253252,0.0673045,0.0142636,27,0.381484,0.311039,7.70212,65.4313,13,2.12,190.205,-0.323061,0.2535999454092,0.115509,566.207,0.338853,0.100411,0.0293925,1
0.00514398,1,-0.28315,0.0686014,0.0115445,28,0.358259,0.118041,12.1836,72.0271,14,2.05,243.317,0.172764,0.252064203872659,0.32101,519.607,0.291314,0.100315,0.148566,1
0.00308882,4,0.0965485,0.0749721,0.0163805,12,0.469395,0.227918,14.5547,22.0914,15,0.989999,42.8577,0.371483,0.191540904054462,0.103125,412.39,0.508804,0.100621,0.00829917,1
0.000717795,2,0.0215872,0.0223389,0.0181537,13,0.285584,0.34541,6.30372,63.8351,16,4.64001,237.407,-0.0496385,0.11044064795575,0.213025,800.204,0.264175,0.100151,0.0824587,1
0.0117335,3,0.26174,0.0730282,0.0249019,28,0.367317,0.361809,7.12953,45.4593,17,2.36,145.225,0.219905,0.204879079332298,0.130511,593.446,0.308254,0.100383,0.0493469,1
0.00156143,2,0.181537,0.0367914,0.0180181,11,0.376271,0.204293,14.6062,58.4123,18,1.91,196.855,0.34258,0.153957073222868,0.419942,503.417,0.292365,0.100438,0.0823612,1
0.0256754,2,-0.132732,0.0256888,0.0164599,10,0.244111,0.431029,7.92605,110.321,19,6.36005,617.091,-0.285048,0.0743819576235972,0.47103,988.76,0.17561,0.100132,0.218415,1
0.00199375,2,-0.0928492,0.0600573,0.0124767,21,0.289581,0.497633,6.43058,33.0292,20,3.68,112.532,0.0462937,0.166873316667266,0.131628,690.766,0.288249,0.10011,0.0729778,1
0.0176298,3,0.190217,0.0368884,0.0201178,25,0.318519,0.155843,5.00531,34.1904,22,4.25,145.524,0.496244,0.214723375087398,0.141211,805.061,0.23102,0.100233,0.0984056,1
0.0232445,1,-0.0473328,0.0212218,0.012672,17,0.258614,0.256373,10.5507,67.3903,23,4.69001,316.782,0.525677,0.0948334740921639,0.479217,780.591,0.208945,0.100121,0.144824,1
0.0104211,3,-0.149629,0.0361096,0.0233913,23,0.158697,0.286781,10.9067,31.3523,24,7.24007,159.468,0.00786236,0.0997255669264135,0.53139,1067.52,0.192955,0.100044,0.179002,1
0.0178774,3,0.274378,0.0352438,0.0112495,12,0.409366,0.175302,13.6382,96.101,25,2.04,409.238,0.615698,0.231423826620738,0.477546,554.257,0.231333,0.100419,0.130778,1
0.00806855,3,0.0425714,0.0567575,0.0205727,11,0.235422,0.175242,6.97491,79.7727,26,4.76001,394.598,0.0844311,0.134977030501163,0.279684,831.437,0.198636,0.100159,0.145484,1
0.0253742,2,-0.0111843,0.0356179,0.0127403,11,0.279116,0.38106,8.41752,105.834,27,4.09,435.063,0.174867,0.117561444916227,0.33545,762.498,0.23907,0.10018,0.117401,1
0.0253673,1,-0.245061,0.0161522,0.0205622,30,0.264751,0.352594,12.1275,108.43,28,6.46005,714.211,0.338814,0.102730257254336,0.671771,1030.05,0.149091,0.100106,0.227442,1
0.0191333,1,-0.113359,0.0470829,0.0190179,30,0.20426,0.338576,10.3556,59.6136,29,5.37003,291.269,0.067021,0.0921924280371026,0.484285,883.742,0.200978,0.100099,0.149061,1
0.0132814,3,0.242998,0.0111507,0.0168444,20,0.316674,0.169912,5.77694,126.153,30,8.30009,1619.22,0.580897,0.162206154972911,0.602479,1328.56,0.0764381,0.100012,0.322529,1
0.0117246,1,-0.0236851,0.0538352,0.0216199,21,0.227775,0.267877,12.0074,73.0015,31,3.74,292.003,0.269593,0.113598687941166,0.429252,699.352,0.245363,0.100045,0.105096,1
0.00331163,1,-0.139612,0.0704593,0.0195402,27,0.423251,0.490301,9.61235,109.106,32,1.89,287.447,0.209497,0.166315083464083,0.196022,535.152,0.37316,0.100216,0.087765,1
0.00799784,1,-0.162764,0.0764178,0.0166313,25,0.170529,0.36095,8.59382,30.694,33,4.71001,110.719,0.0790311,0.110563600173678,0.279433,798.122,0.272473,0.10019,0.127271,1
0.00381632,2,-0.126996,0.016526,0.0139881,32,0.282632,0.351718,5.75162,108.611,34,6.26005,573.904,0.183675,0.09251948740819,0.333853,1028.34,0.185686,0.100018,0.175042,1
0.0105097,2,-0.148616,0.0709875,0.0236446,32,0.251037,0.14788,14.1575,104.229,35,4.63001,715.236,0.162547,0.152038194656244,0.657076,813.857,0.143022,0.100045,0.258815,1
0.00159644,3,0.159783,0.0385984,0.0122134,20,0.387203,0.406156,10.6056,41.9053,36,1.66,88.5604,0.205634,0.166132805541668,0.103397,490.31,0.465653,0.100314,-0.00369751,1
0.0239145,1,-0.206768,0.0227561,0.0226126,25,0.181775,0.211535,7.43089,59.2623,37,11.3902,510.726,-0.0884429,0.0941989508200058,0.584748,1551.25,0.113933,0.10009,0.291837,1
0.00997694,3,-0.09732,0.0468954,0.0121273,9,0.338931,0.329757,9.37208,62.4801,38,2.65,175.453,0.0410889,0.119526742330048,0.247932,601.933,0.349954,0.100175,0.106907,1
0.00285541,4,0.218738,0.0400744,0.0161559,28,0.320807,0.172076,8.1724,88.0774,39,2.99,362.569,0.479598,0.174090462140487,0.270826,643.218,0.239081,0.100323,0.113278,1
0.0186351,2,-0.094075,0.0547896,0.0222429,12,0.297365,0.39082,13.1662,43.5459,40,2.03,104.66,0.189976,0.138246336901511,0.230135,494.353,0.409336,0.100287,0.0594724,1
0.00932658,1,0.108829,0.03099,0.0232299,25,0.420334,0.272046,12.5563,89.9994,41,1.82,265.751,0.169357,0.128254337869558,0.329971,499.773,0.333342,0.100336,0.0484404,1
0.0176409,2,-0.14256,0.00905429,0.0133877,28,0.206407,0.378641,13.6086,116.723,42,12.6502,1297.21,0.120266,0.0601924297575737,0.805081,1697.62,0.0882724,0.100003,0.33174,1
0.0266831,3,-0.0866164,0.0163125,0.0244202,8,0.369602,0.391407,13.7678,115.846,43,5.52003,860.016,-0.0135871,0.0973673034905227,0.752777,983.357,0.132498,0.100269,0.177666,1
0.0131919,2,0.0366134,0.0523575,0.0129225,13,0.156797,0.211343,12.5469,112.614,44,9.07011,1073.32,-0.106231,0.101537611441948,0.706867,1299.39,0.102955,0.100027,0.282918,1
0.0226209,3,0.256927,0.0747114,0.0156186,16,0.407371,0.170696,14.6583,32.5567,45,1.11,74.3391,-0.661566,0.335129277964731,0.164676,426.643,0.430211,0.100136,0.0240994,1
0.0026735,4,-0.00113485,0.0286931,0.021232,18,0.497298,0.464648,13.2732,102.69,46,1.42,232.849,-0.12483,0.143778634050862,0.269868,463.789,0.433353,0.100166,0.0388048,1
0.0029213,2,0.222801,0.0672211,0.0112853,11,0.298181,0.495458,14.5454,37.4687,47,1.44,77.2012,0.00536286,0.157474558030491,0.155884,441.523,0.476694,0.100121,0.0313442,1
0.0279786,3,-0.0262508,0.0509283,0.0140796,17,0.262504,0.136319,14.0271,107.695,48,6.08004,1027.48,-0.00197057,0.143951476209454,0.729226,1002.23,0.102881,0.100056,0.283122,1
0.016945,4,0.0137649,0.0156662,0.0216633,9,0.300429,0.439353,10.9942,113.501,49,6.19005,776.742,-0.209709,0.0864902320573931,0.667435,1004.04,0.143552,0.100142,0.168745,1
0.0144814,3,0.0202543,0.0654944,0.0129851,9,0.447735,0.448431,12.4907,23.4089,50,1.29,47.1638,0.204898,0.19597083902705,0.126596,453.813,0.490998,0.100841,0.0364712,1
0.0292237,3,0.279431,0.00732298,0.0128082,10,0.230702,0.142444,6.8782,40.1612,51,12.4402,505.299,-0.0537957,0.132873033398137,0.714208,1775.16,0.0780583,0.100113,0.399521,1
0.00587541,2,-0.0643572,0.0660291,0.0236459,29,0.22367,0.369145,8.61172,54.2048,52,4.63001,245.377,0.0764304,0.11364382443473,0.376355,830.173,0.217151,0.100205,0.131275,1
0.0273302,3,0.047242,0.077765,0.0178258,10,0.399429,0.478953,8.99702,78.6061,53,1.85,191.871,0.395929,0.18319188968795,0.107542,517.263,0.403985,0.100519,0.0443223,1
0.028239,2,-0.0312964,0.0659708,0.0144743,16,0.40755,0.417906,5.66601,32.1835,54,2.88,104.779,0.221704,0.238217939441841,0.0711191,642.255,0.301478,0.100052,0.0353476,1
0.0244129,3,-0.222374,0.00601273,0.0133343,19,0.433644,0.378074,5.1941,124.499,55,4.91002,618.605,0.0468393,0.115888743040311,0.35937,884.304,0.197746,0.100158,0.215763,1
0.0047816,1,-0.137608,0.0440904,0.0149342,31,0.434805,0.259926,8.24389,129.704,56,2.46,410.08,0.356124,0.15834768578065,0.257915,605.991,0.311159,0.100283,0.122331,1
0.0298569,3,-0.113519,0.0118992,0.0182928,23,0.345216,0.31175,10.5272,79.5993,57,3.92,354.681,0.0631841,0.122228675672342,0.510138,753.491,0.220669,0.100231,0.15429,1
0.0287599,2,-0.0460909,0.0646691,0.0178365,25,0.355805,0.386565,7.15578,55.6338,58,2.92,192.796,0.13606,0.168347486555898,0.181515,655.649,0.28349,0.100144,0.0793819,1
0.0242399,4,-0.188798,0.0551124,0.0124781,10,0.442217,0.393313,14.758,86.4896,59,1.53,221.819,0.223067,0.163879867399187,0.351521,479.563,0.384634,0.100557,0.136291,1
0.0047679,3,-0.293825,0.0599415,0.0241154,12,0.448572,0.450392,9.74925,85.24,60,1.83,226.204,-0.0168349,0.204586342764999,0.204658,526.117,0.370647,0.100265,0.116211,1
0.00449385,2,-0.129681,0.0129496,0.0146358,16,0.220079,0.445889,14.2743,40.3887,61,4.43001,142.447,-0.0890597,0.0813758963934632,0.508638,706.776,0.278299,0.100054,0.143218,1
0.0203922,3,0.23205,0.0283951,0.0114506,12,0.243879,0.287583,5.14528,98.8018,62,6.63006,627.609,0.084965,0.119128725568147,0.33977,1080.03,0.154565,0.100084,0.22524,1
0.024799,4,-0.0265259,0.0186252,0.0103128,11,0.163801,0.474572,9.19386,47.5729,63,7.25007,211.88,0.0367138,0.0718238858733656,0.407975,1057.78,0.220449,0.100085,0.142585,1
0.00618787,4,-0.00302725,0.0233751,0.0228413,18,0.450407,0.251881,9.81079,44.6653,64,1.85,99.3573,0.233583,0.133650764196895,0.162381,496.586,0.441349,0.100079,0.034824,1
0.00919593,1,0.043591,0.0452965,0.0201604,15,0.31136,0.151205,13.8391,109.263,65,3.83,736.216,0.43519,0.118473319008649,0.625674,751.616,0.145938,0.100238,0.177958,1
0.0108452,1,-0.0809337,0.0432222,0.0100096,11,0.413368,0.401539,12.5552,67.8748,66,1.67,147.403,-0.0929348,0.129415737185045,0.242206,474.519,0.453915,0.100486,0.0875118,1
0.0161872,2,-0.286478,0.0263982,0.0145747,14,0.323107,0.42883,12.2657,64.3292,67,2.72,193.705,0.0572138,0.14114072503069,0.379342,586.032,0.326699,0.100279,0.156167,1
0.000623702,3,0.0395128,0.0215056,0.0203418,14,0.435384,0.160646,8.39995,57.0548,68,2.58,206.524,-0.109184,0.12733791988541,0.284915,596.46,0.27159,0.100213,0.0965465,1
0.024421,4,-0.0266699,0.0589912,0.0128584,10,0.171112,0.373777,6.97738,27.6963,69,5.56003,116.635,0.148399,0.157220056953625,0.195614,872.799,0.232976,0.100012,0.0704198,1
0.0278733,2,0.272123,0.0373334,0.0171923,15,0.267829,0.106127,8.14218,72.8296,70,4.55001,497.082,-0.172822,0.270043723302923,0.459785,842.033,0.143939,0.100145,0.260599,1
0.0126279,1,0.205427,0.0269714,0.0168561,13,0.242678,0.407318,7.82564,41.4415,71,3.74,126.969,0.169117,0.116523761686441,0.208779,706.901,0.320703,0.10016,0.0898319,1
0.0145313,4,-0.296083,0.0161514,0.0213851,9,0.250548,0.218422,12.414,62.2446,72,8.30009,545.494,0.0901401,0.10253668173723,0.737032,1248.5,0.112064,0.100112,0.312293,1
0.0157223,2,-0.1166,0.0609854,0.020356,31,0.271185,0.228713,8.87749,77.8143,73,4.27,391.347,0.345553,0.123241081016737,0.427802,799.277,0.195443,0.100197,0.171514,1
0.000602434,2,0.280632,0.0702567,0.0203715,23,0.406817,0.140225,11.1845,61.1997,74,1.41,164.174,-0.137467,0.286910189643568,0.136843,469.683,0.368243,0.100698,0.0249984,1
0.000201766,1,-0.0304032,0.0702932,0.0154442,10,0.379297,0.199828,9.4673,46.4617,75,1.96,112.435,0.219,0.159570669320507,0.13701,502.747,0.405654,0.100068,0.0658715,1
0.021537,2,-0.179315,0.0653009,0.022606,23,0.195725,0.456208,10.8784,116.425,76,5.66003,656.148,-0.0281525,0.0919142907862661,0.5514,937.065,0.174179,0.100065,0.22681,1
0.023942,4,-0.210669,0.0525218,0.0237798,31,0.226558,0.204607,9.64935,37.1794,77,5.31003,176.588,0.290552,0.147242926720839,0.49602,877.666,0.206852,0.10015,0.158493,1
0.0182268,2,-0.284213,0.0296462,0.0122721,17,0.22459,0.208732,12.6826,105.636,78,8.5201,1022.42,-0.122751,0.113933450775457,0.736924,1277.01,0.101447,0.100089,0.37301,1
0.02495,3,0.262192,0.0173569,0.01857,10,0.24094,0.13634,9.4893,60.3862,79,7.96009,632.446,-0.386584,0.144914835990891,0.69322,1232.38,0.0937416,0.10008,0.370245,1
0.0077459,1,-0.105868,0.0216535,0.0134682,10,0.330454,0.450181,6.64949,39.7428,80,3.73,102.981,-0.0274095,0.105487663864172,0.177827,727.159,0.378701,0.100029,0.100365,1
0.00936722,3,0.014983,0.0766248,0.024621,29,0.334143,0.11356,9.20529,125.313,81,3.72,817.649,0.683561,0.203752393202121,0.492084,763.294,0.150425,0.100051,0.212415,1
0.0253274,4,0.0529973,0.030687,0.0188335,23,0.346722,0.228337,14.9094,128.3,82,4.38001,928.331,0.153611,0.132462222603591,0.714099,852.921,0.135594,0.100011,0.143274,1
0.0142433,4,0.0138173,0.0355699,0.0230645,18,0.405378,0.383456,5.1949,80.4493,83,3.44,257.789,-0.211696,0.154069721218725,0.0941549,724.527,0.306612,0.100153,0.0353462,1
0.00703841,4,0.219843,0.0377197,0.0214654,32,0.240541,0.431426,5.33348,75.2298,85,5.36003,328.918,-0.0760314,0.124343036043238,0.220598,911.627,0.224603,0.100102,0.128117,1
0.0272447,4,0.287666,0.0682548,0.0139127,24,0.328411,0.319542,13.5092,129.956,86,2.09,472.27,0.133712,0.194284373015579,0.435994,562.66,0.270095,0.100056,0.0928527,1
0.0196361,3,0.0488618,0.0250223,0.0146057,19,0.405165,0.149348,5.93048,69.8288,87,3.67,326.48,-0.0581837,0.149843684684439,0.250561,769.482,0.209867,0.100022,0.105027,1
0.0227123,1,-0.132988,0.0110179,0.0229956,27,0.481089,0.427001,8.25912,107.825,88,2.31,285.363,-0.0219889,0.126295747181612,0.234045,583.132,0.370904,0.100062,0.111616,1
0.027792,1,-0.119818,0.0624259,0.0191442,15,0.411567,0.224063,6.27755,38.2778,89,2.73,118.67,0.332018,0.23869548465236,0.114861,631.211,0.317037,0.100192,0.0584097,1
0.0295771,3,0.10493,0.0327266,0.0246855,24,0.491497,0.483359,7.03234,53.1418,90,2.03,128.562,0.0826938,0.188245225267689,0.0774678,558.373,0.405517,0.100004,-0.00457323,1
0.0226305,1,0.0351851,0.0453201,0.0173494,17,0.174235,0.480037,12.8387,39.2916,91,3.82,130.617,0.239598,0.0958382225461652,0.348681,687.453,0.295746,0.100219,0.069158,1
0.021926,1,0.181373,0.0771596,0.0215928,21,0.492825,0.243364,5.50967,69.664,93,2.24,222.875,0.542423,0.176675916834181,0.041157,611.408,0.306686,0.100018,0.0224458,1
0.0222971,3,0.0929385,0.00573747,0.014686,10,0.389371,0.273831,7.35351,124.698,94,12.4602,1984.56,0.714025,0.0847372430180715,0.810523,1874.65,0.0616449,0.100007,0.257992,1
0.0227383,3,0.0836569,0.0440386,0.0249637,27,0.287217,0.200227,13.6167,45.5429,95,3.62,219.303,-0.0745214,0.143300046641509,0.578439,715.693,0.20376,0.100017,0.1246,1
0.0273365,4,0.0626007,0.0724855,0.0214721,15,0.206809,0.290068,8.14826,130.77,96,6.19005,888.675,-0.270451,0.128147114515085,0.510854,1022.77,0.144624,0.100186,0.231379,1
0.00655655,2,-0.216174,0.0129007,0.0245121,22,0.185471,0.254584,8.65113,64.583,97,13.3802,655.173,-0.0726892,0.0700494885063864,0.686679,1714.74,0.0967726,0.100074,0.298351,1
0.0235217,2,-0.00832821,0.0640082,0.0146339,15,0.358169,0.13607,5.13153,59.9275,99,3.8,258.06,0.057862,0.198933888472356,0.12771,765.6,0.228111,0.100132,0.0719567,1
0.00417622,4,0.270045,0.0747243,0.0163836,10,0.152887,0.349524,7.66098,24.0391,100,4.34,88.6577,0.24854,0.14090703426758,0.232056,770.106,0.266263,0.100102,0.148613,1
0.00213244,1,-0.0295563,0.0696539,0.0103405,9,0.154763,0.125475,12.3634,131.332,101,12.1802,1960.61,-0.132903,0.123285531112519,0.786245,1643.35,0.0657662,0.100082,0.405338,1
0.00922276,1,0.088672,0.0214579,0.0137204,10,0.371997,0.292462,10.1932,111.648,103,3.79,600.365,0.169684,0.0993922138867196,0.5458,763.872,0.182817,0.10021,0.157768,1
0.0090993,1,0.129937,0.0349511,0.014094,28,0.29441,0.220172,13.0072,125.004,104,3.94,733.925,-0.206656,0.120391662247644,0.602664,738.939,0.167365,0.100167,0.153537,1
0.00381363,4,-0.25616,0.0729883,0.0110083,10,0.180084,0.238916,14.3784,60.5423,105,3.54,224.368,-0.303135,0.113280078447203,0.437404,628.259,0.265046,0.100128,0.15353,1
0.00842301,3,0.270669,0.0501345,0.0195619,24,0.212007,0.356833,11.2244,63.0455,106,3.41,230.483,0.186614,0.138410303494949,0.403362,674.03,0.268883,0.100203,0.139345,1
0.0162953,3,0.0226455,0.0457314,0.0216858,18,0.483692,0.15594,13.4795,78.2367,107,1.62,252.136,0.329224,0.173073158541639,0.376746,499.75,0.306024,0.100533,0.0719513,1
0.0184564,1,-0.132982,0.00853932,0.0132933,29,0.445984,0.440924,5.71734,29.6443,108,3.15,76.9917,-0.0817238,0.135073488711379,0.123428,681.141,0.377799,0.100022,0.0672861,1
0.00444853,2,0.122478,0.0786961,0.0154036,8,0.313766,0.340129,14.5845,69.3305,109,1.72,193.275,0.0358933,0.13074178717945,0.302685,488.774,0.354508,0.100741,0.0557707,1
0.00975911,1,0.242144,0.0567312,0.0232336,20,0.215625,0.26272,14.1255,52.4456,110,2.9,186.268,-0.215963,0.125077908017483,0.44827,616.419,0.276784,0.100208,0.120313,1
0.00623728,1,0.273733,0.0167633,0.0195432,32,0.161617,0.467527,11.105,39.0589,111,5.30003,148.446,0.10382,0.102858327537635,0.473844,851.168,0.258564,0.100173,0.193483,1
0.00665114,4,0.184852,0.0451574,0.0106866,23,0.283118,0.12453,12.5877,80.8545,112,3.31,444.418,0.486674,0.193472463079421,0.524521,678.947,0.178871,0.100221,0.176223,1
0.00687557,3,-0.269997,0.0513753,0.0226259,15,0.252047,0.282741,12.625,68.3322,113,3.23,245.302,0.0591085,0.157532261421172,0.415882,629.251,0.273541,0.100099,0.162528,1
0.0110699,4,0.175645,0.0599161,0.0162779,10,0.170949,0.156756,13.9171,121.601,114,7.61008,1250.64,0.637734,0.125181719083085,0.743155,1171.05,0.0954213,0.100039,0.37378,1
0.00289792,1,-0.163229,0.0767277,0.0166837,13,0.31381,0.23585,13.4432,32.1046,115,1.7,77.0331,0.031064,0.200925157593461,0.187471,456.988,0.410192,0.100329,0.0723017,1
0.0211048,1,0.083325,0.0556613,0.0167187,29,0.271603,0.132128,7.69178,36.6015,116,3.59,143.797,0.0610756,0.200605070370898,0.242452,689.16,0.250081,0.100153,0.110145,1
0.026506,4,-0.273031,0.0250403,0.0177415,13,0.465085,0.384546,10.9342,32.2771,117,1.74,76.5932,0.00437945,0.278041809281656,0.223508,488.933,0.415414,0.100487,0.104995,1
0.0132181,3,-0.274141,0.0765834,0.0195884,17,0.274636,0.453332,9.52136,120.352,118,3.04,408.922,-0.138803,0.161616478851976,0.290355,646.646,0.289494,0.100267,0.16279,1
0.00514998,2,-0.135895,0.077594,0.021496,32,0.448919,0.346492,14.3768,117.703,119,1.47,323.444,-0.00231772,0.174517934153503,0.348619,478.788,0.357505,0.100144,0.105858,1
0.00937005,1,-0.0744843,0.0314414,0.0246666,10,0.464836,0.409754,13.9114,64.9888,120,1.66,165.098,-0.034906,0.124118618616584,0.368681,494.898,0.386287,0.100033,0.0971874,1
0.00723138,4,-0.192276,0.075278,0.013006,8,0.266914,0.103567,14.2231,76.3385,123,3.28,417.48,-0.136926,0.180740407265278,0.545871,673.517,0.179718,0.100188,0.24628,1
0.0226312,1,0.220408,0.0736116,0.024982,15,0.385046,0.354727,5.42566,97.3713,126,2.84,345.745,-0.0404251,0.12307419111924,0.0730708,659.107,0.276581,0.10011,0.0218751,1
0.00257296,3,0.235812,0.00738645,0.017555,12,0.18296,0.456344,12.8474,108.314,127,17.8803,1476.42,0.407593,0.0573771650464575,0.867568,2270.98,0.0719996,0.100043,0.497829,1
0.0137362,4,0.274061,0.0711245,0.0228203,17,0.430145,0.38086,14.2417,89.2294,128,1.13,202.297,-0.260172,0.191375831985749,0.185727,437.61,0.435736,0.100701,-0.00905383,1
0.0257578,2,-0.0476428,0.024227,0.0172489,16,0.334131,0.446114,14.45,64.3633,129,2.18,170.474,0.142608,0.12070069758652,0.358772,532.614,0.370387,0.100002,0.0684293,1
0.00441256,3,0.109549,0.0552529,0.0123045,24,0.367436,0.226302,8.22135,82.859,130,2.31,245.717,0.0578752,0.172304303496111,0.147421,572.255,0.331365,0.100169,0.0500063,1
0.000387708,3,-0.180124,0.0700245,0.0175853,21,0.446141,0.148713,7.70569,122.064,131,2.38,443.023,0.722173,0.191772027414572,0.238748,598.764,0.27114,0.100314,0.136509,1
0.0030286,4,-0.0548446,0.0179344,0.021297,29,0.286438,0.170175,9.46955,96.1711,132,7.15007,850.41,-0.235069,0.0930652086358431,0.65064,1126.19,0.111017,0.10007,0.233528,1
0.0141402,2,-0.173721,0.0625595,0.0223369,12,0.203087,0.306537,11.6872,110.853,133,4.70001,547.462,0.0327725,0.114360154050704,0.505098,781.953,0.198906,0.100135,0.177611,1
0.0227197,3,0.114708,0.0305093,0.0116089,27,0.178582,0.396958,12.6619,101.285,134,6.78006,610.925,0.185269,0.0891007233904672,0.637228,1021.38,0.162768,0.100079,0.215471,1
0.00926121,4,-0.122077,0.0608681,0.0114438,30,0.36585,0.470092,10.05,61.3635,135,2.13,165.832,0.463335,0.178498829857708,0.210609,550.969,0.363602,0.100165,0.0890198,1
0.00836743,1,0.0859028,0.0741944,0.0227051,20,0.431447,0.489546,12.7742,41.7281,136,1.25,91.1816,0.162958,0.172513108446607,0.131431,434.95,0.45077,0.100407,0.0154296,1
0.0132305,3,0.16193,0.0637272,0.0233545,28,0.219955,0.239629,14.7722,42.2819,137,3.7,195.347,-0.100668,0.134880096405699,0.580227,712.75,0.212619,0.100135,0.152771,1
0.0249305,1,0.0647315,0.042803,0.0199227,13,0.453816,0.233896,14.5123,62.2931,138,1.41,157.656,0.0297248,0.135180876882886,0.303161,465.402,0.389044,0.100369,0.0517641,1
0.00406662,2,-0.291067,0.013906,0.0212416,20,0.377085,0.378709,11.0571,101.207,139,3.36,422.281,0.194108,0.133315449295606,0.502515,704.025,0.235762,0.100276,0.191546,1
0.0152819,4,-0.251615,0.035751,0.0117117,24,0.487467,0.132223,9.50394,79.8983,140,2.05,263.711,0.414558,0.23366095586323,0.292364,555.424,0.29799,0.100259,0.152506,1
0.0215174,4,0.275106,0.0377926,0.0224445,25,0.233842,0.418511,11.1387,24.8056,141,3.07,77.8741,0.0176727,0.129354895265996,0.353334,629.985,0.313182,0.100224,0.124904,1
0.00441501,1,0.0511546,0.0643472,0.0129762,20,0.194799,0.40986,9.51549,29.1256,142,3.62,99.2808,0.123238,0.130996150749762,0.22268,684.458,0.288501,0.100246,0.072883,1
0.0234582,2,0.264619,0.0731641,0.0125818,27,0.321226,0.208402,11.1092,91.7452,143,2.08,309.899,0.0836053,0.237331283993146,0.302086,546.422,0.290693,0.100093,0.0930395,1
0.0185186,3,-0.0523383,0.0409571,0.0233957,14,0.355192,0.328926,8.23498,115.632,144,2.99,389.612,-0.159626,0.12852030703189,0.261227,649.258,0.291937,0.100271,0.110333,1
0.00946466,2,0.231972,0.0202295,0.0117838,13,0.15003,0.297664,9.90209,53.5578,145,8.7401,347.638,0.195005,0.0806119857727688,0.615577,1231.27,0.151352,0.100143,0.280816,1
0.0130554,3,0.190642,0.0781143,0.0178428,21,0.458632,0.196476,14.0107,83.2329,146,1.16,212.082,-0.256037,0.24795755404046,0.220373,426.89,0.387676,0.100695,0.0296673,1
0.0266871,3,0.0326835,0.0545275,0.0109858,15,0.320111,0.242065,9.64886,50.5401,147,2.41,143.981,0.233111,0.179729106457086,0.186514,571.374,0.345049,0.100203,0.0529034,1
0.023666,1,0.279744,0.0413618,0.0175186,21,0.176281,0.10389,10.6978,81.152,148,8.5101,907.143,-0.110141,0.147252650517562,0.71072,1260.93,0.0877778,0.100021,0.395354,1
0.0230417,2,-0.0771565,0.0691236,0.0246443,13,0.383353,0.128176,7.52673,67.2878,149,2.68,245.491,0.417895,0.198503751555928,0.210731,633.549,0.269681,0.100295,0.102049,1
0.00417105,2,0.183464,0.0419364,0.0240169,31,0.446297,0.254139,8.26327,28.9854,150,1.81,70.2692,-0.0576221,0.206488715078582,0.0809122,496.068,0.406284,0.100403,-0.00987887,1
0.0120501,1,-0.0683265,0.0630919,0.01791,12,0.330302,0.36579,13.8431,74.207,151,1.72,173.735,0.184806,0.124050464835348,0.226987,480.041,0.419503,0.100117,0.051439,1
0.0204887,4,0.277172,0.079052,0.0166196,11,0.39336,0.188579,7.64054,47.1581,152,1.98,147.128,0.0921513,0.260208702475978,0.0976818,548.637,0.315402,0.100308,0.0365534,1
0.0138633,2,-0.141778,0.0330045,0.0221601,14,0.228824,0.196825,11.1744,58.5194,153,5.36003,315.183,-0.230298,0.10952134409319,0.539718,840.301,0.18241,0.100148,0.18251,1
0.0296428,1,-0.209371,0.0430708,0.0133229,27,0.482515,0.205912,12.2388,50.3611,154,1.44,116.139,0.396939,0.297389460249778,0.218697,470.199,0.42659,0.100282,0.093714,1
0.00362711,2,-0.0729055,0.0223987,0.0108512,26,0.446333,0.472033,9.07241,52.8562,155,1.93,105.535,0.404173,0.137052751912686,0.121403,523.943,0.492623,0.100264,0.0468498,1
0.0126951,2,-0.0696718,0.0415003,0.0199394,12,0.287582,0.440183,9.35347,45.2951,156,2.77,113.89,-0.228335,0.1123012698439,0.15485,590.291,0.390806,0.100168,0.0481486,1
0.00593171,3,-0.151429,0.067604,0.0212987,18,0.374466,0.211062,12.98,99.412,157,1.88,297.907,0.368824,0.173613097818434,0.329301,514.724,0.327886,0.100161,0.106558,1
0.0265764,3,0.0138762,0.0242668,0.0100204,31,0.354757,0.197581,12.0204,70.4671,158,3.18,311.35,-0.1334,0.147634341620034,0.50532,672.358,0.222171,0.100065,0.103744,1
0.0291957,1,-0.237734,0.0440212,0.0125555,25,0.356519,0.450606,6.2893,128.161,159,3.67,449.365,-0.250609,0.159091272977627,0.222906,742.58,0.280097,0.100111,0.143031,1
0.0245621,1,-0.226065,0.0422682,0.0121915,19,0.225254,0.280537,5.45477,53.0836,160,6.36005,236.687,0.311314,0.170355794985555,0.226534,991.907,0.220193,0.100081,0.151229,1
0.0275323,3,-0.140549,0.0462952,0.0140187,27,0.323066,0.197509,7.97099,125.089,161,5.19002,867.892,-0.518194,0.136221868337593,0.529017,917.678,0.141621,0.100162,0.225426,1
0.019146,2,-0.0810019,0.0526149,0.0159349,31,0.319509,0.268123,10.9677,25.7655,162,2.35,73.4326,-0.0282825,0.163030829833515,0.248272,555.071,0.344399,0.100056,0.0758628,1
0.0262703,1,0.0880951,0.0777616,0.0241475,18,0.449299,0.228897,10.4181,124.414,163,1.56,343.707,0.228834,0.15829232928167,0.182245,473.209,0.356942,0.100519,0.0479729,1
0.00574645,2,-0.182757,0.0615671,0.0180432,23,0.207959,0.146228,12.2433,61.0225,164,4.58001,326.47,0.143817,0.151065082735271,0.521837,786.465,0.183618,0.100138,0.197647,1
0.0271391,2,-0.117124,0.0277848,0.0225808,17,0.36789,0.448822,10.5354,61.4683,165,2.19,143.611,0.110026,0.146341975565891,0.20805,524.611,0.421485,0.10038,0.0832033,1
0.000827229,4,0.0393779,0.0511699,0.012852,26,0.424672,0.255186,10.6362,35.9442,166,1.57,75.7718,0.133839,0.179464657930745,0.105529,467.939,0.466771,0.100303,0.00713527,1
0.00351205,4,0.160024,0.0739684,0.0188836,30,0.165246,0.478195,13.5229,33.1262,167,3.56,111.051,0.128834,0.11094999371969,0.444922,651.28,0.293386,0.100259,0.124629,1
0.00501684,1,0.23096,0.0651543,0.0221199,28,0.44299,0.119027,12.6391,53.9151,168,1.22,137.043,-0.296317,0.303104251396452,0.151668,435.225,0.387594,0.100428,0.0283758,1
0.0164156,3,-0.254495,0.0154345,0.0163966,31,0.338155,0.404851,9.60357,32.7389,169,2.73,83.6634,0.00107999,0.165519912314967,0.221689,587.987,0.384926,0.100272,0.102537,1
0.0239337,1,0.217414,0.0790045,0.0121663,26,0.186842,0.181116,6.53268,77.3525,170,5.70004,469.618,0.0198583,0.14650091501299,0.376438,944.084,0.161694,0.100068,0.228503,1
0.0276219,1,-0.165486,0.0338421,0.0149598,21,0.482868,0.305393,14.3353,131.674,171,1.85,444.148,0.241921,0.169948340429984,0.469467,530.497,0.29215,0.100453,0.128741,1
0.022255,4,-0.168178,0.0331767,0.0234934,12,0.306343,0.317402,7.37645,24.8342,172,3.56,73.1366,-0.0382382,0.162430552369287,0.192227,701.894,0.334043,0.100281,0.110769,1
0.0109742,1,-0.0420082,0.0356089,0.0225595,8,0.204698,0.177713,5.25452,63.5316,173,10.4501,590.979,0.0291752,0.105746055600902,0.456061,1425.71,0.10554,0.100076,0.254555,1
0.0236029,2,0.133166,0.0589682,0.0219065,13,0.338392,0.361257,7.14457,127.797,174,2.85,431.431,0.100245,0.144544669494753,0.167546,642.451,0.290843,0.100088,0.0662838,1
0.0257249,3,-0.143425,0.0663775,0.0117389,17,0.402044,0.39982,13.6129,49.7074,175,1.41,110.178,-0.141015,0.227615389561447,0.192481,458.265,0.444456,0.100423,0.0818581,1
0.00154465,1,-0.169748,0.0663223,0.0219189,8,0.393987,0.392195,13.5953,59.8287,176,1.62,149.789,0.0364368,0.160571070569575,0.282658,459.184,0.39415,0.100592,0.120298,1
0.00332845,2,0.00873022,0.00905216,0.0174292,16,0.367157,0.212373,5.5168,75.2094,177,5.21002,414.599,0.283038,0.0933167616741208,0.339638,940.014,0.177975,0.100011,0.143793,1
0.0111502,1,0.254513,0.0320719,0.0125092,20,0.287218,0.458116,10.8189,128.951,178,2.93,473.059,-0.202536,0.116379380638709,0.385509,637.391,0.267643,0.100087,0.098512,1
0.007364,3,0.10834,0.0277946,0.0152156,28,0.234427,0.395248,5.79354,28.4819,179,5.10002,96.5245,-0.132308,0.11931929987018,0.143198,867.23,0.289984,0.100178,0.0684926,1
0.0197179,4,-0.0960225,0.05358,0.0157883,8,0.282085,0.295934,13.7749,97.031,180,3.46,451.722,0.0376111,0.108674034636786,0.54688,669.138,0.211236,0.100244,0.173514,1
0.000374467,4,0.268994,0.0723386,0.0213729,9,0.347768,0.422742,13.8277,28.1943,181,1.3,58.9181,0.363608,0.170436630392571,0.147777,437.989,0.471262,0.100388,0.0239931,1
0.0269692,1,0.22896,0.0214811,0.0157609,19,0.389577,0.109394,13.4057,107.932,182,3.14,829.228,-0.424619,0.235962364342891,0.623432,686.601,0.127932,0.100192,0.214552,1
0.0163756,2,-0.232787,0.0191644,0.0233875,21,0.211891,0.182472,5.51787,35.2667,183,8.4401,198.39,-0.0126961,0.136569071359364,0.332947,1226.42,0.174504,0.100067,0.180587,1
0.00492434,2,0.296898,0.0354426,0.0167518,23,0.448885,0.283945,12.2186,74.489,184,1.38,196.06,0.287587,0.175432452730708,0.21195,464.572,0.373131,0.100113,-4.18425e-05,1
0.00519786,1,0.241699,0.046184,0.0140904,27,0.21929,0.212371,13.0964,60.9312,186,3.35,244.451,0.0684194,0.140112742121312,0.474846,642.615,0.244709,0.100077,0.14851,1
0.0196504,3,0.238841,0.021419,0.0162185,27,0.356214,0.263393,5.619,29.0391,187,3.3,91.4566,0.171463,0.198067513956919,0.0893645,700.346,0.311906,0.100135,0.0305197,1
0.0201946,2,0.174164,0.0577228,0.0120491,24,0.245199,0.21805,11.001,76.6693,188,3.19,303.097,0.547775,0.170730739945213,0.390511,665.057,0.248768,0.10025,0.148748,1
0.0183763,1,0.211959,0.0755089,0.0167569,19,0.475058,0.38851,12.5954,50.9593,189,1.06,104.146,0.592696,0.162361987135011,0.0808566,423.954,0.48377,0.100783,-0.0215937,1
0.0194304,3,-0.17171,0.0204501,0.0144862,10,0.304679,0.161827,6.51699,46.5212,190,5.77004,253.39,-0.178696,0.128004951178397,0.412368,954.41,0.18028,0.100096,0.206319,1
0.0239579,4,0.112511,0.00630944,0.0202351,10,0.256748,0.293582,13.514,78.3798,191,15.7903,1195.35,-0.224488,0.0700856949404512,0.881332,2220.79,0.0643451,0.100032,0.35076,1
0.0299414,4,-0.238641,0.0768573,0.0191794,8,0.285142,0.24846,12.1187,65.4719,193,2.68,235.759,-0.0477986,0.16624542238311,0.384392,569.086,0.273264,0.100306,0.162199,1
0.0137704,3,0.0667086,0.0491593,0.0131359,19,0.486941,0.471284,14.0502,67.7112,194,1.11,129.607,0.183095,0.185443101341394,0.15193,430.187,0.514833,0.100453,0.00226867,1
1.04488e-05,3,-0.0586549,0.0466432,0.0194933,30,0.288634,0.118813,10.7091,40.6005,195,2.86,137.763,0.33818,0.167322926944566,0.297932,609.788,0.289339,0.100078,0.120308,1
0.00859076,1,-0.162637,0.0678308,0.0106662,8,0.22224,0.225636,6.47558,69.7405,196,5.14002,335.433,0.497601,0.107260744343339,0.25521,861.443,0.204349,0.10019,0.155144,1
0.00431468,3,-0.20348,0.0545218,0.0157507,21,0.187632,0.245335,9.18925,69.1613,197,5.77004,355.463,-0.149052,0.127662386856315,0.439158,889.846,0.191087,0.100114,0.19559,1
0.028276,3,0.103361,0.077063,0.015652,18,0.499975,0.302739,6.03207,118.171,198,2.16,370.871,0.0352257,0.208220346142075,0.0781951,595.156,0.312731,0.100049,0.0218544,1
0.0201215,3,-0.15277,0.0444997,0.0194222,9,0.376579,0.495512,13.7614,91.8653,199,2.03,263.351,-0.217849,0.116988642480049,0.384979,529.747,0.342358,0.100045,0.122361,1
0.0209079,4,-0.202233,0.0692211,0.0208453,23,0.162843,0.322556,8.82952,117.699,1,11.3102,1222.23,0.183668,0.0875789180055599,0.689708,2821.43,0.0944757,0.100007,0.315875,1
0.023936,2,0.0953048,0.029136,0.0237524,9,0.273616,0.227182,9.25502,94.6801,2,5.96004,713.244,-0.23336,0.098807316915374,0.594527,1704.83,0.130304,0.100062,0.248372,1
0.00445127,2,0.0966475,0.0571988,0.0135777,22,0.267696,0.487318,13.7612,116.945,3,2.44,360.832,0.375321,0.149620331294379,0.372123,970.53,0.319074,0.100357,0.0710558,1
0.0292586,4,-0.110193,0.0329955,0.0114088,18,0.222267,0.231785,7.11101,102.263,4,10.0901,1006.83,-0.0493981,0.104499598150929,0.607686,2610.59,0.0997088,0.100069,0.299054,1
0.0255162,1,-0.170228,0.0401691,0.0133451,25,0.498628,0.400688,10.0405,50.793,5,1.6,112.663,0.424872,0.221795272944595,0.164261,788.693,0.444431,0.100488,0.073714,1
0.00600239,1,-0.0827492,0.0571089,0.0222368,20,0.429993,0.130947,8.038,90.7325,6,2.37,317.423,0.134721,0.180144425960272,0.223249,945.549,0.281277,0.100309,0.114302,1
0.00853703,2,-0.164362,0.0125938,0.0143817,20,0.25952,0.299786,10.0313,77.2801,7,6.69006,486.883,0.296014,0.0785877887225019,0.605613,1847.34,0.155783,0.100048,0.213447,1
0.0283655,3,0.246289,0.00783424,0.0198552,11,0.33052,0.153256,9.40158,109.817,8,10.1501,1968.72,-0.0959109,0.16310983195591,0.805379,2838.7,0.0547561,0.100064,0.430146,1
0.00294664,3,0.0438637,0.0314053,0.0100372,22,0.385574,0.335949,9.04032,107.967,9,2.32,302.101,0.166861,0.13100049910482,0.192652,904.246,0.351447,0.100243,0.0601306,1
0.0110628,3,0.1511,0.0169417,0.0211572,22,0.383192,0.328572,14.3684,66.4581,10,2.24,228.271,-0.00861208,0.145872570287214,0.477229,891.143,0.285736,0.100046,0.0547321,1
0.00971462,4,-0.290924,0.0502001,0.0239494,10,0.171295,0.472728,12.4095,109.942,11,6.01004,557.59,0.375684,0.0775642039484409,0.562356,1694,0.193732,0.100157,0.222538,1
0.0126029,1,0.28561,0.0218632,0.0169276,27,0.393151,0.385739,6.19623,41.4129,12,2.62,117.126,0.163863,0.153895326912483,0.0635096,1006.98,0.346955,0.100028,-0.00503063,1
0.0242498,3,-0.142947,0.0110565,0.0209004,21,0.237541,0.156542,8.87853,87.4609,13,14.6302,1396.31,0.214501,0.0934623555546031,0.777278,3593.52,0.0614584,0.100018,0.416967,1
0.0215998,1,-0.0778558,0.0644758,0.0152654,31,0.301589,0.165795,13.8971,114.982,14,3.43,636.662,0.0240099,0.160112815424321,0.584793,1187.34,0.177473,0.100171,0.178417,1
0.0203006,3,0.0764673,0.0385515,0.0154249,17,0.217624,0.462158,5.43637,99.1968,15,6.04004,435.417,-0.326853,0.123763692814529,0.195223,1678.1,0.223523,0.100014,0.116034,1
0.00535854,4,0.178997,0.0777266,0.0117694,24,0.425652,0.464081,10.9983,24.413,16,1.34,55.2437,0.385755,0.241597688235571,0.089491,723.762,0.435262,0.100402,-0.00743842,1
0.0281023,2,0.280053,0.0550416,0.0100667,13,0.228154,0.296082,6.93078,71.7731,17,3.92,275.407,0.0982079,0.156223434171004,0.219058,1237.65,0.25628,0.100244,0.115606,1
0.0120057,4,-0.220178,0.0398393,0.0142165,21,0.498453,0.345589,5.87743,120.28,18,2.8,395.093,-0.386635,0.179931840994865,0.189881,1065.96,0.298731,0.100027,0.124206,1
0.00375523,4,0.0547928,0.0121397,0.0120203,10,0.398676,0.325175,14.8909,48.7266,19,3.38,228.267,-0.141292,0.139526132479814,0.658097,1109.25,0.209836,0.100205,0.0680785,1
0.0178698,1,0.0724452,0.0487136,0.0191987,30,0.49702,0.349869,13.9901,23.8741,20,1.07,45.6551,0.0310111,0.182963277701582,0.134955,936.231,0.514462,0.100288,0.00665385,1
0.00304617,2,0.215637,0.0585321,0.0134355,26,0.179383,0.111886,8.36739,119.949,21,9.38012,1543.19,0.0317843,0.162195164681313,0.674068,2527.12,0.0762722,0.100028,0.416317,1
0.0230877,2,-0.15311,0.0711758,0.0217041,31,0.482063,0.138107,5.87372,120.243,22,2.85,535.299,-0.173943,0.248266373743017,0.225035,1085.47,0.22044,0.100037,0.152537,1
0.0152227,3,-0.224185,0.00720092,0.0140248,25,0.412694,0.288989,12.0083,64.2753,23,3.12,259.861,-0.430483,0.156257163247036,0.540908,1079.46,0.242902,0.100106,0.17074,1
0.0260766,4,-0.242306,0.0325563,0.0171224,29,0.3264,0.388727,7.08802,96.1069,24,4.12,378.385,0.334999,0.145513084044137,0.314359,1276.82,0.249407,0.100097,0.189131,1
0.0248594,4,0.149395,0.0465199,0.0176396,21,0.300104,0.348803,14.4809,128.977,25,3.02,563.41,-0.120504,0.148518368536688,0.55981,1098.84,0.224854,0.100125,0.112467,1
0.0233103,4,-0.208961,0.0155246,0.0120784,23,0.213868,0.385736,12.1302,84.8036,26,8.4701,603.935,0.0985976,0.0813514884105015,0.693841,2176.03,0.137751,0.1,0.23255,1
0.0057356,2,-0.107109,0.0198328,0.0128957,10,0.366164,0.378665,6.56116,65.7567,27,3.78,208.484,-0.0814095,0.12071761273081,0.248389,1204.05,0.310172,0.100246,0.132446,1
0.0245872,1,0.0896433,0.0463574,0.0220737,26,0.311385,0.330132,10.8907,99.3241,28,2.6,321.797,0.0895072,0.126944665271879,0.322007,974.344,0.303077,0.100095,0.0842839,1
0.01796,4,0.254086,0.0601391,0.0109328,23,0.220683,0.230136,13.4839,111.845,29,4.16,621.517,-0.221273,0.160932453985463,0.61128,1332.7,0.176602,0.100037,0.237285,1
0.00737035,2,-0.243929,0.0292377,0.0120909,11,0.279789,0.20565,7.15467,90.7555,30,6.78006,656.58,0.182815,0.107831814878761,0.52082,1900.22,0.135647,0.100036,0.299599,1
0.019937,3,-0.15639,0.0609706,0.0195239,12,0.390529,0.29204,8.17203,90.4562,31,2.41,261.899,-0.3301,0.165400137192456,0.190674,947.77,0.339309,0.100143,0.0984146,1
0.0012167,1,0.160861,0.0212304,0.0146435,26,0.305469,0.111403,6.96822,47.4045,32,4.1,238.291,-0.375376,0.187336245288007,0.298658,1290.29,0.195457,0.100155,0.136747,1
0.00421276,3,-0.165299,0.00693005,0.014427,31,0.212466,0.189171,13.4118,81.55,33,17.9503,1432.66,0.209184,0.0616762009761183,0.863096,4481.58,0.0558662,0.100046,0.437088,1
0.0141736,4,-0.115217,0.0579037,0.0249174,11,0.286371,0.162741,10.4392,105.837,34,4.2,622.909,-0.224469,0.120167283183148,0.522098,1336.49,0.166957,0.100166,0.216634,1
0.0150158,3,-0.245516,0.051379,0.0175714,25,0.298234,0.164501,6.65986,25.6303,35,3.78,88.9973,0.165531,0.219636032773916,0.184175,1176.73,0.282603,0.10003,0.0918412,1
0.0204714,2,-0.142103,0.0171247,0.0246972,28,0.441678,0.11188,7.27055,74.8794,36,3.25,353.642,0.00771056,0.162517529342466,0.336437,1281.15,0.208078,0.100175,0.158369,1
0.0169772,4,0.109034,0.0605205,0.0117411,18,0.400424,0.288666,14.6897,92.8669,37,1.45,243.845,0.397315,0.19376870861892,0.293683,769.586,0.37473,0.1003,0.0388384,1
0.0233108,1,0.194441,0.0564896,0.0106524,25,0.287126,0.269189,7.42214,81.5157,38,3.13,284.579,-0.192122,0.139067536237933,0.189718,1091.63,0.281711,0.100253,0.0869676,1
0.00646084,3,0.0706871,0.0485326,0.0186299,11,0.388,0.460983,6.15498,35.3558,39,2.81,96.0256,-0.132557,0.137478795073923,0.0769138,1306.27,0.362166,0.100269,0.0201028,1
0.00926933,3,0.249225,0.0127063,0.0157263,9,0.359986,0.114495,14.2234,31.3218,40,3.59,184.914,-0.0799521,0.262435071992047,0.663831,1182.51,0.166557,0.100235,0.144048,1
0.00991602,2,-0.0839668,0.0757312,0.0190382,27,0.318231,0.459607,9.58827,78.6266,41,2.58,263.048,-0.139278,0.145327478290898,0.26031,1014.83,0.29377,0.100185,0.111866,1
0.0103512,3,0.252077,0.0139829,0.0164869,9,0.193506,0.396502,10.4074,63.5913,42,8.26009,438.032,-0.0618405,0.080033899841084,0.67494,2107.25,0.142524,0.100075,0.274476,1
0.00306218,1,0.286051,0.0217194,0.0228432,30,0.180609,0.349022,14.7554,103.09,43,7.46008,746.534,0.0542251,0.0841823534536146,0.746435,2010.1,0.135512,0.100032,0.274166,1
0.0228148,1,-0.234309,0.0767419,0.0214892,25,0.384431,0.306793,8.69122,51.8367,44,2.19,150.253,0.181201,0.252555451687065,0.180417,918.648,0.338661,0.100065,0.100991,1
0.020338,3,-0.233347,0.0683244,0.0190176,29,0.308071,0.30054,13.5205,23.0763,45,2.16,61.8249,0.076579,0.219099425708279,0.340312,873.795,0.367307,0.100313,0.114813,1
0.0202277,2,-0.093977,0.040329,0.0108424,8,0.373826,0.438393,8.0008,39.1668,46,2.64,95.7033,-0.0207483,0.139572171096624,0.176706,987.295,0.402411,0.100233,0.105514,1
0.00373839,2,0.23114,0.0408865,0.0122062,11,0.165916,0.165281,11.1129,125.688,47,11.7802,1860.53,-0.300404,0.0987161971416561,0.782424,3152.5,0.0662723,0.100001,0.452973,1
0.0205491,2,-0.104248,0.0390442,0.0125981,14,0.30091,0.29032,6.52041,52.3751,48,3.9,166.865,-0.0512373,0.142733628640222,0.168937,1208.09,0.308214,0.100097,0.100122,1
0.00326827,1,-0.0912255,0.00794954,0.0180397,20,0.17232,0.170793,5.01444,36.6869,49,17.4903,407.962,-0.11095,0.0729650187556081,0.546221,3978.22,0.0882593,0.100046,0.273262,1
0.0124003,3,-0.0123852,0.0578591,0.0183067,8,0.177748,0.376302,14.4866,106.719,50,4.74001,514.916,0.100012,0.0758316788746011,0.552446,1427.29,0.203369,0.100025,0.137046,1
0.0049829,3,0.102907,0.0687517,0.0249354,24,0.199503,0.197359,5.16146,90.4912,51,7.46008,646.258,0.0235174,0.136413712834464,0.354828,1996.47,0.137433,0.100051,0.235643,1
0.0146028,4,-0.17876,0.0428751,0.0122547,27,0.466508,0.437251,8.49297,77.0038,52,1.98,187.551,-0.0424029,0.195370106031729,0.159199,873.346,0.403553,0.100193,0.0944708,1
0.015049,3,-0.284459,0.0199459,0.012486,18,0.168861,0.315758,13.6122,116.755,53,16.2903,1612.83,0.0663087,0.0612153375703176,0.827282,4047.68,0.0710299,0.10002,0.472995,1
0.00839242,2,-0.0813213,0.0217092,0.0165547,23,0.308131,0.241288,7.29287,119.139,54,5.65003,762.131,-0.257278,0.101228352162751,0.471344,1675.74,0.153431,0.100051,0.186744,1
0.00356061,4,0.188099,0.0424027,0.0100077,17,0.176672,0.370323,8.34187,75.1405,55,5.04002,306.233,0.0633416,0.111038742434399,0.332758,1452.82,0.241167,0.100191,0.161141,1
0.0170612,2,0.294954,0.0501979,0.0231893,31,0.422356,0.308846,8.81763,35.0352,56,1.67,85.4371,-0.213333,0.250577464961175,0.0804703,798.242,0.402673,0.100098,-0.0189461,1
0.0127904,3,-0.0550393,0.0735529,0.0147279,17,0.327523,0.320648,5.13566,120.504,57,3.96,459.086,0.224922,0.165678597731864,0.119113,1273.45,0.257988,0.10019,0.0677374,1
0.00564838,1,-0.0300262,0.0428876,0.0134947,14,0.370478,0.300713,6.76516,82.3996,58,3.06,256.308,-0.460592,0.126956466773027,0.16031,1074.6,0.315677,0.100095,0.0658726,1
0.0110033,3,-0.0207621,0.0682406,0.0188481,24,0.210839,0.214991,10.4953,98.8491,60,5.47003,619.941,-0.356031,0.120366954657298,0.549651,1615.93,0.156707,0.100184,0.219488,1
0.0203182,4,-0.265805,0.0414399,0.0158206,23,0.394342,0.397962,6.7661,94.6096,61,3.12,318.506,-0.346186,0.196461627184797,0.218146,1130.91,0.291965,0.100195,0.134932,1
0.0289043,4,0.219398,0.00743412,0.0175039,26,0.388276,0.273325,9.62582,83.1714,62,3.72,439.068,0.0503323,0.137465900496254,0.54226,1245.12,0.186072,0.100131,0.112605,1
0.01193,1,-0.00647007,0.061073,0.0244021,15,0.336765,0.245069,6.48444,57.5001,63,3.07,182.443,0.190071,0.146325500074785,0.0933979,1063.46,0.309302,0.10004,0.0281842,1
0.0232068,1,0.172865,0.0149844,0.0110665,17,0.396502,0.210595,8.51231,79.5008,64,3.18,369.047,-0.0510882,0.116808523309816,0.403763,1108.56,0.211647,0.100151,0.12186,1
0.0284521,2,0.0681264,0.0309914,0.0149392,9,0.404606,0.303674,11.4993,26.1523,65,1.72,54.1154,0.328751,0.184749753894952,0.187872,771.016,0.474451,0.100077,0.0472118,1
0.011919,3,-0.0735476,0.0589248,0.0111936,11,0.479212,0.497561,13.3232,42.6275,66,1.19,76.951,-0.100519,0.163183053824675,0.145604,688.241,0.548148,0.100868,0.0619377,1
0.000359027,2,-0.190553,0.0674168,0.0207954,27,0.186556,0.265436,6.73545,65.955,67,6.96006,390.552,-0.0552799,0.111562952870517,0.396844,1895.25,0.16573,0.100038,0.22234,1
0.0295954,3,0.0453262,0.0131547,0.0148899,15,0.376951,0.468687,12.2299,30.73,68,1.95,66.3083,0.0296833,0.166240243772584,0.241032,1285,0.455164,0.100116,0.0377076,1
0.017367,4,0.1878,0.0455349,0.0242648,28,0.240032,0.225636,12.2398,72.1905,69,4.88002,431.531,-0.033142,0.134049845648153,0.625544,1440.93,0.164348,0.100145,0.187199,1
0.0111409,1,-0.248433,0.058961,0.0180899,10,0.471641,0.188239,13.911,30.5057,71,1.25,65.7503,-0.202416,0.339670148106911,0.212647,701.467,0.457141,0.100438,0.110416,1
0.00751883,3,-0.000975967,0.0594035,0.0141335,27,0.166473,0.385533,9.38741,61.5847,72,5.62003,293.736,0.0682469,0.0960762943644341,0.396029,1569.33,0.205768,0.100045,0.111438,1
0.019349,3,0.266377,0.0116687,0.0165757,18,0.340309,0.235248,5.72095,125.338,73,5.84004,994.712,1.03002,0.138562737164009,0.469972,1690.43,0.123654,0.100036,0.226413,1
0.000118532,4,-0.0344781,0.0122172,0.0100554,9,0.36846,0.123945,10.1241,93.9258,74,9.74013,1492.22,0.240179,0.0985638241533052,0.80819,2667.37,0.0617555,0.100012,0.34982,1
0.0142366,1,0.0789369,0.00977408,0.0219839,15,0.392689,0.499738,10.4505,57.7957,75,2.24,147.344,0.00469712,0.133512925472798,0.263504,887.561,0.385283,0.100126,0.0610957,1
0.00494993,4,-0.287484,0.0190589,0.0228216,22,0.273721,0.428797,14.325,76.4986,76,4.13,325.801,-0.104476,0.0969464684732773,0.582033,1298.48,0.230426,0.100037,0.188103,1
0.014461,1,-0.287531,0.0147487,0.0166845,26,0.232263,0.443103,5.38324,119.24,77,9.87013,858.737,0.22653,0.0768558498762636,0.453263,2489.12,0.136277,0.100044,0.279734,1
0.00702718,3,-0.115657,0.0361985,0.0196463,8,0.323947,0.206021,14.4084,126.667,78,5.10002,1034.59,0.25571,0.0920832921999312,0.726257,1584.56,0.120214,0.10009,0.289416,1
0.0183737,4,-0.0827317,0.02055,0.0212599,32,0.25025,0.219426,7.2174,115.181,79,11.1102,1354.06,0.394551,0.0946186183000136,0.669179,2911.58,0.0834781,0.100037,0.305268,1
0.0234497,1,0.0277132,0.0242826,0.0230396,8,0.18222,0.150779,14.3693,96.1642,80,14.0602,1638.39,-0.392092,0.0743766924429361,0.831011,3548.83,0.0575952,0.100028,0.496004,1
0.0112797,2,0.0731775,0.0265175,0.0213722,14,0.392524,0.279503,5.64538,73.0974,82,3.54,265.859,-0.0400948,0.120774301983021,0.170742,1175,0.270231,0.100188,0.0787203,1
0.00878722,1,-0.249976,0.0466005,0.0136633,15,0.166152,0.438907,5.69396,56.5988,83,7.78008,259.705,0.12332,0.102509710550481,0.238027,2010.32,0.214024,0.100107,0.160981,1
0.0052842,2,0.0789615,0.0798183,0.017628,8,0.360939,0.219855,5.18804,76.0764,84,3.53,335.81,-0.131786,0.135689016649291,0.139891,1179.59,0.222853,0.100275,0.08289,1
0.0148422,4,0.248499,0.0712723,0.0230706,15,0.162577,0.192223,11.7183,42.1319,85,4.71001,212.962,-0.277581,0.164576351246649,0.538835,1406.41,0.194216,0.100071,0.253096,1
0.0246155,4,-0.0628096,0.0122417,0.0199946,22,0.208048,0.280343,13.7537,36.8767,86,7.14007,212.853,-0.0451608,0.112224546882238,0.665483,1873.88,0.170085,0.100074,0.137136,1
0.0202659,2,0.186536,0.0349443,0.0151892,9,0.18716,0.238777,6.39006,38.764,87,6.40005,190.438,-0.111454,0.0942810205376722,0.32329,1693.41,0.199752,0.100034,0.181157,1
0.0162792,3,0.29747,0.0111819,0.0154079,11,0.316757,0.415604,8.39025,125.861,88,5.01002,765.546,-0.302366,0.0978750719782201,0.558488,1493.67,0.161345,0.100039,0.205489,1
0.00693598,4,0.165473,0.0171924,0.0109278,9,0.49361,0.281942,6.26758,41.846,90,2.53,129.528,-0.0854155,0.154643771007748,0.165367,1009.23,0.317901,0.100307,0.0334286,1
0.013416,3,0.136766,0.00939588,0.0176832,27,0.482855,0.156582,12.9653,91.4831,92,3.44,713.278,0.0950816,0.174687322779317,0.688029,1205.16,0.125931,0.100088,0.150394,1
0.0263184,1,-0.0717425,0.0443209,0.0144225,26,0.342342,0.426112,12.6796,81.407,93,2,199.828,0.371232,0.136856542190123,0.262817,862.403,0.400069,0.100106,0.0678814,1
0.00654565,3,-0.124399,0.0665393,0.0112522,16,0.228037,0.471361,10.4038,57.5423,94,2.98,167.424,0.0955194,0.134266337699259,0.21048,1032.63,0.337586,0.100126,0.086621,1
0.00726,2,-0.0209681,0.0753552,0.0231173,32,0.491649,0.184397,7.33844,62.8763,95,2,185.495,0.179791,0.245614375204225,0.13472,864.732,0.333411,0.100266,0.0606319,1
0.0192244,1,-0.13361,0.0755193,0.0168281,29,0.495943,0.486769,12.4622,83.4152,96,1.27,192.31,0.450503,0.21338792122301,0.201072,732.035,0.425934,0.100099,0.0689446,1
0.00526536,4,0.0821959,0.0282311,0.0196814,8,0.290537,0.411032,10.6801,115.68,97,4.48001,617.53,-0.0257363,0.0978524538852301,0.549876,1348.41,0.18417,0.100219,0.179468,1
0.00960319,4,0.171883,0.0648917,0.0209487,17,0.248793,0.118838,6.16718,67.0997,98,4.69001,371.555,0.429239,0.239459878876634,0.285627,1794.08,0.177556,0.100224,0.181924,1
0.0127192,1,-0.136869,0.0368744,0.020205,15,0.318461,0.354294,12.1643,78.3316,99,2.46,219.817,0.206129,0.131588571191443,0.320396,921.595,0.350074,0.100142,0.106096,1
0.0104076,3,0.273799,0.0160648,0.0148069,18,0.392297,0.341068,13.2408,71.6561,100,2.37,281.613,-0.2679,0.139820771895874,0.50129,948.837,0.250363,0.1003,0.046955,1
0.00810694,1,-0.160202,0.00970013,0.0202173,27,0.346921,0.233849,5.91841,80.2915,101,5.19002,402.96,-0.0785269,0.117672530411503,0.343853,1490.87,0.195819,0.100179,0.179693,1
0.0229694,1,-0.0794055,0.063559,0.0176609,17,0.381861,0.235136,5.74286,77.156,102,3.2,260.669,0.631032,0.174144454099612,0.121779,1122.27,0.290965,0.100205,0.0613207,1
0.0294073,1,-0.039204,0.0338987,0.0213895,31,0.453624,0.365961,9.30542,79.1113,103,1.91,184.775,-0.0477951,0.16086060963469,0.168419,846.485,0.420715,0.100167,0.0548232,1
0.00630517,2,0.114568,0.0352659,0.0178355,10,0.267773,0.419379,8.65923,98.2347,104,3.82,380.296,0.172152,0.101664925382414,0.332028,1202.91,0.253852,0.100177,0.135184,1
0.0271782,3,-0.254775,0.0516493,0.0200683,16,0.287039,0.126312,5.98844,92.3158,105,6.64006,785.994,0.0931588,0.189207812100042,0.467205,1861.88,0.115225,0.100005,0.277,1
0.0226392,4,-0.108223,0.071419,0.0150522,24,0.260576,0.483847,8.86169,75.2,106,3.75,316.077,0.159524,0.129685432797623,0.347063,1257.48,0.233819,0.100181,0.134979,1
0.00567794,3,-0.281514,0.0797983,0.02163,30,0.47464,0.161774,8.89382,109.118,107,1.86,348.403,0.132649,0.277657687824377,0.213425,865.051,0.308248,0.100327,0.120731,1
0.0267295,1,-0.278152,0.0289697,0.0200256,26,0.336655,0.431563,6.95949,32.0876,109,3.4,93.5308,0.146015,0.20354352589755,0.168857,1131.27,0.337068,0.100154,0.0986685,1
0.0265138,3,0.00322992,0.0645033,0.0169665,26,0.290174,0.331914,6.39168,85.2762,110,4.48001,425.267,-0.232223,0.136106274575403,0.294387,1397.78,0.196782,0.100035,0.121596,1
0.0250888,1,0.26354,0.0490405,0.0202585,20,0.162067,0.11154,10.8314,115.36,112,12.4802,1843.9,0.393045,0.132843018743081,0.797817,3241.88,0.0614209,0.100076,0.454238,1
0.0293291,1,-0.256261,0.0175959,0.0235287,9,0.493478,0.287341,11.7753,47.2538,113,1.81,128.616,-0.206242,0.255811667939836,0.336687,838.001,0.361051,0.100175,0.132559,1
0.00669858,2,-0.213016,0.0123836,0.0167575,13,0.157761,0.170985,11.3198,33.0763,114,14.6302,343.157,0.024938,0.0779376746569864,0.744037,3364.84,0.0946055,0.100052,0.283289,1
0.0222256,3,-0.00468402,0.0378254,0.0182534,31,0.297711,0.286002,14.7081,22.7143,115,2.6,72.3262,0.0618662,0.14976083516667,0.43482,952.628,0.308543,0.100148,0.0527389,1
0.00730303,4,0.0680848,0.0292431,0.0120566,14,0.286451,0.150823,11.9113,32.7801,116,2.99,116.124,-0.0646527,0.138629270367258,0.384854,1365.66,0.276953,0.100011,0.0933701,1
0.0132752,2,-0.145968,0.043837,0.0220354,13,0.36072,0.336464,7.05327,121.924,117,3.32,421.684,-0.118019,0.134847794256016,0.241256,1134.97,0.283951,0.100109,0.136522,1
0.0249877,3,0.0597765,0.0534754,0.0124707,31,0.152443,0.467326,14.1355,79.8534,118,6.43005,445.588,0.58747,0.0848148268399089,0.634585,1747,0.175832,0.100016,0.169115,1
0.0220233,2,0.0254377,0.0381468,0.0230231,11,0.388429,0.437596,8.67726,113.568,119,2.57,353.365,-0.0174407,0.117864424057085,0.251822,984.748,0.315844,0.100178,0.0892016,1
0.0148886,1,-0.252146,0.0249046,0.0107932,21,0.430312,0.440586,5.14491,76.4703,120,3.71,279.06,0.584319,0.165196419730785,0.174124,1227.73,0.268987,0.100062,0.119593,1
0.0275265,1,-0.218243,0.0562778,0.0104216,15,0.223954,0.117385,6.4688,100.87,121,8.77011,1091.88,-0.236935,0.199257287288662,0.548512,2315.32,0.0906348,0.100008,0.339528,1
0.0143435,1,0.292621,0.0459922,0.015792,27,0.355358,0.332596,8.62322,122.873,122,2.27,393.34,0.109083,0.13200605187991,0.198425,943.148,0.307583,0.10037,0.0538945,1
0.010995,2,-0.249749,0.0519501,0.0158864,23,0.300466,0.424162,13.1571,102.494,123,2.62,328.419,-0.316394,0.147650919403412,0.404862,995.424,0.30635,0.100064,0.147931,1
0.0173657,4,0.0956155,0.0450109,0.014525,23,0.298583,0.401739,7.6514,91.4795,124,3.24,299.462,0.185033,0.16261504397589,0.198558,1112.25,0.300644,0.100323,0.076341,1
0.0170619,4,-0.239591,0.0290323,0.0236334,31,0.372125,0.361985,7.12775,48.2594,125,3.13,142.909,0.030429,0.191486623573268,0.196123,1078.34,0.331925,0.100195,0.116385,1
0.0208587,3,0.258501,0.0329211,0.0108068,26,0.448457,0.353531,9.70495,113.761,126,1.74,323.814,0.143681,0.181754331767368,0.199964,813.071,0.344904,0.100076,0.0161955,1
0.00786257,1,0.200504,0.0137394,0.0175817,26,0.426274,0.49193,14.9801,89.9799,127,1.92,293.34,0.219559,0.137400716741112,0.473431,849.182,0.302041,0.100375,0.0233402,1
0.0190298,4,-0.025293,0.0304467,0.0114927,18,0.230343,0.443222,8.81448,73.9879,128,4.27,253.383,-0.0801631,0.114159780257427,0.26609,1268.09,0.286988,0.100187,0.0975406,1
0.0036686,4,-0.165383,0.021306,0.0151515,15,0.314573,0.352042,6.78261,71.9998,129,4.23,249.234,0.0838733,0.122593924183485,0.254686,1303.66,0.283534,0.100049,0.15333,1
0.0146306,2,0.16683,0.0431347,0.0100235,14,0.201172,0.179636,14.6712,75.4543,130,4.98002,458.03,0.0942178,0.119530804074083,0.642891,1510.46,0.161696,0.100056,0.233335,1
0.0013279,1,0.106783,0.0627632,0.0147386,31,0.374948,0.150993,8.52103,38.032,131,2.08,103.005,-0.347016,0.224481546094345,0.11289,876.261,0.363692,0.10041,0.0320252,1
0.0120311,1,-0.220332,0.0768565,0.014533,25,0.157166,0.44246,11.9501,107.721,132,6.10004,619.754,-0.134778,0.0916166930690178,0.577086,1743.47,0.170521,0.100007,0.218176,1
0.014879,4,-0.223834,0.0233788,0.0143604,23,0.235808,0.24526,6.98947,34.3868,133,5.61003,135.724,0.0198621,0.146125874557725,0.292328,1590.75,0.248971,0.100172,0.168655,1
0.0104947,2,-0.265557,0.016168,0.0147303,17,0.23903,0.304547,7.78,80.7083,134,8.11009,556.686,0.478605,0.089827776013139,0.553327,2126.78,0.142391,0.100116,0.269221,1
0.00691138,3,0.13059,0.0269758,0.0114115,24,0.446591,0.436202,8.88343,34.5289,135,1.75,71.0593,-0.129776,0.177073078900483,0.0721269,809.486,0.477815,0.100237,-0.0105103,1
0.0161917,4,-0.0758641,0.0205858,0.0174563,23,0.303326,0.327326,14.1022,56.1755,136,3.08,196.565,0.0109902,0.136841971268305,0.484429,1067.36,0.281084,0.10026,0.100542,1
0.0238727,4,0.227294,0.0118358,0.0101287,24,0.159872,0.309641,12.4639,43.7108,137,8.5701,281.187,0.291651,0.0965518082212438,0.688614,2193.98,0.152592,0.100062,0.247919,1
0.0290733,2,0.239171,0.0629135,0.0202105,20,0.470857,0.240891,14.5383,128.687,138,1.27,383.173,-0.403431,0.239946394362882,0.325161,747.724,0.3298,0.100102,0.0425739,1
0.0106583,1,0.0468659,0.0391662,0.0229069,18,0.343549,0.195436,6.45952,101.033,139,3.7,443.135,0.611772,0.121622336473202,0.232937,1215.73,0.224006,0.100153,0.112783,1
0.0267453,2,0.017145,0.0511947,0.0165549,16,0.477291,0.376115,11.1878,24.581,140,1.34,48.1107,0.533693,0.219041575127371,0.093114,728.501,0.502892,0.100334,0.0127974,1
0.022029,1,-0.0645565,0.0235688,0.0191934,20,0.153745,0.458969,12.1963,119.988,141,11.1202,991.435,0.451635,0.0587019286366285,0.699743,2765.64,0.118795,0.100059,0.268206,1
0.00682281,2,0.206514,0.0737247,0.0230095,9,0.211689,0.162417,12.7946,56.8245,142,2.81,209.504,0.127264,0.134069462525716,0.384465,1032.07,0.266391,0.100117,0.133817,1
0.0109764,2,0.0739171,0.0636629,0.0149764,17,0.373731,0.402804,8.97076,128.845,143,2.07,331.495,0.202921,0.158011730425921,0.13982,887.439,0.382956,0.100436,0.0345719,1
0.0140306,1,-0.0481222,0.0558576,0.0171636,32,0.424398,0.368167,12.0298,33.6232,144,1.55,79.2514,-0.214042,0.164226625327316,0.190544,764.431,0.418147,0.100468,0.0549039,1
0.0203349,2,-0.198948,0.0670003,0.0201777,13,0.274751,0.481065,10.371,35.6953,145,2.52,102.38,0.0831422,0.197206567937101,0.193609,950.92,0.342085,0.100016,0.0976893,1
0.0295951,2,-0.151171,0.0626236,0.0199036,9,0.230599,0.481225,10.1029,84.7408,146,3.24,264.624,-0.0130649,0.117993678313268,0.249828,1095.44,0.314192,0.100015,0.106457,1
0.0212623,3,-0.0756196,0.04579,0.0114441,13,0.366582,0.140502,5.11561,111.756,147,5.10002,754.81,0.0846018,0.158725545922293,0.332882,1671.76,0.145363,0.100081,0.196507,1
0.0156742,1,0.0753117,0.0252813,0.0180917,29,0.236539,0.181386,11.5682,56.0918,148,4.84002,287.324,-0.163557,0.111573688332574,0.534055,1437.27,0.191845,0.100174,0.170843,1
0.0215478,2,0.127332,0.0763219,0.0125122,19,0.378547,0.113172,6.66668,124.299,149,2.94,643.771,-0.682672,0.281660284822237,0.235689,1100.17,0.189873,0.100244,0.150837,1
0.0226509,1,-0.074258,0.0503601,0.0244968,32,0.307763,0.277322,5.95381,63.5214,150,4.51001,283.605,0.15288,0.133893249303059,0.253311,1379.63,0.21989,0.100076,0.132864,1
0.0130042,4,0.174512,0.0558032,0.0238302,8,0.424258,0.133888,8.1157,48.4043,151,2.16,159.603,0.352672,0.226930327878407,0.202289,897.716,0.298145,0.100211,0.0920614,1
0.000197825,4,-0.0168014,0.0477121,0.0184949,11,0.362799,0.29482,9.76051,121.638,152,2.74,450.403,0.11264,0.100235589839198,0.342865,1199.32,0.265585,0.100246,0.110236,1
0.02005,4,-0.152783,0.0451471,0.0211263,29,0.458102,0.383074,12.438,130.088,153,1.83,382.466,-0.427458,0.169429730026396,0.366956,857.083,0.335183,0.100454,0.121067,1
0.016539,1,-0.205266,0.0255224,0.013404,21,0.151991,0.389135,10.1074,98.1349,154,12.1502,850.148,0.121124,0.0637616964649887,0.669707,2941.14,0.113257,0.100015,0.296993,1
0.015345,1,-0.251899,0.0283228,0.0149402,29,0.48274,0.383586,5.68621,25.4232,155,2.74,74.3183,0.291486,0.291796052368423,0.0961643,1024.74,0.336663,0.100321,0.0640006,1
0.0137791,2,-0.23874,0.0515004,0.0204945,19,0.455296,0.406849,14.7833,111.63,156,1.44,274.477,0.549396,0.190650031326184,0.32666,774.468,0.400205,0.100309,0.115431,1
0.020651,1,0.195651,0.00632549,0.0129008,30,0.3465,0.171156,5.28486,22.823,157,4.21,89.476,-0.0759718,0.142129992711271,0.177453,1307.38,0.250265,0.100015,0.0759463,1
0.0170976,4,-0.0375921,0.0325929,0.0235943,13,0.448429,0.454292,12.9804,23.715,158,1.36,42.1867,0.0136776,0.16611249412461,0.144986,716.914,0.554277,0.10051,0.0535764,1
0.0269857,3,-0.15452,0.0519061,0.0207277,20,0.464241,0.103222,14.9542,115.229,159,2.11,572.615,-0.325899,0.217119393213969,0.553521,928.446,0.198159,0.100379,0.181486,1
0.00263287,3,0.273963,0.0378033,0.0101587,13,0.366179,0.243729,8.40074,79.1608,160,2.43,274.648,-0.154687,0.15839319600221,0.231026,936.065,0.283301,0.100195,0.0844223,1
0.0175622,3,0.104853,0.0166068,0.022558,14,0.193405,0.482568,12.3295,25.3433,161,4,74.2847,0.0044696,0.124154438468082,0.366132,1192.02,0.334831,0.100044,0.102727,1
0.0215945,3,-0.0368886,0.0395356,0.0184692,8,0.233826,0.348118,13.9404,34.6152,162,3.1,106.396,-0.0846642,0.129063639976065,0.386624,1060.23,0.319732,0.100179,0.0951899,1
0.0240575,2,-0.27731,0.0107013,0.0195966,16,0.420625,0.175093,13.4621,23.1928,163,1.88,64.0735,-0.112133,0.292042899460766,0.337554,817.327,0.355251,0.100044,0.117798,1
0.00808189,4,-0.0715122,0.0786159,0.016235,8,0.371903,0.124815,11.2585,119.171,164,2.6,603.134,-0.542002,0.166393299220162,0.452798,1037.98,0.194048,0.100111,0.201469,1
0.00314833,1,0.136193,0.0177062,0.013212,15,0.468988,0.263471,11.9616,121.763,165,2.8,643.663,0.397981,0.128302752335437,0.579472,1059.99,0.186201,0.100336,0.099667,1
0.0129026,4,0.269056,0.0155261,0.0152219,30,0.19055,0.392775,11.8001,82.5412,166,6.72006,497.391,0.157236,0.099816707604058,0.64986,1819.23,0.162862,0.100041,0.220615,1
0.0282277,3,-0.00985784,0.0442364,0.0164677,22,0.271021,0.496657,9.2904,24.1542,167,3.01,67.5152,0.153972,0.145653540595625,0.183373,1188.38,0.351247,0.100081,0.0467361,1
0.00847595,3,-0.0444094,0.00839195,0.0158163,22,0.201226,0.414745,6.8811,112.674,168,15.0903,1294.37,0.392298,0.0464149258185736,0.670039,3647.98,0.0854287,0.100039,0.313235,1
0.00310212,1,0.189529,0.0627623,0.0157945,23,0.224736,0.184314,14.5209,110.753,169,3.75,589.233,0.159687,0.14369984183795,0.590749,1253.4,0.184707,0.100172,0.208746,1
0.0279486,1,-0.171666,0.0256773,0.0205336,25,0.476959,0.344531,8.42392,64.8828,170,2.08,159.867,0.443477,0.199819240296062,0.180961,893.082,0.399556,0.100355,0.0876511,1
0.0102816,3,0.160073,0.0704398,0.0162227,27,0.269515,0.159383,6.8001,102.443,171,4.18,547.737,-0.164447,0.190056213155028,0.320086,1317.5,0.18373,0.100138,0.161322,1
0.00625419,4,-0.160801,0.0487289,0.010479,13,0.372251,0.333481,5.30719,97.4576,172,3.86,349.94,-0.283037,0.140221463474114,0.166997,1262.33,0.273651,0.100163,0.116186,1
0.0235966,1,0.0596068,0.0374084,0.0217854,16,0.234527,0.450295,13.4979,66.5907,173,3.01,208.398,-0.0978932,0.117425243373693,0.372706,1034.29,0.313714,0.10008,0.0671401,1
0.00810647,2,0.0463965,0.0202581,0.0243062,24,0.465933,0.291089,11.0139,89.1896,1,1.83,248.639,-0.0864129,0.134128811039593,0.274553,874.979,0.353768,0.100532,0.05287,1
0.0205119,3,0.0972022,0.00761336,0.0150817,30,0.408189,0.455626,6.95658,51.7222,2,2.78,138.83,-0.117876,0.153989364439306,0.145916,1090.93,0.365962,0.100132,0.0393393,1
0.00193734,1,-0.296631,0.0319102,0.0166931,14,0.282286,0.318173,5.31496,28.5222,3,5.25003,110.983,0.0898501,0.177433546747223,0.181436,1604,0.252263,0.10006,0.138836,1
0.0219823,3,-0.035055,0.0310198,0.0221537,17,0.459486,0.420362,10.2229,27.5721,5,1.63,51.9995,0.0949459,0.171646351086018,0.117029,839.311,0.521378,0.100233,0.0292621,1
0.0140897,2,-0.246455,0.0337177,0.0102794,21,0.395925,0.205962,5.05399,128.053,6,4.85002,723.568,-0.0598506,0.153171478046492,0.318967,1586.55,0.173635,0.100013,0.212578,1
0.0229922,3,-0.222168,0.0727493,0.0217217,28,0.15488,0.447835,8.65876,80.5339,7,7.87009,490.139,-0.378526,0.0884785782697199,0.536098,2186.26,0.161336,0.100093,0.205509,1
0.0280614,1,-0.248033,0.0353754,0.0114982,32,0.427163,0.172139,10.6378,44.6778,8,1.85,113.42,0.317645,0.276322106559327,0.206566,882.96,0.387455,0.100265,0.107123,1
0.0296041,1,-0.267031,0.0589036,0.0140386,24,0.160387,0.248196,6.23694,117.995,9,13.6202,1425.58,-0.130632,0.116611136833965,0.614508,3688.82,0.0812533,0.100069,0.381195,1
0.0245856,2,-0.0497331,0.0611287,0.0223637,19,0.276818,0.118072,8.02231,53.8196,10,4.11,270.547,-0.355526,0.216106862803769,0.354596,1378.2,0.195315,0.100085,0.173137,1
0.00345944,2,-0.19798,0.0210397,0.0150471,13,0.418714,0.288468,7.81318,88.0376,11,3.11,311.946,-0.137916,0.134723735452965,0.32578,1168.13,0.277637,0.100281,0.170713,1
0.00387466,2,-0.237665,0.0527481,0.0153516,26,0.267757,0.287293,10.8697,47.7208,12,3.04,154.332,0.045775,0.150304700475657,0.317769,1096.21,0.304185,0.10028,0.143922,1
0.0113645,2,-0.253194,0.0423004,0.0113596,19,0.442744,0.427491,12.4945,31.8101,13,1.47,67.7453,0.228584,0.238381708120893,0.187228,790.155,0.46202,0.100301,0.080371,1
0.00884448,1,0.280834,0.0655926,0.011438,8,0.211823,0.158278,11.4032,106.881,14,4.27,684.435,-0.178171,0.136060700888479,0.556119,1462.24,0.1532,0.100005,0.290315,1
0.0177895,1,-0.210925,0.0611392,0.0131702,17,0.239397,0.184148,14.3491,48.8555,15,2.86,169.388,0.0288755,0.186423816073469,0.411745,1358.87,0.283642,0.100247,0.128523,1
0.0288601,3,-0.248016,0.0624908,0.0113364,23,0.368676,0.498003,11.5113,95.9779,16,2.01,261.079,0.136586,0.201991794112041,0.275138,961.533,0.361685,0.100291,0.134736,1
0.0237544,3,-0.121753,0.0407125,0.0121744,9,0.185537,0.396513,8.87632,109.865,17,7.27007,664.669,-0.0970268,0.0935955456035771,0.507342,2121.55,0.162202,0.100031,0.232032,1
0.00581394,2,-0.256099,0.0404377,0.0113451,25,0.27519,0.181043,9.8566,122.589,18,6.00004,964.558,-0.115322,0.136899435787396,0.613969,1892.51,0.124823,0.100116,0.294102,1
0.0112932,4,0.0749503,0.072472,0.0185219,16,0.263984,0.496266,7.43086,70.4372,19,3.21,231.635,0.13744,0.173695980415501,0.142547,1195.9,0.298558,0.100083,0.0561607,1
0.0140547,4,-0.13219,0.0656945,0.0201373,9,0.266579,0.232094,6.62791,119.431,20,4.79001,611.547,0.0845248,0.122115729330951,0.319333,1565.16,0.191645,0.100033,0.179161,1
0.00920987,2,0.0455727,0.00824926,0.0121801,24,0.497127,0.168464,8.47982,53.4434,21,2.43,188.843,0.160904,0.128038322074897,0.321288,1031.26,0.277906,0.100101,0.0798727,1
0.0038054,3,0.0518574,0.0751942,0.0168598,16,0.154449,0.144567,5.99002,23.9427,22,6.27005,121.622,0.0787568,0.186591000795234,0.202819,1833.36,0.19342,0.100154,0.110368,1
0.0054568,4,0.236011,0.01315,0.0125789,27,0.167527,0.404282,10.0281,57.4584,23,6.85006,290.384,0.0144316,0.0864934585550902,0.539775,1967.68,0.194261,0.100077,0.21701,1
0.0267187,4,-0.272334,0.0569844,0.0197962,9,0.321235,0.214852,13.5237,40.6235,24,2.2,120.609,0.0127541,0.209816388170694,0.354952,935.373,0.331777,0.100411,0.14146,1
0.0285361,4,-0.130865,0.0189861,0.0155354,11,0.15058,0.427009,5.93443,92.7361,25,18.6403,1078.74,-0.304354,0.072587901133516,0.617481,4826.85,0.0843367,0.100004,0.354294,1
0.0164153,3,-0.11764,0.0792474,0.0127897,24,0.259615,0.491765,12.4516,72.1296,26,2.59,243.309,0.189096,0.151316146057721,0.338752,1072.27,0.291126,0.100105,0.124582,1
0.0115295,4,-0.150775,0.0178178,0.0188234,28,0.248435,0.452663,10.4201,91.1046,27,5.10002,406.492,0.0643559,0.0928099442183676,0.490423,1561.83,0.220128,0.10012,0.165405,1
0.0289868,1,0.110145,0.0478578,0.0230652,23,0.36326,0.211173,14.9177,123.705,28,2.48,561.703,-0.28355,0.137200397133673,0.547538,1060.31,0.216257,0.100097,0.1095,1
0.0244101,4,-0.0323397,0.00606235,0.0166407,13,0.260255,0.413495,6.63573,83.4881,30,9.97013,646.301,-0.135279,0.0576368101272409,0.592562,3199.39,0.126737,0.100011,0.236717,1
0.0173999,3,-0.24613,0.0411164,0.0200641,15,0.496876,0.178864,8.3799,23.405,31,1.86,61.7149,0.0869673,0.385893828500972,0.140387,885.241,0.373109,0.100288,0.0822884,1
0.0118606,3,-0.132998,0.0163623,0.0167914,17,0.478712,0.237212,7.62428,119.474,32,3.08,508.183,0.07006,0.132265970390053,0.38203,1193.95,0.230671,0.100016,0.169191,1
0.0167052,2,0.287238,0.0636299,0.0231807,19,0.220729,0.405857,14.1997,98.7625,33,2.95,371.132,-0.0185494,0.149150528823756,0.493212,1143.68,0.26179,0.100281,0.138761,1
0.0272549,2,0.16322,0.00919994,0.012572,20,0.317015,0.369951,13.998,125.632,34,5.88004,965.565,-0.00588046,0.0917254309205521,0.754795,1810.52,0.127798,0.100124,0.159304,1
0.0244789,3,-0.123862,0.0113868,0.0163972,21,0.221589,0.317082,7.81673,108.588,35,13.1702,1254.7,0.331508,0.0623335435003002,0.700425,3413.77,0.0849112,0.100012,0.330953,1
0.0271876,2,0.280122,0.0486485,0.0196165,20,0.438655,0.440202,13.9714,25.7488,36,1.05,47.5075,0.264391,0.244412288714558,0.0909641,700.945,0.532587,0.100167,-0.0467149,1
0.0293827,4,0.0927644,0.0685684,0.0164451,8,0.222488,0.496131,13.335,56.6471,37,2.57,175.904,0.111571,0.133726693119298,0.317584,1039.6,0.316519,0.100191,0.090118,1
0.0118084,3,-0.271375,0.0542515,0.0185524,19,0.328925,0.416367,6.04286,81.6974,38,3.83,298.155,0.268918,0.173523913850237,0.18978,1347.59,0.269179,0.100139,0.129308,1
0.0266417,3,0.12133,0.05122,0.0128292,29,0.342889,0.200019,13.1885,39.0087,39,2.13,126.848,0.0862824,0.199683362409024,0.38308,956.001,0.302719,0.100345,0.0828043,1
0.000779196,4,0.047181,0.0094196,0.0249911,20,0.244081,0.274379,8.61999,97.1128,40,9.91013,952.36,-0.146088,0.0667070043859838,0.679679,2728.31,0.100114,0.100081,0.255912,1
0.0102317,4,0.298581,0.078077,0.0159344,31,0.203036,0.404328,10.2522,33.2255,41,3.27,117.91,-0.0577424,0.145237733977675,0.369332,1178.01,0.276656,0.10008,0.119758,1
0.0115593,2,-0.25771,0.0086581,0.0244373,12,0.391937,0.395864,6.39358,73.9473,42,4.05,277.87,0.0256444,0.140883316587035,0.307096,1372.45,0.261452,0.100148,0.177891,1
0.0123669,4,0.0200778,0.0522413,0.0109868,19,0.158849,0.213388,8.77738,23.1791,43,5.76004,103.121,-0.0417058,0.151433478569887,0.33852,1691.79,0.220621,0.100052,0.131458,1
0.027125,1,0.147325,0.0469422,0.0176843,20,0.161184,0.136398,11.0025,58.5866,44,7.86009,465.667,-0.0650267,0.132875604105413,0.648948,2240.32,0.12354,0.100096,0.288722,1
0.0102684,2,-0.298443,0.0772551,0.0248427,19,0.383834,0.415076,11.4172,29.1842,45,1.69,73.196,0.442432,0.261304168319583,0.185244,846.968,0.393258,0.100542,0.0892572,1
0.0168413,3,0.242261,0.0732536,0.0199354,12,0.228908,0.222241,11.9995,101.786,47,3.04,423.142,0.370721,0.162848908904899,0.435482,1152.47,0.236158,0.100076,0.167745,1
0.0134264,2,-0.273597,0.0715205,0.010036,25,0.31988,0.357189,7.52333,49.1892,48,3.01,159.601,-0.00448019,0.211861644243646,0.189327,1125.31,0.302457,0.100037,0.121456,1
0.0103786,4,0.251446,0.0687811,0.0216299,14,0.317609,0.165189,8.53287,39.6292,49,2.23,120.815,0.156351,0.231455480170703,0.133969,949.104,0.322121,0.100105,0.0536696,1
0.0126091,2,-0.0871343,0.0590033,0.014623,21,0.379128,0.458617,12.9173,69.1825,50,1.57,148.648,0.414279,0.15909846804532,0.183588,821.433,0.458537,0.100431,0.0546643,1
0.0150868,1,0.138194,0.0471981,0.013389,19,0.246545,0.132839,13.4486,28.1391,51,2.51,87.7617,0.223244,0.165422923677061,0.333473,988.899,0.314656,0.100037,0.0987421,1
0.00238162,1,0.189084,0.0204979,0.0113642,8,0.455039,0.25897,11.1401,74.9309,52,2.82,358.388,0.000601727,0.142264950437265,0.55264,1142.05,0.205313,0.100101,0.0941015,1
0.0144875,1,0.185313,0.0388556,0.0168414,17,0.171392,0.164458,14.5328,34.8775,53,4.78001,166.564,-0.255486,0.10874320497451,0.577968,1509.44,0.205732,0.100154,0.164335,1
0.0252577,4,0.279979,0.0582558,0.0163208,29,0.433408,0.428793,12.7272,112.177,54,1.39,296.442,0.425831,0.228724197398212,0.24926,818.061,0.373914,0.100725,0.00631142,1
0.0048826,2,0.0785267,0.0433588,0.0151213,28,0.290698,0.427585,5.00608,122.231,55,4.85002,506.458,0.356562,0.135817601956877,0.155249,1576.8,0.236845,0.100036,0.0833852,1
0.00977106,2,-0.048492,0.0686061,0.018017,22,0.413386,0.220566,7.95104,25.6771,56,2.09,71.5818,0.281346,0.242037520226249,0.102467,1202.8,0.352083,0.100054,0.0398949,1
0.0261063,1,-0.168301,0.0580914,0.0129938,18,0.268029,0.479275,8.93254,80.4236,57,3.1,235.613,0.282894,0.148908268739451,0.201621,1133.87,0.335725,0.100261,0.0967824,1
0.0100382,2,-0.0643727,0.0651064,0.0129013,12,0.171882,0.177634,8.31187,125.835,58,9.18011,1292.51,-0.0280783,0.109543478918622,0.602451,2617.66,0.0955311,0.100025,0.326248,1
0.0191277,4,-0.09947,0.0221649,0.0238201,22,0.4717,0.334518,9.95512,60.5441,59,1.85,139.436,0.300345,0.156301094117761,0.205246,890.683,0.427765,0.100424,0.0830736,1
0.0139603,4,0.0814594,0.0693554,0.0192656,9,0.330556,0.304362,13.4076,99.6734,60,2.01,313.828,-0.0943262,0.126491612943245,0.355605,911.083,0.311572,0.1,0.0626522,1
0.00463341,2,0.0657513,0.0110196,0.0217977,11,0.183506,0.100966,14.763,34.2227,61,12.9602,458.21,-0.215717,0.0929571199510866,0.817689,3302.94,0.0732919,0.100032,0.38444,1
0.0101831,3,-0.02368,0.0753841,0.0153373,32,0.361294,0.214191,10.353,45.1048,62,2.18,152.055,0.38229,0.201166119665569,0.267406,970.728,0.29177,0.100265,0.0993236,1
0.0202367,1,0.0120328,0.0672407,0.0182384,12,0.173701,0.145075,10.5794,64.9971,63,5.19002,364.511,0.10678,0.129555219503552,0.460632,1813.11,0.175022,0.100055,0.189978,1
0.00860114,3,-0.0631134,0.0579742,0.0228523,17,0.183299,0.113676,14.1814,33.9794,64,4.99002,186.883,-0.00100619,0.165535025217683,0.575481,1580.36,0.178676,0.100173,0.169234,1
0.0035018,2,0.00802971,0.0661912,0.0147041,21,0.166904,0.373655,8.10888,113.226,65,6.19005,611.513,0.126084,0.105936809771975,0.389424,1850.52,0.181818,0.100098,0.153966,1
5.96845e-05,1,0.158981,0.0749048,0.012408,17,0.343606,0.27424,5.52618,58.4773,66,3.13,205.708,0.17395,0.176521967201286,0.0772777,1172.89,0.279414,0.100194,0.0227547,1
0.0222468,3,-0.135279,0.0798597,0.0145013,26,0.454397,0.162428,8.26826,126.259,67,2.27,485.587,-0.0249669,0.227403375061629,0.282385,1034.87,0.25539,0.100125,0.144321,1
0.0077291,3,0.0691997,0.0151812,0.0118995,29,0.322912,0.190005,12.9468,108.052,68,6.22005,1040.33,0.0761927,0.096335803582773,0.74496,1941.46,0.101958,0.100067,0.198123,1
0.0274132,3,-0.243271,0.0496501,0.023866,17,0.36369,0.400551,14.082,112.924,69,2.19,362.087,-0.0502278,0.156252420371602,0.429518,985.284,0.307529,0.100518,0.144398,1
0.0224504,2,-0.286252,0.06657,0.0245884,16,0.484331,0.451312,8.51154,97.1955,70,1.88,276.007,-0.155092,0.262665118057534,0.180966,938.132,0.346981,0.100441,0.10642,1
0.0084875,4,0.200999,0.0773418,0.0151207,25,0.211162,0.430915,9.81948,63.7889,71,3.44,252.183,-0.070761,0.145810968754611,0.351141,1261.77,0.248393,0.100102,0.143612,1
0.0147115,3,0.146998,0.0778786,0.0103266,20,0.333371,0.164668,10.9894,97.8122,72,2.1,338.587,0.312244,0.21984024594044,0.289573,958.419,0.284117,0.100255,0.110718,1
0.00703709,4,0.074775,0.0459624,0.0208087,14,0.392926,0.436658,6.50635,44.6359,73,2.64,120.186,-0.190402,0.153668082190503,0.0778602,1057.53,0.364902,0.100156,0.0139921,1
0.0125715,1,-0.0947054,0.064536,0.0101725,23,0.190645,0.262809,6.57067,25.9628,74,5.31003,108.637,-0.197912,0.133860856701002,0.192397,1694.73,0.234861,0.100177,0.112109,1
0.0238353,2,-0.140305,0.019649,0.0142485,21,0.402877,0.313136,6.86206,86.5937,75,3.24,279.981,0.248017,0.148028651320514,0.234566,1187.96,0.30389,0.100159,0.129603,1
0.0155406,1,-0.258509,0.0456261,0.0133757,24,0.394374,0.27451,8.16695,84.3771,76,2.58,257.006,-0.1788,0.211424042832537,0.224068,1059.06,0.322405,0.100104,0.125288,1
0.000779802,1,-0.156944,0.056576,0.0142242,18,0.355768,0.496111,8.41767,52.8933,77,2.41,139.194,-0.233827,0.13023025315368,0.1388,1002.43,0.373616,0.100225,0.0740345,1
0.0086427,4,0.104444,0.0472034,0.0167727,32,0.257337,0.274652,14.6123,61.3544,78,3.25,251.333,0.0198341,0.143412547848045,0.530019,1181.2,0.240245,0.10032,0.120576,1
0.00102541,2,0.251612,0.0241353,0.0198568,17,0.409339,0.17275,8.86668,94.1032,79,2.53,407.638,0.315856,0.201046979467719,0.336481,1069.28,0.226793,0.100145,0.120025,1
0.0164717,4,0.0971126,0.0738453,0.02176,19,0.322543,0.326926,9.68627,60.6473,81,2.3,186.026,-0.0684999,0.187410702687051,0.221731,972.687,0.320415,0.100186,0.075688,1
0.0193549,4,0.159818,0.0356148,0.01568,21,0.191223,0.305612,11.147,30.5,82,4.59001,122.863,0.0327871,0.140690162263331,0.455555,1480.42,0.243592,0.100027,0.151699,1
0.0234222,2,0.148262,0.0435453,0.012226,17,0.348921,0.28187,14.3894,109.594,83,2.25,406.138,0.176459,0.141831056660486,0.468877,993.559,0.265479,0.100288,0.0872071,1
0.0180179,2,0.0287031,0.010346,0.0168508,18,0.367433,0.479643,8.19992,25.3168,84,2.6,52.409,-0.178694,0.168536678339503,0.119912,1034.1,0.474518,0.100134,0.0336123,1
0.0139611,4,-0.271391,0.0454261,0.0145164,30,0.431219,0.30038,9.07751,100.663,85,2.25,303.866,0.0597936,0.217625440981745,0.259646,982.846,0.325679,0.100215,0.147474,1
0.020426,2,0.189061,0.0779141,0.0243925,15,0.359518,0.3281,8.07394,54.819,86,2.09,157.553,-0.227341,0.22061296001842,0.101352,952.643,0.342327,0.100292,0.0235164,1
0.0271005,4,-0.222306,0.043173,0.0104639,29,0.176886,0.140739,5.57551,52.5048,88,15.6703,690.939,-0.227889,0.113999964991308,0.626699,3851.7,0.074588,0.100055,0.364434,1
0.0017861,1,0.265309,0.0387851,0.0224485,15,0.157181,0.316707,10.1843,96.4863,89,7.04007,600.355,0.0770334,0.0801308481306441,0.59673,2052.32,0.157673,0.100007,0.279743,1
0.0171742,1,0.210827,0.0126023,0.0100452,14,0.260971,0.191018,9.36147,39.7693,90,4.98002,206.398,-0.0818484,0.102671413237212,0.51085,1556.8,0.189186,0.100087,0.200097,1
0.009443,3,-0.276035,0.0254011,0.0235137,14,0.35866,0.348886,5.04765,114.111,91,5.20002,546.996,-0.0199776,0.142268971774188,0.287704,1622.63,0.204915,0.100129,0.205145,1
0.0154883,2,-0.115868,0.0268469,0.0182329,22,0.235733,0.494581,5.23146,103.48,92,6.86006,471.223,0.270325,0.0997991604694846,0.237941,1895.01,0.215707,0.10013,0.148576,1
0.00101544,4,-0.0562782,0.0550982,0.0226565,20,0.473908,0.164455,5.89645,97.2086,93,2.68,332.094,0.147192,0.160742836915616,0.139449,1315.59,0.287922,0.100268,0.0845843,1
0.0110657,3,-0.0997108,0.0173328,0.01019,10,0.204795,0.340891,7.14199,98.2741,94,13.7802,1108.97,0.146037,0.0686372089781328,0.671272,3628.39,0.087005,0.100082,0.303447,1
0.00839261,2,0.0245568,0.0594067,0.0119759,17,0.383891,0.344596,14.5911,78.8762,95,1.4,170.139,0.0958968,0.156334746396901,0.2043,796.826,0.457635,0.100626,0.0221029,1
0.00662838,2,0.21214,0.0052023,0.0238967,12,0.193319,0.420241,11.9707,42.3989,96,12.5702,361.711,0.0147602,0.0687129553052832,0.801013,3473.94,0.114994,0.100003,0.264914,1
0.00251486,2,0.157276,0.0215306,0.0149755,30,0.245662,0.122324,5.23393,50.5654,97,6.48005,321.173,0.000779453,0.137850564007726,0.291552,1907.18,0.154533,0.100055,0.195756,1
0.0184053,1,0.124187,0.0492796,0.0209194,28,0.222513,0.449254,6.65606,61.0789,98,4.91002,254.761,-0.0489293,0.106968976203102,0.258348,1530.92,0.235577,0.100163,0.132859,1
0.0244656,4,-0.293878,0.0332896,0.0186382,10,0.416931,0.448765,9.6803,91.0648,99,2.51,286.888,0.130306,0.160404871176811,0.340983,1052.84,0.311954,0.100181,0.1781,1
0.00915415,3,-0.156899,0.0447212,0.0182612,32,0.272604,0.166686,10.5473,41.4991,100,3.52,161.356,-0.247869,0.159580975745023,0.388053,1253.32,0.252543,0.100095,0.156351,1
0.0161937,3,-0.136275,0.0319168,0.0189572,19,0.375374,0.136005,10.7513,42.4738,101,2.38,130.875,0.349296,0.20194352444334,0.306354,992.62,0.319469,0.100345,0.112334,1
0.00534035,4,-0.0461583,0.0238387,0.0248711,13,0.493316,0.422922,8.68548,93.5297,102,2.01,224.518,-0.0641883,0.131095961529964,0.202794,936.491,0.40912,0.100111,0.0829003,1
0.0253943,1,0.0105961,0.015217,0.0151377,8,0.228773,0.286863,7.82248,23.4812,103,5.31003,81.4627,-0.0860681,0.111085897368642,0.296057,1613.13,0.28324,0.100167,0.0954906,1
0.00500444,4,-0.218927,0.0132178,0.0148213,25,0.241574,0.258429,12.3295,47.5401,104,5.32003,227.097,0.0389966,0.111482257627581,0.567339,1641.61,0.205741,0.100185,0.201469,1
0.0226243,4,-0.242689,0.0664271,0.0170524,29,0.296754,0.224339,11.7285,59.4882,105,3.39,263.49,-0.000316759,0.189350463565666,0.499658,1225.62,0.22187,0.100176,0.173912,1
0.0134919,4,0.0295332,0.038745,0.0208631,25,0.388044,0.165169,9.73801,107.24,106,3.13,540.464,-0.267422,0.147220919971058,0.453609,1187.45,0.19491,0.100132,0.134808,1
0.0112805,4,-0.279483,0.0185159,0.0238563,8,0.338892,0.19924,5.47405,32.022,107,4.85002,129.202,-0.0459573,0.185448128774363,0.243537,1550.69,0.243309,0.100071,0.181369,1
0.00958511,1,-0.00237629,0.00642821,0.0197726,28,0.267533,0.360195,12.2861,65.4673,108,7.07007,424.973,0.0286181,0.0812093142101104,0.696597,2044.43,0.151186,0.100041,0.133944,1
0.0166228,1,0.271237,0.053585,0.011065,12,0.190671,0.483273,6.31714,119.409,109,5.06002,497.754,-0.0929063,0.103043165469653,0.247239,1747.37,0.235536,0.100084,0.15243,1
0.00438086,4,0.0486284,0.0299569,0.0205897,25,0.357477,0.150457,5.5547,30.7249,110,3.62,102.66,-0.229462,0.171289216130801,0.1011,1560.99,0.293827,0.100076,0.0422845,1
0.0250013,4,0.0136952,0.0727424,0.0155234,9,0.474825,0.4083,5.40579,79.7703,111,2.72,261.012,0.446667,0.165638688964384,0.112362,1110.78,0.300221,0.100136,0.0452049,1
0.00470965,4,-0.00787341,0.0204608,0.016333,25,0.300386,0.330945,12.0608,84.7626,112,3.38,324.201,-0.0829602,0.101422560884462,0.447661,1218.19,0.256809,0.100127,0.0825561,1
0.0241734,2,-0.121112,0.0214372,0.0246591,31,0.276839,0.278579,14.9366,118.786,114,6.36005,920.351,-0.000408999,0.0976932227363772,0.744163,1947.89,0.12671,0.100076,0.232727,1
0.00542885,2,-0.278751,0.0770083,0.0107365,32,0.355085,0.280554,14.2105,45.3461,115,1.58,111.782,0.249148,0.256653302041282,0.250763,828.6,0.399765,0.100454,0.114728,1
0.0175794,4,0.131051,0.0528638,0.0203552,28,0.308536,0.113364,13.6728,100.206,116,4.45001,829.801,0.333137,0.219573163483021,0.693145,1505.21,0.118569,0.100088,0.244933,1
0.0224664,4,-0.234324,0.0329416,0.0200599,16,0.210253,0.218803,12.8935,96.5876,117,9.45012,978.958,0.233479,0.0925848496078131,0.75612,2663.78,0.0968414,0.100054,0.361014,1
0.0287094,2,0.142282,0.0376294,0.0129285,12,0.172345,0.439426,8.20241,128.266,118,7.00007,746.382,0.386552,0.0924977945853572,0.474645,2230.64,0.168718,0.100079,0.228701,1
0.00952017,1,0.0619734,0.0391771,0.0102129,19,0.395662,0.229858,11.1054,61.6834,119,1.8,152.858,0.429458,0.148768954427729,0.189636,861.25,0.397938,0.100523,0.0515007,1
0.00605262,1,0.0144512,0.0562637,0.0154471,18,0.254241,0.303808,12.4546,85.4165,120,2.91,291.403,-0.133201,0.134464944999102,0.363787,1100.19,0.287856,0.100106,0.0667754,1
0.00560024,1,0.0843666,0.00944654,0.0240047,24,0.378307,0.311657,14.6732,73.072,121,3.27,341.61,0.123342,0.106767748598453,0.626102,1175.27,0.210367,0.100251,0.0694252,1
0.0118762,4,0.164112,0.0201064,0.0220312,13,0.441791,0.23816,5.79249,72.1919,122,3.1,282.145,0.108857,0.145012188384713,0.191012,1177.15,0.251443,0.100174,0.0882817,1
0.0113588,4,-0.0909714,0.0698722,0.0141115,19,0.307621,0.242927,11.5995,92.154,123,2.4,294.679,-0.0503359,0.169212166391599,0.313687,1010.97,0.30684,0.100018,0.096369,1
0.0142116,4,0.0539867,0.0264212,0.0203898,26,0.292339,0.346528,5.14128,81.8597,124,5.11002,340.721,0.376814,0.13313223891139,0.170421,1573.12,0.236052,0.100154,0.0883622,1
0.0176943,3,-0.0218416,0.0462704,0.019089,26,0.180611,0.153441,8.20131,119.347,125,17.8403,2388.82,-0.114989,0.102301508923768,0.783489,4755.55,0.049017,0.100011,0.435336,1
0.025036,3,-0.0831267,0.0541941,0.0202027,14,0.369113,0.211689,5.90207,95.5763,126,3.65,395.365,-0.29095,0.153079632852012,0.21215,1297.52,0.237474,0.100137,0.117562,1
0.0157555,2,0.0195786,0.0358234,0.0198969,32,0.320028,0.150717,14.9741,56.2971,127,3.2,271.609,0.183819,0.151543647717347,0.579635,1179.99,0.203405,0.100035,0.125496,1
0.0118502,3,-0.108572,0.0566534,0.0202758,10,0.181976,0.247525,6.51717,24.7616,128,5.64003,103.184,-0.0955119,0.136482331393926,0.181515,1692.18,0.235472,0.100024,0.0883628,1
0.0218856,4,0.265823,0.0391884,0.0223243,11,0.417311,0.131055,13.5634,55.3228,129,1.69,193.398,0.337608,0.301291649292039,0.37932,857.46,0.28147,0.100302,0.0924441,1
0.0271849,2,-0.0164782,0.0132832,0.01329,32,0.323611,0.288973,13.6745,106.745,131,5.03002,695.969,-0.396494,0.107864212295548,0.68793,1593.57,0.150484,0.100015,0.115946,1
0.00153485,4,0.0910322,0.0534894,0.0162926,26,0.406485,0.249602,7.70668,70.6829,132,2.2,195.271,0.0824383,0.158488778518997,0.113563,986.819,0.355248,0.100043,0.0282521,1
0.0154037,2,0.111524,0.013093,0.0224505,8,0.44811,0.398603,14.3902,45.5451,133,2.81,196.389,0.148305,0.141462317405312,0.629793,1087.35,0.227513,0.100003,0.0492489,1
0.0279871,4,-0.0397788,0.0685677,0.0106691,11,0.371454,0.458206,9.56004,108.851,134,2.06,287.002,-0.0271792,0.152517964240899,0.16532,956.437,0.374014,0.100524,0.066098,1
0.0106803,1,0.243298,0.0398249,0.0190912,14,0.345998,0.419855,5.28423,70.6662,135,3.5,252.295,0.174361,0.131521121262035,0.107056,1248.3,0.274897,0.100045,0.0427315,1
0.00921313,2,-0.178062,0.0308147,0.0173617,24,0.234599,0.32335,11.7428,120.235,136,6.14005,752.797,0.0988383,0.0879444930029355,0.622902,1865.78,0.156771,0.100056,0.225014,1
0.0111229,1,-0.105383,0.0617156,0.0180689,13,0.150945,0.163588,11.1653,49.3317,137,5.77004,260.606,-0.124907,0.125156842276394,0.473891,1731.79,0.185711,0.100006,0.1917,1
0.00498008,4,0.00256574,0.0132081,0.0206949,28,0.421697,0.38291,5.25096,33.552,138,3.4,85.1661,-0.0191506,0.144625264381863,0.0750239,1217.45,0.387467,0.100257,0.0283882,1
0.00441063,2,0.092035,0.044351,0.0132949,9,0.278091,0.49625,7.55657,40.4125,139,3.22,111.349,0.203668,0.131614943121284,0.13224,1160.37,0.356736,0.100196,0.0497568,1
0.0109878,1,0.0774308,0.0300806,0.0244065,25,0.306974,0.483178,5.16248,122.893,140,4.70001,485.408,-0.0177356,0.12308926772221,0.161438,1522.51,0.248411,0.100019,0.0773509,1
0.0271875,2,-0.229375,0.0565327,0.0235741,21,0.355257,0.317083,5.97762,90.677,141,3.72,352.744,-0.144246,0.19891598745992,0.214952,1301.95,0.252656,0.100189,0.138255,1
0.0256183,3,-0.116347,0.0265729,0.0142221,21,0.386861,0.41522,12.3872,130.479,143,2.58,459.987,-0.0268579,0.131879010310782,0.453572,1064.95,0.278339,0.100025,0.124735,1
0.0192848,1,-0.235044,0.0346644,0.0246511,10,0.156189,0.264526,8.7188,47.6109,144,7.88009,258.172,0.0796553,0.103588824965383,0.451689,2119.98,0.180913,0.100001,0.230121,1
0.0290535,2,0.00740714,0.0537958,0.0103418,17,0.39649,0.208964,7.48245,95.9175,145,2.59,322.533,-0.0258591,0.163684456679942,0.177016,1065.91,0.292668,0.100319,0.0765847,1
0.0147981,3,-0.150834,0.0619698,0.0233334,24,0.384752,0.123858,7.41355,51.0045,146,2.75,183.408,0.192726,0.226761387177076,0.20925,1062.28,0.273558,0.100274,0.114573,1
0.0275178,4,0.0727473,0.0131736,0.0169163,9,0.198028,0.415109,12.4939,108.621,147,13.3102,1283.73,0.141465,0.0628670792507022,0.80766,3558.2,0.0830256,0.100024,0.35022,1
0.0295359,3,0.213317,0.0697151,0.0233867,16,0.352452,0.436982,6.59565,51.1183,148,2.61,166.268,0.152967,0.198273468608244,0.10059,1071.56,0.302408,0.100267,0.0298279,1
0.0112054,1,-0.103552,0.0593667,0.0235775,29,0.251338,0.441811,9.39666,118.944,149,4.31,550.302,0.574349,0.104190748789826,0.427145,1485.93,0.212458,0.100199,0.176962,1
0.0191788,1,0.299623,0.03008,0.0167082,28,0.282805,0.122372,14.409,84.6901,151,3.56,562.025,-0.0995411,0.185799427197713,0.621099,1286.79,0.147987,0.10011,0.21202,1
0.0196364,1,0.192994,0.0587467,0.0148738,11,0.167269,0.248755,8.96295,83.7615,152,5.20002,414.129,0.118735,0.0898282483924811,0.415872,1620.84,0.19877,0.100178,0.202708,1
0.00274079,1,-0.13978,0.0165311,0.0236164,12,0.355013,0.203518,8.12725,72.4761,153,4.75001,398.812,0.0109514,0.105618282761374,0.498937,1527.76,0.178298,0.100012,0.18835,1
0.00582166,4,-0.0139341,0.0154231,0.0128748,30,0.192942,0.365237,9.59871,65.1933,155,7.35007,362.836,-0.0491689,0.0827308393993252,0.509996,2087.54,0.176451,0.100107,0.128817,1
0.00123887,3,-0.248957,0.0783277,0.0104634,27,0.342541,0.374079,7.35925,51.5141,156,2.8,167.547,-0.165498,0.201480817022275,0.169744,1109.4,0.302399,0.100259,0.0998834,1
0.0190144,1,-0.215067,0.030526,0.0104833,31,0.268977,0.404422,11.9208,86.0562,157,3.64,315.321,0.0710822,0.116809141775523,0.44394,1272.27,0.268199,0.100175,0.159424,1
0.0217369,1,0.0223988,0.0560339,0.0114213,28,0.223346,0.227771,10.5047,51.7264,158,3.63,194.796,0.211502,0.145841450613404,0.334105,1243.18,0.260695,0.100076,0.112278,1
0.0242894,4,0.280749,0.077064,0.0188764,15,0.437082,0.363172,5.5279,103.255,159,2.4,352.171,0.406988,0.194888785920431,0.0504365,1052.41,0.288081,0.100159,-0.00556445,1
0.00657555,2,-0.241708,0.0631952,0.0147704,18,0.16757,0.394714,8.45482,105.341,160,6.65006,580.218,0.0202121,0.0967315302342073,0.445176,2063.16,0.17837,0.100149,0.216393,1
0.00562944,1,0.135054,0.00776682,0.0108276,28,0.443312,0.164922,8.38745,77.8141,161,3.96,507.761,-0.0798644,0.146896012930245,0.546574,1403.05,0.150599,0.100174,0.146315,1
0.00453137,4,0.297374,0.056635,0.0147601,9,0.272208,0.442316,11.8553,36.4557,162,1.98,88.8631,-0.258658,0.13621072952528,0.20799,887.575,0.402784,0.100083,0.0529951,1
0.0139659,2,-0.186011,0.0443181,0.0207287,24,0.159777,0.263994,9.79829,97.9665,163,11.5502,963.656,-0.221011,0.0799902094723106,0.688363,3127.13,0.0997454,0.100016,0.321493,1
0.0182385,4,-0.151945,0.0706994,0.0173207,22,0.376828,0.219754,12.5491,124.031,164,2.37,493.414,-0.327524,0.18007155177435,0.457453,1045.35,0.246658,0.100025,0.153095,1
0.0143001,1,0.131906,0.053855,0.0246203,24,0.39809,0.196769,11.8261,93.8008,165,1.78,285.802,0.196174,0.144289330561406,0.283584,869.236,0.321989,0.100007,0.0663434,1
0.0274826,1,-0.0738818,0.0300032,0.0162619,11,0.200529,0.122891,13.8087,101.63,166,13.5602,1788.76,-0.0647841,0.110371184152945,0.832315,3742.46,0.0557877,0.100092,0.480088,1
0.00426043,1,0.24093,0.0105457,0.0123914,15,0.157499,0.301674,10.8529,28.5757,1,7.34007,141.579,-0.0468756,0.100374698365877,0.58095,1087.11,0.198365,0.100184,0.226235,1
0.0252071,2,-0.270943,0.062545,0.016237,29,0.44683,0.32806,9.36704,81.1935,2,1.93,226.265,-0.217945,0.275473611393359,0.217219,544.255,0.352729,0.1002,0.120151,1
0.0123222,2,-0.298055,0.0613327,0.0180574,31,0.273776,0.383124,13.1907,45.5218,4,2.69,144.051,0.00272109,0.167251026716243,0.391741,596.484,0.310306,0.100096,0.149005,1
0.00185103,2,-0.101576,0.0474869,0.0183095,32,0.459345,0.260144,10.2671,59.1013,5,1.67,134.555,0.0110366,0.182787115802467,0.169206,505.745,0.432044,0.100268,0.0709663,1
0.0143172,1,0.173929,0.0603738,0.0176868,18,0.47236,0.260378,9.38058,100.721,6,1.56,267.95,0.0236267,0.151942213258107,0.129451,500.877,0.370586,0.100497,0.033757,1
0.0148432,1,-0.203577,0.0478319,0.0246908,17,0.259363,0.439084,7.37554,22.7849,7,3.86,71.5697,0.199054,0.138596180011183,0.17871,725.643,0.312353,0.100013,0.103479,1
0.000652498,2,0.0421642,0.00960574,0.016979,30,0.231346,0.335853,14.8433,113.174,8,9.11011,1068.68,-0.170591,0.0639852606597651,0.785017,1313.06,0.103991,0.100098,0.236438,1
0.015246,1,-0.061757,0.00724916,0.0221651,22,0.298205,0.462757,7.55533,109.947,9,5.43003,530.453,0.0669549,0.0711890587779913,0.426503,928.697,0.203444,0.100055,0.158626,1
0.0288106,4,-0.205355,0.011846,0.017441,25,0.483247,0.357592,12.6296,56.9561,10,1.74,144.355,-0.159403,0.20148930232568,0.332607,511.167,0.389251,0.100566,0.109537,1
0.00417732,4,0.276524,0.0786984,0.0168114,15,0.424228,0.458192,9.946,122.001,11,1.44,302.395,0.345364,0.162348061835124,0.0985011,459.643,0.396307,0.100132,-0.0140479,1
0.0155782,4,-0.0857771,0.0515276,0.013167,31,0.33499,0.192388,7.12597,72.9891,12,3.72,314.086,0.332686,0.145872394661987,0.298144,738.956,0.228313,0.10015,0.147986,1
0.0172374,3,0.111883,0.0510409,0.0180324,23,0.361833,0.38244,7.99361,79.6991,14,2.38,219.344,0.0772211,0.174243548879518,0.131615,576.419,0.356718,0.100076,0.0342095,1
0.0172613,1,0.135907,0.0313258,0.0120129,12,0.185226,0.382095,13.1445,44.6607,15,3.81,148.152,0.0819164,0.0934008102369474,0.407338,695.676,0.296094,0.100125,0.120426,1
0.0136701,1,0.131321,0.0739638,0.0226809,16,0.242641,0.165143,11.4001,82.9648,16,3.1,350.901,-0.367093,0.153450484867704,0.404124,655.972,0.23229,0.10015,0.138804,1
0.0212878,3,0.102536,0.067504,0.0195955,13,0.209272,0.292786,9.68069,80.22,17,3.7,305.403,-0.054028,0.144292288967826,0.323473,711.286,0.257953,0.100106,0.122114,1
0.0228141,3,0.228357,0.0250486,0.0202972,14,0.305727,0.349748,12.4698,113.016,18,3.3,516.984,-0.243484,0.119880547706631,0.532982,680.831,0.214919,0.100218,0.135859,1
0.0262976,2,-0.277938,0.0218553,0.013106,27,0.408806,0.175407,10.8166,55.612,19,2.3,176.197,0.209942,0.227557792108905,0.3267,549.287,0.310017,0.100126,0.146419,1
0.0153533,2,-0.26824,0.0232182,0.0218518,21,0.183852,0.39598,12.7025,81.497,20,8.5501,549.31,-0.410729,0.0829908662391492,0.678819,1204.84,0.145588,0.10003,0.260539,1
0.0216479,1,0.106008,0.0744002,0.0187453,22,0.28571,0.142653,10.7645,110.027,21,3.05,530.337,-0.280881,0.184344521051533,0.42273,660.062,0.204164,0.100314,0.169999,1
0.00272127,3,0.152356,0.0346963,0.0185829,32,0.472327,0.203386,14.2728,60.0865,22,1.32,155.53,0.494452,0.185598891058459,0.283756,460.226,0.379852,0.100227,0.022415,1
0.0148158,3,-0.0308944,0.0589306,0.0108896,24,0.422593,0.259033,6.36174,45.2182,23,2.58,130.998,0.212737,0.218444017230647,0.0915317,623.3,0.338777,0.100045,0.0416528,1
0.00974757,2,-0.183701,0.0240697,0.0110267,9,0.287157,0.222213,9.40024,99.1483,24,7.77008,908.208,0.404762,0.096394591101422,0.683058,1231.39,0.107253,0.100147,0.314693,1
0.0187634,4,-0.152969,0.0130489,0.0242448,32,0.345596,0.326136,8.29717,87.562,25,3.99,361,0.340279,0.131372764185079,0.394609,766.044,0.237974,0.100012,0.14853,1
0.00439788,1,0.107474,0.0177939,0.0171399,14,0.19099,0.485536,13.9178,68.7394,26,5.74004,333.508,-0.101898,0.0932590457012344,0.606418,914.636,0.20241,0.100106,0.157056,1
0.0193402,3,0.0571493,0.0665599,0.0119562,26,0.157012,0.42394,10.4145,59.0167,27,5.63003,294.077,-0.0819929,0.11108450622609,0.477092,914.985,0.196971,0.10005,0.133432,1
0.00171987,1,-0.173233,0.0776302,0.024477,30,0.37682,0.271638,10.4232,82.926,28,2.13,267.863,0.75291,0.174471163671881,0.284421,546.579,0.304467,0.100252,0.127202,1
0.0122022,3,0.279922,0.0671161,0.0179121,29,0.421195,0.440382,5.88028,122.863,29,2.4,383.695,-0.176159,0.203390725436351,0.0652801,620.19,0.314365,0.100076,0.00484204,1
0.00352371,2,0.267386,0.0630571,0.0148391,12,0.371663,0.260804,8.34881,62.4998,30,2.02,181.087,0.105952,0.160262449639023,0.124544,539.362,0.339544,0.100285,0.0237763,1
0.00490607,4,-0.174932,0.027543,0.0222226,16,0.282534,0.322611,12.6086,46.3861,31,2.88,134.611,0.0790534,0.129522042726071,0.35839,591.899,0.338245,0.100059,0.112463,1
0.00783474,4,-0.0232,0.0553422,0.0158028,19,0.391533,0.365541,8.17396,66.8758,32,2.18,165.497,-0.0370217,0.165386381697374,0.0961608,538.477,0.397015,0.100152,0.0173742,1
0.0121191,3,-0.105656,0.0575405,0.0172398,13,0.240817,0.259369,11.8025,24.8683,34,2.71,69.2552,-0.155866,0.170786758671183,0.241863,572.918,0.353331,0.100304,0.0601732,1
0.027533,4,0.11433,0.0318288,0.0114975,18,0.387168,0.321557,6.67996,38.0823,35,2.73,106.229,0.153908,0.202192599325154,0.10679,626.697,0.352623,0.100268,0.0284194,1
0.0016731,3,-0.255353,0.0100748,0.0202263,19,0.162529,0.490737,10.4024,29.6477,36,7.24007,110.722,0.054346,0.0599066983472996,0.445845,1057.45,0.262762,0.100032,0.196557,1
0.0235562,2,0.0356554,0.0645989,0.0243126,15,0.156703,0.177432,10.9803,127.087,37,11.3702,1627.76,0.0532722,0.110516087420733,0.747225,1619.44,0.0766229,0.100041,0.41234,1
0.0187465,1,0.0185693,0.0161395,0.0163047,31,0.251389,0.470536,9.53557,78.3664,38,4.1,273.303,0.0298862,0.103114517925977,0.319997,727.978,0.281912,0.100221,0.0886267,1
0.0216677,4,0.222328,0.0145182,0.0127207,18,0.230233,0.11864,6.01723,98.8696,39,15.7803,2189.91,-0.640038,0.163108817753768,0.738696,2213.02,0.0442951,0.100011,0.469149,1
0.00927018,4,-0.0570471,0.0210943,0.0225556,14,0.416707,0.190068,13.8489,89.5972,40,3.4,514.916,0.117267,0.112984658810489,0.648364,725.258,0.171089,0.100229,0.155386,1
0.0060341,3,-0.0538491,0.0551643,0.0249867,21,0.253019,0.385154,10.4395,79.3926,41,3.36,278.538,-0.168904,0.12602231884934,0.331926,651.627,0.2804,0.10028,0.100275,1
0.0193786,4,-0.111397,0.0643055,0.0150471,31,0.368432,0.188946,11.5534,26.2658,42,2.06,74.3367,-0.0378735,0.209132313614502,0.298568,527.587,0.347267,0.100186,0.0843217,1
0.0156764,2,0.297785,0.0118115,0.0168426,27,0.418206,0.194029,13.2004,38.3685,43,1.94,132.472,0.145941,0.220178810299505,0.421577,535.779,0.285162,0.100363,0.0323068,1
0.017094,2,-0.238212,0.0343023,0.0154138,28,0.433745,0.256834,14.1951,32.1823,44,1.44,72.44,0.0706506,0.289884940425224,0.242889,448.067,0.436288,0.100107,0.0826882,1
0.0172894,2,-0.0744414,0.0650062,0.0138251,23,0.478914,0.214651,12.85,108.947,45,1.46,290.246,0.248493,0.193867704397822,0.291838,483.138,0.368436,0.100056,0.0762751,1
0.00803108,3,-0.22707,0.0183603,0.0139807,31,0.283914,0.343814,13.3584,48.4867,46,3.22,159.175,-0.171428,0.131130256224808,0.444046,644.747,0.298876,0.100017,0.141234,1
0.0174022,1,-0.0050164,0.0729457,0.0242433,17,0.449874,0.21239,6.02108,95.5044,47,2.53,308.887,0.245127,0.174185419793394,0.0961227,628.731,0.304311,0.100328,0.0420989,1
0.017469,4,-0.230733,0.0393048,0.01528,20,0.294342,0.316584,12.4219,81.6658,48,3.23,307.592,-0.0859275,0.154737958662079,0.459986,640.422,0.260841,0.100148,0.169984,1
0.0280621,1,0.201483,0.0627315,0.0145071,13,0.162551,0.12951,13.4922,26.0159,49,3.55,98.8168,-0.0130423,0.171475548558815,0.430889,665.481,0.258658,0.100149,0.183533,1
0.0143704,2,0.183167,0.0620738,0.0113796,24,0.159333,0.256825,12.6078,115.458,50,6.44005,777.874,-0.0233198,0.119335927019121,0.655266,1043.21,0.14566,0.100036,0.282911,1
0.000907173,3,-0.0756091,0.0638278,0.0236928,22,0.297881,0.264015,12.4865,116.606,51,2.92,465.902,0.142372,0.1410746694441,0.450888,643.091,0.246299,0.100315,0.12314,1
0.0133274,3,0.0418472,0.0228615,0.0109973,8,0.331971,0.366948,6.54714,47.0093,52,3.84,146.388,0.163636,0.12456554430281,0.212511,750.911,0.315605,0.100184,0.0889912,1
0.0143301,2,-0.28482,0.056912,0.0164394,29,0.317008,0.132173,9.93117,79.2704,53,3.2,358.508,0.523647,0.191683165762272,0.393528,674.878,0.217176,0.100122,0.190427,1
0.0114234,3,-0.164776,0.0138716,0.022502,25,0.260824,0.447147,13.5657,130.784,54,7.00007,929.163,-0.401451,0.0723701858432308,0.722612,1111.38,0.138203,0.100089,0.217373,1
0.000789653,4,-0.0399552,0.00544416,0.013608,27,0.267665,0.407724,5.20459,81.3631,56,8.94011,537.601,0.165771,0.0683830042243864,0.435197,1328.77,0.148583,0.100077,0.186852,1
0.0235478,4,-0.109653,0.0155914,0.0106207,32,0.319777,0.46558,13.3066,27.0448,57,2.14,55.4348,0.0151908,0.146221306642452,0.240161,526.19,0.480564,0.100411,0.0797622,1
0.0274373,1,0.234071,0.0288264,0.0118335,13,0.334822,0.140604,9.73524,37.9627,58,2.64,137.037,0.319728,0.170833226295223,0.315467,592.438,0.272698,0.100345,0.128269,1
0.0083502,2,-0.0525756,0.020406,0.0128838,32,0.185439,0.464482,8.90747,87.7572,59,7.16007,460.028,0.0225529,0.0767939870497942,0.451906,1059.63,0.187263,0.100065,0.147992,1
0.0144674,2,0.0475232,0.0449431,0.0175032,10,0.299182,0.372922,9.33381,63.4963,60,2.79,180.816,0.0824162,0.113165912307254,0.216976,613.217,0.345313,0.100238,0.0731289,1
0.0109123,1,-0.27724,0.0302023,0.0206881,22,0.494302,0.152627,10.804,104.277,61,2.07,382.431,0.383305,0.21337937083341,0.385125,565.8,0.267785,0.100111,0.171943,1
0.0245129,2,0.159506,0.0752348,0.0102356,11,0.344999,0.392701,13.8314,47.6221,62,1.38,103.005,0.187014,0.204728100170369,0.159185,451.669,0.455063,0.100335,0.0263455,1
0.0198504,4,0.126931,0.0707608,0.0188396,13,0.406007,0.176614,9.52897,46.9824,63,1.75,126.997,-0.615077,0.236918266988321,0.139501,514.332,0.363451,0.100146,0.0350329,1
0.023793,3,-0.0266243,0.0725543,0.0187348,27,0.425943,0.15449,8.51146,101.036,64,2.53,425.899,-0.10246,0.214176644741316,0.327911,627.958,0.233572,0.100365,0.142127,1
0.00268863,1,0.29789,0.018691,0.0106308,9,0.34016,0.249646,9.01189,79.5191,65,3.9,435.418,-0.0781074,0.13844948176633,0.510885,779.405,0.179193,0.10002,0.166806,1
0.00883339,3,-0.192945,0.0579293,0.0235229,8,0.251407,0.421526,8.35894,29.0994,66,3.49,88.7689,0.214204,0.158635846480351,0.203433,673.366,0.321623,0.100013,0.116293,1
0.0024107,4,-0.184539,0.0551762,0.0242017,16,0.242602,0.165676,8.11208,101.84,67,5.67003,677.73,0.297588,0.11934633127618,0.474249,966.469,0.147719,0.100209,0.243012,1
0.0207977,3,-0.228724,0.0135628,0.0164077,25,0.284911,0.210877,8.15614,78.4572,68,6.88006,558.082,0.195563,0.109654571177846,0.570488,1105.38,0.138058,0.100105,0.25881,1
0.00789456,3,-0.167185,0.0520369,0.0199842,10,0.38782,0.246674,9.76635,73.2489,69,2.32,216.635,-0.0574349,0.160831547572102,0.274545,576.713,0.333232,0.100463,0.136488,1
0.0172112,4,0.298205,0.0572332,0.0171735,13,0.388281,0.342136,9.71697,116.511,70,1.85,349.461,-0.040578,0.166640869904782,0.204927,528.661,0.328137,0.100327,0.0417197,1
0.00864211,1,-0.235618,0.0273078,0.0164073,23,0.492541,0.117009,11.6414,80.574,71,2.01,295.161,0.276989,0.222880951497167,0.405045,558.273,0.268747,0.100355,0.158483,1
0.00300536,3,0.146097,0.0388298,0.0105443,15,0.444056,0.212639,14.0855,42.787,72,1.33,103.187,0.0684157,0.179422775221079,0.24536,445.251,0.407063,0.100071,0.0342332,1
0.0110468,4,-0.166513,0.0478358,0.0191358,20,0.490669,0.445131,6.56787,56.0093,73,2.33,156.174,0.186413,0.208453440671413,0.125216,600.906,0.35335,0.100435,0.0696853,1
0.0252308,2,-0.0522165,0.0387451,0.0103923,10,0.205867,0.445258,11.0443,129.973,74,5.60003,685.041,0.30213,0.0785335224449855,0.523624,884.288,0.186139,0.100007,0.183501,1
0.00353016,1,0.00388939,0.0470469,0.0108984,28,0.450654,0.147611,7.02294,57.855,75,2.33,170.567,0.0956875,0.168330242457351,0.118576,589.987,0.333197,0.100135,0.0368009,1
0.0244038,2,-0.233608,0.0128375,0.0183404,12,0.416235,0.400086,14.0872,115.32,76,4.04,672.028,0.105098,0.128330580721534,0.703441,811.354,0.168506,0.100099,0.195437,1
0.00605974,1,-0.274459,0.0179852,0.024708,30,0.458815,0.161057,9.1075,107.95,78,2.77,467.968,0.384691,0.183662821963768,0.401731,654.713,0.226425,0.100057,0.190867,1
0.0140886,1,-0.131612,0.031204,0.014281,8,0.26526,0.138196,7.58404,38.2801,79,5.39003,199.546,0.0317077,0.128747598569811,0.406224,915.351,0.188531,0.100181,0.214962,1
0.00917019,3,0.0403261,0.00793696,0.0210096,11,0.475805,0.389826,8.42993,68.8052,80,2.32,186.854,-0.153343,0.138737943454751,0.251845,585.037,0.361647,0.100115,0.0632536,1
0.011585,3,0.269502,0.0323783,0.0168678,21,0.290581,0.294325,12.9009,53.8444,81,2.3,164.213,-0.221817,0.159153429085361,0.352838,559.395,0.322279,0.100192,0.0702736,1
0.0108118,3,-0.130201,0.0537186,0.0157031,24,0.436987,0.33455,7.45189,101.118,82,2.33,273.729,0.136746,0.173962338567557,0.156815,575.812,0.36248,0.100025,0.0836147,1
0.00956874,3,-0.114328,0.00842314,0.0108292,27,0.497251,0.277946,13.2856,63.9563,83,2.25,219.748,-0.0756237,0.152442264815239,0.520593,572.377,0.28631,0.100278,0.114184,1
0.0161409,2,0.041363,0.029494,0.0239193,8,0.372521,0.141967,8.19925,50.1155,84,3.6,241.746,0.0351953,0.125683981928351,0.405806,734.275,0.203638,0.100133,0.145089,1
0.0175814,1,0.194806,0.0126549,0.0140867,9,0.211031,0.432151,12.666,117.865,85,11.3002,1279.68,0.0211438,0.0637402290747725,0.807883,1623.81,0.0903729,0.10002,0.359374,1
0.0236773,1,-0.221612,0.0628408,0.0116916,27,0.239449,0.412935,12.9861,78.5936,86,3.33,299.646,-0.0119203,0.137733537028463,0.44617,668.353,0.257877,0.100222,0.16405,1
0.0240381,2,0.202525,0.0713628,0.0143353,32,0.452325,0.219934,6.68519,66.6298,87,2.09,207.385,0.385671,0.303903532659677,0.0855207,578.22,0.316522,0.100425,0.0151691,1
0.0214325,1,0.0855846,0.0488711,0.0135617,15,0.38378,0.217955,10.4648,91.6798,88,2.05,280.349,0.117137,0.127456857062496,0.251823,541.639,0.321567,0.100237,0.0766038,1
0.0217095,3,0.0965801,0.0546323,0.0124777,28,0.487187,0.217546,14.1695,85.5018,89,1.32,230.823,-1.21152,0.222353456829061,0.307491,467.499,0.365021,0.100451,0.0567019,1
0.011031,3,-0.203815,0.0326858,0.010063,27,0.395466,0.427535,12.6288,25.3103,90,1.65,52.1351,0.145794,0.226123830123464,0.187932,482.136,0.477878,0.100342,0.0702469,1
0.000515275,3,-0.284805,0.0755773,0.0189951,22,0.389576,0.223679,5.92083,38.819,91,2.98,137.637,0.209501,0.293612854283159,0.124318,673.443,0.277149,0.100169,0.0871338,1
0.0209385,2,-0.266035,0.0757542,0.0242865,10,0.353377,0.495578,5.79344,66.3598,92,3.43,245.235,0.4024,0.199697495031403,0.158009,723.42,0.265672,0.100082,0.116759,1
0.0134345,1,0.0970265,0.0661346,0.010807,26,0.455183,0.189843,13.0429,76.6551,93,1.28,185.552,0.199183,0.17290735224618,0.198757,455.182,0.405768,0.100123,0.0330926,1
0.0218019,2,0.242832,0.00856143,0.0130096,19,0.371966,0.413352,7.23139,130.1,95,3.76,611.772,0.22285,0.11048193932214,0.384118,770.641,0.208752,0.100063,0.120733,1
0.0184537,4,0.208917,0.0374478,0.0103944,26,0.49621,0.325841,14.1016,123.337,96,1.36,357.59,0.360625,0.178287120433323,0.342039,471.516,0.339593,0.100365,0.0191622,1
0.0016386,3,-0.168638,0.00640749,0.011646,11,0.484035,0.107375,8.62382,97.8087,97,4.53001,787.322,-0.100947,0.183487635087947,0.624603,902.928,0.121926,0.100047,0.241019,1
0.022653,1,0.261766,0.0729728,0.0242092,24,0.476316,0.300465,8.09229,27.4303,98,1.56,70.7204,0.0805701,0.228893736240982,0.051366,503.2,0.381513,0.100266,-0.019141,1
9.26005e-05,4,0.0523237,0.0783085,0.0207304,13,0.249667,0.255468,6.22334,75.4975,99,3.93,285.802,0.159951,0.137631387636324,0.131732,753.807,0.259538,0.100153,0.0624788,1
0.0108847,1,0.0790617,0.0722986,0.0153893,15,0.427981,0.11761,13.6116,81.4696,100,1.41,243.762,0.219284,0.201099382328281,0.268595,466.773,0.328538,0.100205,0.0867278,1
0.0219978,2,0.154411,0.00821312,0.0109273,21,0.326384,0.102497,8.47925,105.401,101,10.8202,1984.17,-0.0530371,0.181722381127031,0.785541,1664.7,0.052133,0.100041,0.497015,1
0.00503342,2,0.00390437,0.0263195,0.0159646,19,0.449705,0.168669,13.985,92.2972,102,2.66,483.802,-0.0824703,0.121477450478495,0.592125,621.509,0.187175,0.100013,0.10433,1
0.0067461,4,0.165352,0.0771729,0.0204824,15,0.364394,0.116671,7.30817,106.704,103,2.61,474.573,-0.245679,0.263712173216439,0.205609,632.346,0.220893,0.100146,0.125246,1
0.0142148,1,-0.242784,0.0404716,0.0137157,15,0.160534,0.265516,10.0734,108.792,104,11.5702,1106.4,0.147115,0.0818181675078195,0.692494,1554.6,0.0965289,0.10007,0.341425,1
0.0194948,3,-0.164371,0.0154809,0.0155118,24,0.404816,0.347805,6.46237,98.8917,105,3.48,334.712,-0.481476,0.133247423395325,0.240532,721.995,0.289894,0.100019,0.146759,1
0.0244703,2,-0.19641,0.0195375,0.013722,12,0.367625,0.471368,9.55346,98.3869,106,3.18,337.11,-0.282961,0.123771274096249,0.387519,677.563,0.286656,0.100121,0.16222,1
0.00224959,2,0.22411,0.0189832,0.0244207,31,0.296964,0.473812,6.7044,84.529,107,3.7,292.859,-0.445992,0.139283517280602,0.196922,731.267,0.283492,0.100121,0.0697725,1
0.0135145,4,-0.284233,0.0458868,0.0153543,20,0.396414,0.260358,10.7074,91.6988,108,2.21,282.748,0.172734,0.206740983545442,0.309232,565.938,0.319298,0.10036,0.152668,1
1.29925e-05,1,0.0503917,0.0794352,0.0216957,12,0.151342,0.12703,9.42512,89.3735,109,7.08007,722.45,0.421004,0.129861962939241,0.55213,1077.38,0.121425,0.100055,0.271178,1
0.0194041,1,0.273774,0.0510678,0.0215045,31,0.421114,0.214979,7.79721,71.2202,110,1.99,218.52,0.297887,0.191712781345312,0.121323,552.942,0.319732,0.100001,0.030428,1
0.0249892,3,0.0379714,0.0778338,0.0205972,25,0.418727,0.492498,8.02313,58.2053,111,2.15,183.283,0.424803,0.175476451991326,0.171357,573.056,0.312443,0.100291,0.0469162,1
0.0113454,1,-0.177964,0.0378849,0.0196802,31,0.239199,0.14662,10.121,60.2468,112,5.57003,365.992,0.0682537,0.154322407043371,0.538961,906.15,0.161536,0.100031,0.224498,1
0.00915817,2,-0.213207,0.070799,0.0245149,23,0.296531,0.120825,5.40937,75.251,113,4.82002,418.881,0.022258,0.198437492867059,0.250813,891.149,0.176301,0.100038,0.174614,1
0.0111846,1,-0.0161833,0.0531697,0.0248235,14,0.193312,0.344891,13.9983,84.6554,114,4.2,363.693,-0.0451454,0.102816783365598,0.499724,744.813,0.228847,0.100221,0.0895437,1
0.00293724,4,0.213267,0.0285018,0.0202821,32,0.223447,0.268361,6.90215,47.739,115,4.80001,189.182,0.001469,0.123601705408053,0.263976,844.853,0.247705,0.100062,0.131534,1
0.0101625,3,0.0314021,0.00958417,0.0214939,15,0.220404,0.401729,9.43969,102.881,116,10.4201,927.106,-0.413206,0.0581705885250222,0.690294,1482.9,0.108909,0.100043,0.259512,1
0.00394428,2,-0.202503,0.00563103,0.0203888,27,0.391867,0.458808,8.79253,128.946,117,4.94002,698.382,0.372485,0.0928511382642171,0.58342,913.843,0.181184,0.100032,0.192379,1
0.0105769,1,0.210088,0.0702202,0.0213622,29,0.380127,0.193369,13.4313,32.3129,118,1.34,76.659,0.0602781,0.210590539059065,0.178706,451.751,0.416364,0.100691,0.0307412,1
0.00045597,4,0.111116,0.0277242,0.0154195,32,0.338776,0.331762,7.05927,52.3531,119,3,146.065,-0.0188002,0.148718249080821,0.125589,640.65,0.352509,0.100255,0.0405331,1
0.0204414,1,0.089302,0.053959,0.0151349,16,0.338312,0.420276,9.15901,113.373,120,2.27,298.066,0.0536894,0.135927420905471,0.155095,563.93,0.373755,0.100166,0.0469665,1
0.0164134,2,0.0455152,0.0761314,0.0203874,24,0.240875,0.224488,11.3415,128.907,121,4.11,703.949,0.0224455,0.160330998095198,0.524733,786.418,0.18003,0.100217,0.202758,1
0.00291567,1,0.181757,0.061254,0.0155054,25,0.260938,0.260098,13.0461,82.8225,122,2.56,286.33,0.383251,0.150290085563957,0.394653,589.772,0.284724,0.10034,0.100139,1
0.017413,1,0.0342512,0.0606427,0.0156053,11,0.318458,0.196911,9.29094,107.222,123,2.97,438.734,0.341281,0.113610541114208,0.322598,636.913,0.240441,0.10029,0.126924,1
0.00691528,1,0.260489,0.0120036,0.0109568,20,0.399078,0.150134,12.503,38.7824,124,2.26,147.944,-0.0614183,0.219076433842916,0.445927,571.818,0.258322,0.100451,0.0799292,1
0.0113267,1,-0.0808182,0.0732699,0.0116497,25,0.256306,0.464986,5.83369,119.613,125,4.59001,494.618,0.0283104,0.136844653944411,0.185976,859.351,0.237544,0.10013,0.114887,1
0.0196122,2,-0.00429396,0.00677039,0.0116297,9,0.347789,0.11863,6.4937,40.8507,126,9.03011,403.957,0.0986264,0.119453657963312,0.654429,1369.65,0.0993076,0.100103,0.193978,1
0.0118835,3,-0.264615,0.0532276,0.0118349,16,0.217936,0.341069,11.2808,106.38,127,4.69001,503.601,-0.0978847,0.126561464210295,0.496559,819.032,0.207632,0.100196,0.203767,1
0.0138249,3,0.193371,0.0101604,0.0106637,26,0.172677,0.417284,6.1852,131.732,128,16.0303,1653.21,-0.262224,0.0654699330395357,0.673098,2137.06,0.0782107,0.100054,0.39638,1
0.0221366,3,0.180508,0.0696187,0.012448,23,0.466011,0.238617,7.88974,24.0364,129,1.72,63.8299,-0.0692593,0.306496580763484,0.0738724,519.618,0.369455,0.100011,-0.00255847,1
0.0141718,2,-0.148519,0.0216485,0.0158554,28,0.310055,0.271323,14.319,84.4111,130,3.8,403.171,-0.0811627,0.127479115845129,0.598364,733.129,0.205729,0.100165,0.155349,1
0.0151998,2,-0.224856,0.0644932,0.0146057,17,0.358981,0.236427,8.41796,92.4101,132,2.62,292.533,0.0505827,0.182702844984815,0.229282,618.87,0.310347,0.100146,0.13317,1
0.0197218,4,0.0587203,0.0394491,0.0148709,21,0.339746,0.427187,11.2621,50.455,133,1.99,118.541,0.158262,0.17493712415793,0.175543,510.243,0.41843,0.100211,0.0300872,1
0.0014531,4,0.157241,0.0658882,0.0144077,9,0.186995,0.156565,8.15732,41.8797,134,4.19,172.944,-0.159367,0.117269780862571,0.260013,751.441,0.237726,0.100071,0.142384,1
0.0236341,2,0.0920008,0.0212104,0.0168132,29,0.425101,0.345659,13.8794,90.6941,135,1.82,264.724,0.216093,0.133877463081555,0.381198,518.207,0.337554,0.100436,0.0493563,1
0.0130589,2,-0.0201526,0.039597,0.0229452,27,0.474369,0.162821,9.23598,27.7851,136,1.73,62.5607,-0.273828,0.206531980188371,0.123771,513.337,0.435858,0.100038,0.0331836,1
0.0296668,4,-0.190708,0.016616,0.0156855,17,0.171037,0.499649,7.42204,102.761,137,13.0902,887.13,0.176107,0.0797170549269233,0.605882,1736.62,0.113688,0.100047,0.298542,1
0.0275101,1,-0.116317,0.0756672,0.0170654,24,0.481321,0.260017,10.3233,112.162,138,1.55,279.072,0.0615643,0.22647360893695,0.18943,500.695,0.395548,0.100323,0.0815263,1
0.0175576,1,-0.269703,0.0441114,0.0141364,22,0.193714,0.485316,12.8846,44.1463,139,4.14,159.146,-0.0146857,0.0890187194578305,0.430615,724.815,0.272146,0.100008,0.164428,1
0.0270901,4,0.033405,0.0775746,0.0181706,25,0.235597,0.436272,11.0471,41.2555,140,3.16,139.881,0.0139915,0.123044416367998,0.353727,647.29,0.289711,0.100132,0.0764661,1
0.00919024,3,-0.0108348,0.0562566,0.0219162,10,0.498038,0.189005,13.0519,75.4854,141,1.49,214.121,-0.151357,0.147140131765143,0.328382,482.583,0.346577,0.100214,0.0823083,1
0.0106755,1,0.169538,0.0535045,0.0171556,20,0.326754,0.243656,5.48974,102.67,142,3.74,434.935,-0.154238,0.13372019078375,0.155526,756.363,0.231833,0.100112,0.0756597,1
0.000574907,3,-0.215286,0.0785172,0.0231263,22,0.459134,0.303507,11.8757,94.8601,143,1.44,233.515,0.0131705,0.230048525099811,0.214959,483.172,0.398754,0.100062,0.0924602,1
0.0205598,4,-0.281543,0.0575628,0.0122551,19,0.363296,0.26171,11.4702,33.27,144,1.94,85.9005,-0.198608,0.304591874408471,0.228985,511.154,0.380505,0.100146,0.103133,1
0.00467056,4,-0.115429,0.0744918,0.0117142,29,0.214314,0.157244,6.07658,58.9854,145,5.99004,345.822,0.0459992,0.160931684378491,0.316292,991.695,0.167602,0.100166,0.189424,1
0.0286332,4,-0.231979,0.0539743,0.0180589,19,0.487143,0.116802,9.6328,87.7767,146,1.97,310.021,0.1432,0.229782173367691,0.297615,556.512,0.278395,0.100232,0.142769,1
0.00398434,1,-0.278153,0.0578909,0.0101875,26,0.45646,0.125788,8.58043,76.075,147,2.08,234.384,0.242644,0.257564109135018,0.213916,558.541,0.319614,0.100379,0.139441,1
0.0084344,4,0.0483487,0.0052119,0.013758,23,0.395486,0.350005,10.9267,123.92,148,9.28012,1431.5,-0.271894,0.0922317446591764,0.826833,1511.94,0.0849241,0.100003,0.148108,1
0.0281517,2,0.278359,0.0501811,0.0169427,28,0.425365,0.131122,7.11835,25.0594,149,2.05,74.0799,-0.245244,0.388510944885879,0.0737011,554.744,0.331853,0.100001,0.0149677,1
0.0230722,2,-0.165361,0.0328489,0.0217276,27,0.204392,0.486884,12.3201,22.8592,150,3.92,67.1014,-0.0465252,0.105832918972053,0.368865,677.433,0.334831,0.100191,0.113634,1
0.014045,2,-0.176479,0.0642078,0.0138607,19,0.339136,0.432539,13.9462,24.8404,151,1.61,57.8075,0.224186,0.208929319556887,0.196498,469.904,0.42409,0.100604,0.0698688,1
0.016303,1,-0.24119,0.030606,0.0148274,27,0.324242,0.269448,7.64003,78.6324,152,3.72,284.042,-0.035248,0.158220840310988,0.286876,717.389,0.271902,0.100121,0.160024,1
0.0168824,4,0.139129,0.0548328,0.0154691,29,0.345754,0.438666,9.76526,102.045,153,2.26,298.498,0.194109,0.180451459797997,0.237666,568.368,0.335878,0.100153,0.0704293,1
0.0217841,2,-0.258131,0.0407548,0.0115699,28,0.476696,0.185711,7.26243,39.6903,154,2.24,113.613,-0.0520019,0.335477146382831,0.145015,570.518,0.343467,0.100221,0.0943859,1
0.0118952,2,-0.10963,0.0694232,0.0173383,13,0.178208,0.228879,5.61668,96.0233,156,7.56008,622.083,0.114176,0.117126686206628,0.317416,1157.2,0.151508,0.100055,0.186278,1
0.00481513,2,0.239181,0.0635681,0.0113978,8,0.259397,0.345773,8.71445,117.257,157,3.34,492.127,-0.0352977,0.113165260583544,0.333678,675.229,0.233794,0.100024,0.142455,1
0.0100803,2,0.142273,0.0215408,0.0144035,30,0.43412,0.382737,7.47351,72.6254,158,2.26,194.57,0.0149063,0.156742492826643,0.119914,563.566,0.366879,0.100194,0.0173638,1
0.019067,4,-0.0934545,0.0775238,0.022487,29,0.299596,0.486309,6.74689,45.5574,159,3.58,153.514,0.108546,0.132241009691588,0.211608,723.482,0.29124,0.100039,0.0974389,1
0.00850267,4,-0.0941032,0.0722712,0.0145216,25,0.250236,0.372478,11.8774,36.084,160,2.82,124.066,0.110906,0.137367492613509,0.331102,601.393,0.285794,0.100166,0.103635,1
0.025699,1,-0.228103,0.034834,0.0157723,24,0.214406,0.4866,11.3235,106.982,161,5.23002,489.545,0.0362697,0.0857392702852773,0.510784,849.546,0.214746,0.10017,0.200843,1
0.0137492,3,0.255228,0.0525405,0.0129817,20,0.290533,0.284864,11.0052,31.6239,162,1.98,75.543,-0.0941033,0.213312387872269,0.158851,497.347,0.411668,0.100244,0.0416216,1
0.000941662,4,-0.235307,0.0661585,0.0168338,24,0.215917,0.15103,11.4038,120.017,163,6.10004,970.608,-0.315055,0.129113547174429,0.632226,986.366,0.121421,0.100098,0.325879,1
0.0170046,1,-0.0746123,0.0588666,0.0209984,20,0.263521,0.472366,12.3919,50.4165,164,2.53,144.631,0.00188071,0.142582724235356,0.284343,571.555,0.342688,0.100212,0.079852,1
0.00629568,3,0.047052,0.0340201,0.0208186,19,0.442458,0.282459,6.3699,70.9051,165,2.62,207.243,0.506095,0.14536809692873,0.114097,615.182,0.335966,0.100099,0.0342023,1
0.021958,4,0.122337,0.0112329,0.0198752,14,0.458216,0.106657,6.47536,54.5876,166,3.41,302.624,0.262674,0.233139093270046,0.341682,744.671,0.177015,0.100034,0.143023,1
0.0225491,4,0.273495,0.0560987,0.0162283,27,0.378252,0.305079,9.97365,67.8118,167,1.83,188.19,0.228133,0.242152473567043,0.189457,522.544,0.355292,0.100509,0.0303791,1
0.0222043,4,0.0547818,0.0634009,0.0196312,14,0.405986,0.203271,13.3837,22.0659,168,1.47,53.2914,-0.0950431,0.235866080678478,0.235202,470.359,0.406196,0.100001,0.0335354,1
0.0265606,3,-0.00599233,0.039161,0.0150718,31,0.410972,0.459973,9.52317,87.7133,169,2.07,218.815,0.446679,0.166518787166287,0.186345,526.562,0.394599,0.100346,0.0514434,1
0.0183982,4,-0.0742892,0.0354348,0.018122,19,0.183273,0.499535,8.53596,90.3418,170,6.39005,429.742,0.179873,0.10480482878063,0.396635,983.136,0.206496,0.100129,0.164322,1
0.0110155,1,-0.269,0.0326406,0.0191119,32,0.365145,0.165749,10.403,112.884,171,3.54,606.621,-0.209322,0.15547610401823,0.507715,714.879,0.182806,0.10014,0.222351,1
0.00816641,3,-0.0628484,0.00796681,0.0249816,24,0.358961,0.354599,12.2607,37.3862,172,2.41,92.957,-0.0504185,0.121036282004571,0.332948,559.77,0.395384,0.100212,0.0726883,1
0.0251792,3,-0.211388,0.0356223,0.0129059,8,0.358292,0.174465,5.52152,102.538,174,5.97004,750.635,-0.0343801,0.139577800837775,0.447561,1034.23,0.134012,0.100004,0.29221,1
0.00829471,4,-0.297153,0.0106265,0.0198237,10,0.21306,0.29146,12.6902,79.7003,175,14.9702,1049.77,0.0887091,0.0570062456825468,0.830012,1981.26,0.0745075,0.100038,0.443929,1
0.0295309,1,0.273804,0.0406759,0.0171747,12,0.242391,0.33211,9.50301,57.8065,176,3.07,187.512,0.173543,0.0893738842052169,0.268036,617.053,0.303232,0.100267,0.115465,1
0.0227754,3,0.0928579,0.00656081,0.0161861,26,0.334346,0.145447,7.32239,119.996,177,13.7502,2596.07,0.127842,0.0928989512018732,0.80148,2027.03,0.0453673,0.100051,0.441982,1
0.0275116,4,-0.254951,0.011321,0.0124561,23,0.232385,0.346246,13.973,62.1732,178,7.37007,401.402,0.144319,0.103836231445596,0.711377,1096.51,0.152162,0.100141,0.246721,1
0.0127574,3,-0.178473,0.0149203,0.0225125,8,0.385755,0.363016,14.0654,35.954,179,2.87,126.495,-0.24151,0.147930839479623,0.552362,623.761,0.279058,0.100081,0.11772,1
0.0223865,3,-0.104719,0.0555636,0.0159937,12,0.355491,0.319306,13.8615,113.211,180,2.17,362.82,-0.00806234,0.145249426501394,0.413841,540.628,0.306742,0.100209,0.103865,1
0.0198167,1,0.147036,0.0413935,0.0219024,10,0.460975,0.3707,7.8724,64.7972,181,2.02,167.121,-0.30272,0.139929876911093,0.148996,535.28,0.38099,0.100166,0.0403329,1
0.00569838,4,-0.00272628,0.069261,0.0228307,21,0.367131,0.471221,13.257,41.4091,182,1.59,103.348,-0.251081,0.167834304106128,0.209802,460.205,0.395371,0.100587,0.0343598,1
0.0123461,1,-0.274083,0.052107,0.0145782,23,0.336557,0.135217,14.0408,123.641,183,3.26,728.1,0.275785,0.185606084683979,0.592499,687.686,0.166941,0.100213,0.254282,1
0.0213353,4,-0.000486021,0.024883,0.0218169,28,0.368635,0.11328,8.13633,61.2275,184,4.32,373.914,0.19364,0.157563133200317,0.47983,830.602,0.160832,0.100122,0.149172,1
0.0190331,1,-0.24919,0.00721631,0.0187046,19,0.22844,0.464246,8.51947,73.3694,185,8.91011,468.099,0.212641,0.0696428404059836,0.597899,1288.05,0.153859,0.100063,0.250053,1
0.0275989,4,-0.157918,0.0119079,0.0217462,11,0.448429,0.32759,14.0375,44.6306,186,2.23,140.352,-0.217682,0.16557643722114,0.496207,567.284,0.313055,0.100354,0.119367,1
0.0076832,4,0.233252,0.0232776,0.0238697,9,0.274197,0.207713,11.2123,92.2128,187,5.95004,789.177,0.124808,0.126080086033505,0.685868,1022.56,0.114689,0.100054,0.282356,1
0.0298524,3,0.224929,0.0627097,0.0181422,22,0.387045,0.167324,7.79689,82.9082,188,2.41,314.686,-0.199638,0.264186919720533,0.22532,608.651,0.259091,0.100245,0.0920305,1
0.000755668,3,0.106334,0.0276933,0.0162016,28,0.191584,0.267381,10.05,31.4323,189,4.45001,109.522,0.0374676,0.0883697867257145,0.329835,730.07,0.281959,0.100148,0.126189,1
0.0269538,4,-0.263907,0.070753,0.0195741,11,0.401407,0.143658,7.55271,50.535,191,2.53,177.851,0.288715,0.247434005579645,0.201911,603.318,0.279433,0.100247,0.125194,1
0.0129996,1,0.0560692,0.0649529,0.0228744,11,0.489858,0.404435,6.47427,47.9912,192,2.13,127.854,0.129306,0.151764784128194,0.0770393,571.59,0.369615,0.100376,0.02331,1
0.0255494,3,-0.203282,0.0430279,0.0190951,28,0.403685,0.423213,8.57185,37.6778,193,2.31,97.2108,0.0306889,0.220967135967481,0.187057,577.369,0.380331,0.100028,0.0937946,1
0.0136788,1,0.21362,0.017639,0.0202127,21,0.442694,0.373628,14.477,62.1479,194,1.68,187.763,0.0283033,0.134616725408112,0.406458,493.247,0.325746,0.100321,0.0229967,1
0.00897223,3,0.275328,0.0417111,0.0223957,16,0.155525,0.266729,10.545,50.5551,195,5.33003,230.164,0.144621,0.118449298013737,0.491976,862.691,0.215521,0.100021,0.214081,1
0.017127,1,-0.23517,0.059245,0.0132907,8,0.429931,0.452313,6.62524,25.6061,196,2.62,72.5714,0.233917,0.227682113574484,0.152606,623.393,0.346976,0.100243,0.101739,1
0.00355152,3,-0.0252838,0.015719,0.0112738,23,0.368144,0.307914,14.796,77.5667,197,2.99,323.104,-0.146358,0.11261742314211,0.572477,646.176,0.236092,0.100249,0.0840117,1
0.0170708,1,-0.190306,0.00833696,0.0126513,10,0.390117,0.203613,7.69241,102.95,198,8.5101,1127.69,-0.960022,0.110274922408719,0.724598,1389,0.0895595,0.100001,0.305476,1
0.00192036,1,0.101322,0.0352221,0.0155121,27,0.215922,0.249695,8.76883,114.215,199,6.55006,774.302,0.00389776,0.100150908231757,0.538512,1052.53,0.144785,0.100056,0.21532,1
0.0209337,4,0.27114,0.0338485,0.0182099,23,0.222292,0.160578,14.2404,46.7674,200,4.78001,273.649,0.146123,0.16851697801099,0.656948,852.244,0.167916,0.100156,0.210987,1
0.0200931,1,-0.105938,0.0369305,0.0249225,21,0.423712,0.341346,8.61326,51.4638,1,2.12,120.846,0.180936,0.177881633921403,0.143476,285.506,0.418675,0.100216,0.060847,1
0.00137911,1,-0.241318,0.0194976,0.0139394,8,0.426888,0.173786,6.3822,29.7932,2,3.19,96.7064,-0.0617252,0.244149192730157,0.208193,350.284,0.303033,0.100267,0.134872,1
0.0176982,3,0.198548,0.0773668,0.0244636,32,0.337641,0.379829,6.96297,71.0514,3,2.97,276.837,0.569609,0.164758471776058,0.234468,374.135,0.252447,0.100266,0.10835,1
0.00421992,4,0.0645772,0.031763,0.0101797,15,0.49923,0.397088,12.2286,98.1442,4,1.45,236.578,0.261358,0.149029709661791,0.251392,256.212,0.407144,0.100044,0.0449123,1
0.00876784,2,0.0711894,0.0763728,0.0215635,8,0.395002,0.298212,8.89796,28.9078,5,1.91,71.4926,0.262686,0.162691312043657,0.125419,268.579,0.398159,0.100377,0.0478711,1
0.00429385,2,-0.110559,0.0328498,0.0172524,23,0.261927,0.16117,14.8636,61.0176,6,4.43001,339.783,0.105502,0.128624508625923,0.626767,426.204,0.176201,0.10002,0.153714,1
0.00899217,2,-0.00268023,0.071434,0.0186269,21,0.254647,0.264423,12.9014,43.1752,7,2.38,129.002,0.216188,0.151470180837193,0.278429,290.082,0.32841,0.100025,0.0812554,1
0.00163413,3,0.0231343,0.0614321,0.0189649,20,0.404246,0.339943,8.20826,37.7574,8,2.04,96.1404,-0.109716,0.166082571242544,0.0872818,283.58,0.385339,0.100018,0.0179051,1
0.00347616,4,0.0389746,0.0408562,0.0223004,13,0.410118,0.177081,10.9171,47.1397,9,1.86,123.335,0.485871,0.147335941240971,0.221905,258.309,0.377182,0.100597,0.0551756,1
0.019087,4,0.150648,0.0440312,0.0188517,32,0.168112,0.468944,13.3943,61.4279,10,5.55003,293.907,0.105865,0.101301228147767,0.598619,520.476,0.205072,0.100019,0.179747,1
0.00614658,4,0.077487,0.0497229,0.0162443,13,0.420029,0.489099,8.3282,129.394,11,2.07,331.264,-0.136763,0.139221872926752,0.13882,300.042,0.384085,0.100235,0.0392593,1
0.000535963,1,0.162027,0.0706065,0.0225294,29,0.37219,0.181981,14.262,100.967,12,1.7,329.613,0.426442,0.194910324198638,0.368408,271.322,0.302177,0.100558,0.0735171,1
0.0108745,3,0.0899352,0.0447737,0.011215,13,0.187119,0.431419,13.4649,99.0703,13,4.15,394.342,-0.0372172,0.105854671142649,0.481826,406.347,0.246695,0.100097,0.121773,1
0.00875528,2,-0.264995,0.0553304,0.0217903,24,0.493978,0.221846,6.96248,126.367,14,2.42,434.591,-0.186113,0.219964297153768,0.222073,331.834,0.286058,0.100284,0.141699,1
0.0234257,1,0.066935,0.066724,0.0134533,21,0.360417,0.293048,13.8281,60.3889,15,1.48,137.086,0.00615338,0.166597033905157,0.197783,237.296,0.432182,0.100007,0.0346945,1
0.0143676,3,0.28952,0.0144431,0.0223703,31,0.304763,0.490595,6.32873,50.4088,16,3.47,155.631,0.0127557,0.132660727765427,0.13151,360.915,0.318451,0.100222,0.040122,1
0.00260804,1,0.126517,0.0320157,0.0190334,17,0.474112,0.261101,9.66757,28.6459,17,1.56,59.6005,-0.0617634,0.160109941531181,0.0992406,242.654,0.473024,0.100323,-0.000893354,1
0.0109614,3,-0.225955,0.0441901,0.0188934,26,0.39898,0.463671,7.04626,24.6432,19,2.65,65.2497,0.0721271,0.212516832279219,0.13059,314.405,0.371243,0.100201,0.0731136,1
0.00966169,3,-0.197639,0.0144384,0.0194304,17,0.303717,0.386458,10.5867,119.245,20,5.68004,733.269,-0.189809,0.0893020900399126,0.622859,511.817,0.159806,0.100173,0.224359,1
0.00158304,3,-0.187835,0.0296128,0.0231299,19,0.188785,0.302253,10.7773,107.66,21,9.78013,934.101,-0.254016,0.0708091486714982,0.686808,782.133,0.113148,0.100073,0.291894,1
0.00696972,2,0.173419,0.0243408,0.0183247,12,0.216914,0.460372,10.7877,44.6463,22,3.64,139.681,0.121117,0.109080729386301,0.33391,365.6,0.314115,0.100178,0.111971,1
0.0115025,2,0.252679,0.017358,0.0223113,17,0.151431,0.355099,9.90253,64.6048,23,9.27012,438.912,-0.0855829,0.0907479365864143,0.642171,741.795,0.144529,0.100092,0.28404,1
0.0199947,4,-0.0683025,0.036591,0.0150227,20,0.477846,0.190762,7.60651,85.7808,24,2.31,264.757,-0.164437,0.150121867646133,0.203231,306.724,0.318687,0.100266,0.101492,1
0.0140479,1,-0.230962,0.0338175,0.0136817,9,0.456468,0.428987,7.29566,57.6036,25,2.53,164.547,0.0652983,0.178477348960004,0.206382,323.014,0.343453,0.100009,0.130924,1
0.00974893,3,-0.243499,0.0764743,0.0152944,15,0.241408,0.142657,7.19164,80.0602,26,4.66001,418.108,-0.000130396,0.189616487904778,0.325525,457.327,0.187962,0.100063,0.195242,1
0.0207084,1,-0.135287,0.0334577,0.0171555,13,0.470962,0.26856,6.43051,124.273,27,3,467.173,0.195523,0.143680087835295,0.261587,358.478,0.261265,0.100118,0.155152,1
0.0282246,1,0.0504635,0.0284656,0.0189706,10,0.252763,0.210561,6.69051,75.0381,28,6.47005,493.7,-0.29863,0.0822083231191881,0.430575,553.487,0.149157,0.100036,0.21994,1
0.0125416,4,-0.10525,0.0106064,0.0239523,24,0.341715,0.278861,8.44908,118.286,29,5.77004,800.473,-0.0615203,0.0892099959249755,0.580909,530.46,0.145172,0.100145,0.181492,1
0.0199628,1,-0.182684,0.0253261,0.0198742,28,0.343557,0.396671,14.5009,122.587,30,3.21,524.498,-0.0868422,0.126494032443471,0.577562,380.732,0.229743,0.100201,0.152909,1
0.022253,4,0.146553,0.0177805,0.0108856,15,0.24446,0.323578,12.7398,60.3762,31,4.60001,288.442,0.196525,0.108876467889858,0.576719,445.938,0.205647,0.100149,0.143478,1
0.0209068,3,-0.0988395,0.00777753,0.0228773,22,0.292292,0.348285,12.0696,78.5886,32,6.28005,497.423,-0.297429,0.0838809917008737,0.682584,548.6,0.155082,0.100059,0.174814,1
0.00300004,3,0.288795,0.024736,0.0224392,13,0.445057,0.3807,6.11701,70.0605,33,2.55,230.078,-0.313107,0.147380994092182,0.125982,352.752,0.299415,0.100232,0.0114809,1
0.0208475,1,0.194086,0.0606879,0.0146827,17,0.194919,0.208906,5.19494,46.7876,34,5.86004,223.43,0.223791,0.112780040895159,0.199218,517.303,0.205589,0.100079,0.128609,1
0.0169324,2,-0.244605,0.0741179,0.0122364,28,0.449622,0.276868,14.0329,108.921,35,1.44,290.623,0.201868,0.250640372379982,0.315784,275.332,0.368032,0.1001,0.120756,1
0.00540883,3,0.115309,0.0260054,0.0179974,10,0.492503,0.378981,9.35477,32.586,36,1.68,70.7317,-0.0624265,0.170834075508059,0.153674,253.988,0.452539,0.100131,0.0162012,1
0.0275046,1,-0.244602,0.0510571,0.0150941,30,0.476516,0.41408,5.13085,85.3857,37,3.1,301.239,0.250191,0.230317853835867,0.143281,378.943,0.278742,0.100244,0.0948656,1
0.0122444,3,-0.230642,0.0183921,0.0135383,29,0.455453,0.189339,8.13954,111.638,1,2.99,477.721,0.571115,0.165348942836007,0.376472,1077.35,0.22939,0.100062,0.186071,1
0.00765757,4,-0.0833207,0.0601889,0.0248479,24,0.285007,0.496512,6.87437,126.135,2,4.03,494.565,0.18741,0.123018365312282,0.248849,1291.61,0.250344,0.100059,0.122153,1
0.026948,2,-0.21377,0.0295893,0.0228777,17,0.3239,0.458234,10.7179,56.1245,3,2.68,154.866,0.429094,0.142174631797596,0.28785,983.992,0.356853,0.100374,0.118748,1
0.0181408,4,-0.26333,0.0746118,0.0227168,9,0.309822,0.337913,10.3454,42.9548,4,2.36,123.344,-0.00497272,0.180517610588973,0.230495,875.665,0.342656,0.100299,0.121309,1
0.0202396,1,0.286864,0.00544363,0.0211575,20,0.234792,0.284193,6.66241,38.8681,5,6.54005,206.509,-0.0455078,0.0950455661801342,0.44611,1792.04,0.184753,0.100062,0.189689,1
0.0263712,3,-0.0277587,0.0604522,0.0131508,18,0.488802,0.327377,9.85722,124.041,7,1.6,302.505,-0.127887,0.17552809907868,0.164881,797.785,0.404316,0.100512,0.0459388,1
0.0101826,2,-0.162972,0.0363057,0.0134173,24,0.223933,0.462169,14.9381,72.3296,8,3.76,265.644,0.0736528,0.101477637110136,0.503572,1210.2,0.267567,0.100172,0.134653,1
0.0156716,3,-0.0646044,0.0216741,0.0130498,32,0.15414,0.269196,12.0621,63.2686,9,12.0402,569.84,0.129703,0.0703737159219649,0.717366,2904.22,0.108941,0.10002,0.28165,1
0.0259422,1,0.272484,0.0519831,0.0161459,14,0.390859,0.376,14.767,39.9065,10,1.2,82.7579,0.0862746,0.142156194283547,0.171536,687.45,0.476926,0.10082,0.00534129,1
0.0263974,3,0.21727,0.0257795,0.0192469,25,0.367384,0.174167,6.68333,28.817,11,2.89,92.8359,0.201583,0.19822970195027,0.148132,1034.77,0.304753,0.10008,0.0471136,1
0.0276693,4,0.0987291,0.0687752,0.0101905,20,0.41849,0.107381,8.71717,60.8324,12,2.16,228.13,0.288452,0.311068406254162,0.244285,880.789,0.262492,0.100345,0.0986874,1
0.0272965,3,0.241903,0.0143944,0.0172792,27,0.305463,0.381589,7.97094,59.1442,13,3.19,195.106,-0.0263453,0.144206543194568,0.231618,1080.96,0.297771,0.100132,0.0648118,1
0.0284761,1,0.104605,0.0362249,0.0105552,17,0.422015,0.484219,6.53168,122.16,14,2.62,359.91,-0.0508822,0.134423729978965,0.122658,1018,0.333739,0.100231,0.0459848,1
0.00677604,1,-0.112915,0.0624141,0.0231098,19,0.432818,0.466432,5.89881,77.0929,15,2.75,236.706,0.00291043,0.15993915513048,0.105541,1050.55,0.319993,0.100153,0.058693,1
0.00471451,2,0.242041,0.0745502,0.0154671,28,0.251157,0.254542,13.4395,45.1118,16,2.18,139.849,0.0633021,0.156145760308564,0.33874,896.632,0.317317,0.100276,0.0966756,1
0.0196462,3,-0.084468,0.0382693,0.024499,20,0.385471,0.413621,13.8741,98.7869,17,1.94,275.423,-0.0521617,0.139331411823704,0.364265,847.478,0.352749,0.100253,0.0818738,1
0.0142324,2,0.110504,0.0150204,0.0102834,32,0.348764,0.428056,5.61224,121.06,18,4,460.603,0.321752,0.113800235197313,0.171913,1269.86,0.257837,0.100001,0.0812333,1
0.00409177,1,-0.00028325,0.0598464,0.0174046,18,0.496654,0.248952,14.0665,112.031,19,1.23,267.872,0.72726,0.146562753750689,0.245167,717.148,0.412177,0.100462,0.0347414,1
0.0109554,3,-0.285852,0.0391606,0.0216281,27,0.185964,0.472789,12.8908,33.8356,20,4.91002,125.49,-0.053818,0.0922864913682468,0.492443,1420.72,0.26485,0.100131,0.172215,1
0.0116102,1,0.185241,0.072534,0.0202255,26,0.277567,0.188909,14.368,101.49,21,2.58,427.418,0.409734,0.156471831685461,0.49564,999.054,0.232959,0.100009,0.13894,1
0.0031006,3,-0.029516,0.050088,0.0206737,26,0.327531,0.373961,8.58284,71.3683,22,2.76,206.251,-0.0393906,0.146865617358794,0.195404,1006.31,0.339853,0.100118,0.0596017,1
0.00812085,2,0.0750728,0.0689213,0.0107895,13,0.342724,0.156202,9.41916,70.5979,23,2.23,219.14,0.528698,0.147180324265665,0.193966,908.788,0.317323,0.100406,0.082684,1
0.000605245,1,0.0702242,0.0135224,0.0102611,28,0.195844,0.224782,13.1955,53.1946,24,8.3901,406.455,0.249385,0.0753970056658813,0.707795,2170.34,0.12842,0.100025,0.161093,1
0.0145921,2,0.111809,0.0769389,0.0115913,29,0.174816,0.130855,5.60369,112.126,25,10.8302,1417.25,-0.0202169,0.169906787003837,0.568661,2784.98,0.0776368,0.100032,0.367128,1
0.0296236,1,-0.000956484,0.0489279,0.0208114,21,0.380982,0.388898,7.17549,85.4071,26,2.63,238.078,-0.258979,0.147702975193877,0.114337,994.952,0.35215,0.100065,0.0355818,1
0.00179186,2,0.0953853,0.0161107,0.0235374,20,0.175313,0.199776,6.16115,31.499,27,8.17009,163.535,-0.0372951,0.079175045571241,0.322009,2087.2,0.18917,0.100114,0.173433,1
0.0169349,3,0.124637,0.0201344,0.0207094,10,0.17033,0.446832,14.9447,44.4891,28,5.72004,199.842,-0.21629,0.0764662897614173,0.606541,1603.11,0.218416,0.100011,0.178703,1
0.005076,2,0.0788034,0.0196844,0.0170492,29,0.444848,0.47176,11.9218,112.228,29,1.66,272.545,-0.257243,0.143768599505659,0.239857,789.555,0.404587,0.100157,0.0369271,1
0.00490124,1,0.0413771,0.00989401,0.0153259,12,0.26697,0.142664,11.0939,119.924,30,16.6603,2798.37,0.623191,0.0599684081263699,0.863112,4382.98,0.0420833,0.100101,0.54212,1
0.00345812,3,0.227265,0.0418038,0.0172957,30,0.427614,0.284838,5.94274,106.616,31,2.64,371.602,-0.0843597,0.163411909647908,0.110694,1028.92,0.2818,0.100122,0.0307342,1
0.0273167,2,-0.271879,0.0403451,0.0241882,26,0.439699,0.322382,5.67834,103.554,32,3.32,393.05,0.121537,0.20839388519381,0.206218,1172.93,0.258813,0.100138,0.147451,1
0.0124557,4,0.228011,0.0258412,0.0174259,22,0.371151,0.284681,13.0666,47.4048,34,1.76,127.509,0.149088,0.152804992577344,0.287099,796.912,0.366317,0.10044,0.0307471,1
0.0215507,4,-0.291492,0.0659757,0.012379,13,0.348614,0.244008,6.9229,26.8055,35,3.02,89.6787,0.143445,0.318075669919628,0.169482,1057.05,0.29402,0.10027,0.105959,1
0.0189914,3,0.0394877,0.0630974,0.0236507,23,0.20104,0.192232,8.55028,33.6397,36,5.46003,169.671,0.17119,0.128218788818392,0.433863,1529.74,0.194531,0.100017,0.117343,1
0.0230308,4,-0.202568,0.047172,0.0142639,11,0.195403,0.352535,8.39918,31.219,37,4.91002,114.873,-0.0313665,0.130058804266554,0.280069,1432.69,0.267139,0.1002,0.136114,1
0.0130121,4,0.0687874,0.0605135,0.0140702,17,0.31082,0.254009,9.78568,22.9494,39,2.27,61.6732,0.0356217,0.218530228009399,0.155833,881.213,0.366274,0.100337,0.0480013,1
0.00374861,4,-0.149512,0.0322851,0.0176621,29,0.17175,0.437923,13.3023,114.675,41,8.7001,822.533,-0.19773,0.0576459599626387,0.693828,2197.09,0.136825,0.100042,0.253705,1
0.0118464,2,-0.142361,0.0371335,0.0176003,19,0.494013,0.188926,14.696,124.543,42,1.99,508.336,0.35856,0.167121904921907,0.53379,912.901,0.24037,0.10001,0.146486,1
0.0072763,4,-0.299963,0.0125188,0.0109656,23,0.37276,0.447804,6.71737,131.515,43,4.48001,594.432,-0.176676,0.103890042038514,0.38003,1385.02,0.217339,0.100137,0.225275,1
0.0205738,1,0.218792,0.0764895,0.0153144,21,0.301089,0.47417,12.419,94.1627,44,1.79,245.463,0.235534,0.147208712438231,0.227321,938.105,0.377304,0.10026,0.0479627,1
0.0135612,2,-0.261538,0.0163927,0.0163045,10,0.333804,0.403975,14.2039,109.689,45,5.52003,743.281,0.271174,0.100278882258058,0.736275,1596.75,0.144878,0.100074,0.242611,1
0.012049,4,0.229893,0.0269654,0.0167595,13,0.293956,0.304778,9.21368,112.428,46,3.91,552.893,0.210173,0.11290587625191,0.455436,1247.71,0.199619,0.100069,0.164572,1
0.0210895,3,-0.173659,0.0295096,0.0115588,12,0.214265,0.319058,6.95812,97.9115,47,8.31009,674.982,-0.0258342,0.0900619842974029,0.490353,2191.82,0.142386,0.100059,0.272775,1
0.0269267,4,-0.139335,0.0469154,0.0159121,11,0.41119,0.168088,5.39072,53.6147,48,3.53,204.04,-0.126146,0.186496428236443,0.175028,1156.19,0.258458,0.100266,0.132253,1
0.000659078,1,0.293167,0.0113443,0.0155004,27,0.386908,0.316774,14.1632,116.445,49,3.02,611.516,0.283178,0.134402153081681,0.629567,1090.21,0.186898,0.100051,0.0927536,1
0.012275,3,-0.0674477,0.0594691,0.0154785,17,0.226016,0.398494,6.40188,111.97,51,4.99002,460.394,0.237575,0.131494556254465,0.211678,1452.93,0.239002,0.100175,0.105395,1
0.0288762,3,-0.0192095,0.0476573,0.014262,8,0.41332,0.259091,8.19373,122.683,52,3.27,601.041,0.0797309,0.108183474406575,0.417454,1225.55,0.200481,0.100121,0.164806,1
0.0285406,1,0.167028,0.0280638,0.0161516,28,0.470455,0.480637,8.92939,88.0506,53,1.72,209.169,0.00180801,0.148900805908348,0.117023,816.246,0.414248,0.100313,0.0022409,1
0.00147001,3,-0.156685,0.0635733,0.0201378,16,0.330665,0.43987,11.948,31.0157,54,1.87,75.4431,0.627761,0.174776828769733,0.178907,806.487,0.404328,0.100254,0.0679379,1
0.000239233,3,0.0103247,0.0313433,0.020033,11,0.429978,0.355091,10.7779,81.1951,55,2.09,232.686,-0.235064,0.130370219849678,0.306405,871.126,0.344002,0.100492,0.0728142,1
0.0180147,1,0.294982,0.0168317,0.0132309,31,0.374956,0.154183,7.42234,123.43,56,3.67,816.439,-0.138337,0.194224164992427,0.414728,1254.36,0.148406,0.100066,0.192692,1
0.0235861,4,0.294244,0.0214343,0.023285,12,0.420062,0.491468,14.958,22.8171,57,1.27,47.3923,0.286769,0.181662669248935,0.236717,711.263,0.473017,0.100151,-0.0132556,1
0.0249254,3,-0.176952,0.0775015,0.0170062,21,0.302172,0.352397,13.4787,65.1759,58,2.37,227.782,-0.150547,0.168927315254873,0.403255,957.04,0.281051,0.100127,0.148157,1
0.00843562,2,-0.145811,0.0269951,0.0151857,19,0.411573,0.206911,9.57212,83.6109,59,2.6,289.238,-0.152039,0.14373897123766,0.340531,982.047,0.283684,0.100036,0.151617,1
0.00758599,4,-0.0506456,0.00882636,0.0116014,15,0.249592,0.414327,7.78698,96.4832,60,9.10011,733.425,-0.02906,0.0618604206263066,0.607531,2341.81,0.129104,0.10004,0.21453,1
0.0212236,3,0.289366,0.017737,0.013794,31,0.219245,0.46976,10.272,43.7201,61,3.48,133.908,-0.185564,0.120550481425161,0.315121,1137.21,0.321099,0.100252,0.117173,1
0.0165455,4,-0.115117,0.0197491,0.0160569,26,0.398369,0.310614,7.50739,69.7237,62,2.88,196.256,0.14532,0.147385304075802,0.204463,1029.25,0.348972,0.10013,0.101734,1
0.00704319,3,0.246885,0.0709257,0.010534,27,0.243107,0.476268,7.63366,29.3547,63,3.15,95.29,0.314438,0.158449360247938,0.175916,1079.44,0.302965,0.100252,0.08617,1
0.0109,2,-0.157151,0.0210713,0.0231531,18,0.203631,0.202867,8.89746,119.587,64,15.6403,1947,-0.209429,0.0846624298116333,0.770028,3902.74,0.0602559,0.100003,0.459149,1
0.0241304,4,-0.106957,0.0558385,0.0126654,8,0.345133,0.480443,7.64254,64.2691,66,2.88,181.43,-0.23229,0.125366571774343,0.184803,1044.99,0.348054,0.100158,0.112224,1
0.0237421,3,-0.234638,0.0153889,0.0120554,15,0.232873,0.307374,14.3068,41.1394,67,5.65003,204.544,0.104767,0.13765211904249,0.639128,1585.4,0.197443,0.10007,0.207948,1
0.0229448,4,-0.093252,0.0484342,0.0248752,25,0.394297,0.396361,7.07215,73.6257,68,2.97,245.517,-0.170178,0.146948200400766,0.227849,1071.76,0.294192,0.100003,0.103465,1
0.018961,3,0.0373172,0.0372014,0.0211231,31,0.37979,0.388658,5.91692,40.4866,69,3.23,124.037,0.0149545,0.155033739331672,0.113857,1129.86,0.320816,0.100191,0.0458014,1
0.0179471,1,0.144308,0.0444436,0.0141982,21,0.254785,0.288865,5.70074,104.329,70,4.96002,486.497,0.0949377,0.121572987140021,0.225372,1467.33,0.210739,0.100173,0.127193,1
0.0275744,2,0.0119684,0.042722,0.0122861,26,0.203272,0.485461,6.93925,26.6108,72,4.88002,85.3549,0.0149114,0.109504641581912,0.14499,1395.46,0.306365,0.100171,0.0486214,1
0.00254909,4,-0.001309,0.0342304,0.0111818,28,0.252858,0.237136,13.8923,69.2013,73,3.79,306.423,-0.0467264,0.114461679821518,0.520362,1224.55,0.222079,0.100241,0.108739,1
0.02689,1,0.222244,0.049266,0.0231472,21,0.168864,0.169703,5.52434,28.6444,74,7.32007,162.45,0.287158,0.110716109750905,0.324246,1948.66,0.173033,0.100032,0.238586,1
0.0226063,3,0.046072,0.0668825,0.0114441,18,0.286085,0.346239,14.892,110.012,75,2.4,378.126,0.176697,0.16938009505626,0.440294,946.563,0.285489,0.100027,0.0668492,1
0.0149685,4,0.0947281,0.0628937,0.0106295,22,0.266724,0.300822,6.9547,93.568,76,3.77,357.559,0.218112,0.16350327912973,0.21385,1198.67,0.256895,0.100071,0.101995,1
0.00263502,4,0.120308,0.0272618,0.0119254,21,0.387605,0.258264,14.4846,79.2007,77,2.05,270.086,0.0467093,0.126018769021913,0.441653,840.409,0.289191,0.100528,0.0662627,1
0.029489,3,-0.19173,0.0555054,0.0149052,11,0.243698,0.337885,5.89273,107.49,79,5.66003,521.239,0.396443,0.137585754604961,0.280814,1600.81,0.202369,0.100033,0.176291,1
0.00723206,4,-0.0777107,0.0108825,0.0230236,14,0.416467,0.45132,8.38037,31.3704,80,2.37,61.5952,8.34497e-05,0.130419923825944,0.150376,917.859,0.501281,0.100332,0.0728614,1
0.0126182,1,0.0329375,0.00921045,0.021881,18,0.466845,0.189574,6.74597,60.5747,81,2.91,217.683,0.0384377,0.107626777102723,0.242006,1063.19,0.273104,0.100044,0.0989737,1
0.0115119,1,0.236566,0.0318415,0.0108236,17,0.207169,0.248256,10.8377,26.9067,82,3.26,79.3334,0.03024,0.130393951990108,0.287626,1095.15,0.332788,0.100022,0.113561,1
0.0195985,1,-0.173688,0.0180732,0.0115504,31,0.371845,0.38886,10.0631,55.4712,83,2.39,135.641,0.1836,0.164024651360902,0.230091,927.798,0.402365,0.100294,0.104142,1
0.00332728,3,-0.17632,0.0475872,0.0162425,19,0.324001,0.448489,8.99819,86.4631,84,2.69,231.661,-0.298195,0.127336261012165,0.199581,987.252,0.366533,0.100108,0.0983191,1
0.00424656,3,-0.0807101,0.0688536,0.0163396,32,0.203097,0.223953,8.80647,109.884,85,6.52005,785.641,0.227085,0.0939652754377139,0.539281,1832.73,0.137282,0.100054,0.230906,1
0.0116296,2,0.283428,0.0545603,0.0140212,24,0.339609,0.479547,8.90822,30.4303,86,1.94,70.7527,-0.0822001,0.208630043792227,0.0763109,837.941,0.422283,0.100086,-0.0013243,1
0.011859,4,-0.118931,0.0726979,0.0104908,28,0.267844,0.456406,9.73151,89.9368,87,3.27,345.366,0.0198745,0.137242144106251,0.33552,1144.21,0.255614,0.100059,0.125142,1
0.0270435,2,0.0649573,0.0449432,0.0240278,14,0.476866,0.324298,14.0842,93.5054,88,1.39,240.976,-0.401651,0.158577245230515,0.306407,746.656,0.382085,0.100376,0.0401459,1
0.0176413,2,0.251586,0.0589246,0.0156336,21,0.240281,0.122305,15,83.3281,1,3.54,492.279,0.0379558,0.230150233251162,0.60927,1451.8,0.166223,0.100102,0.224491,1
0.00129417,1,0.0714524,0.0419099,0.0149546,25,0.283586,0.242636,15,46.313,2,2.31,138.954,0.24071,0.160675532854902,0.383904,1095.07,0.327382,0.100127,0.0579183,1
0.0043259,4,0.0123108,0.0513298,0.0199299,10,0.313407,0.450332,15,59.4228,3,1.81,138.563,-0.0752734,0.118287603950136,0.270797,997.925,0.422172,0.100349,0.0489858,1
0.0190413,2,-0.0678984,0.0264351,0.0198962,12,0.206586,0.205156,15,71.5737,4,7.99009,610.531,0.317589,0.0790314727832626,0.740542,2441.11,0.115031,0.100023,0.240046,1
0.0111706,1,0.136252,0.051065,0.0184457,20,0.232657,0.230355,15,47.7141,5,2.69,156.483,-0.0804707,0.132216113995893,0.421413,1202.73,0.299763,0.100214,0.0895945,1
0.0212383,2,-0.0470331,0.0537387,0.0102925,11,0.484903,0.269946,15,66.0828,6,1.31,161.627,0.348295,0.165371874275517,0.310757,927.334,0.403899,0.1007,0.0779266,1
0.00164452,2,-0.118022,0.0770878,0.0148982,25,0.184125,0.447311,15,90.2364,7,4.15,424.096,0.249798,0.0895628002525079,0.553978,1567.77,0.208964,0.100112,0.167071,1
0.00761142,4,0.0336805,0.034959,0.014358,8,0.215632,0.146737,15,89.8885,8,7.59008,936.61,0.275816,0.0914280273504772,0.752591,2398.11,0.0941995,0.100054,0.371096,1
0.021596,1,0.100235,0.0737523,0.016972,18,0.431278,0.26276,15,73.1261,9,1.15,162.695,0.311404,0.150745704527008,0.197652,888.558,0.44232,0.100316,0.0182771,1
0.0116691,1,-0.24362,0.0704788,0.0186991,14,0.258633,0.407361,15,85.4016,10,2.37,252.987,0.147911,0.136616624131887,0.378722,1114.47,0.332277,0.100338,0.130315,1
0.00344619,3,0.130124,0.0572397,0.0229389,24,0.29462,0.18403,15,53.2683,11,2.18,176.487,-0.112186,0.180417243983304,0.410535,1091.57,0.297704,0.100545,0.0814877,1
0.0256807,4,-0.0122902,0.0603612,0.0180437,8,0.306038,0.224501,15,116.779,12,3.4,653.674,0.0251529,0.112092158638796,0.612057,1431.63,0.175371,0.100066,0.187892,1
0.0118209,3,0.269535,0.0638908,0.0221972,20,0.38405,0.260401,15,89.98,13,1.42,252.82,0.25257,0.204355073581874,0.321909,953.583,0.349332,0.100054,0.0308921,1
0.0172352,2,0.159216,0.0636084,0.0214665,16,0.308832,0.443227,15,75.3424,14,1.68,188.861,-0.0400539,0.170817849012527,0.286825,981.464,0.392503,0.100295,0.032966,1
0.00926814,4,-0.174499,0.0201167,0.0127135,17,0.272133,0.3362,15,74.1538,15,4.66001,376.352,0.125184,0.118402013454204,0.64494,1701.03,0.193525,0.100122,0.180273,1
0.00496898,2,0.25917,0.0760996,0.0164065,18,0.289129,0.165003,15,99.59,16,2,364.27,-0.224254,0.183097283981552,0.418604,1054.55,0.269309,0.100413,0.122727,1
0.0184854,2,-0.0270783,0.0383983,0.0118261,18,0.172665,0.151034,15,86.365,17,10.3801,1014.72,-0.234807,0.126823470993749,0.7795,2992.53,0.083516,0.100025,0.336837,1
0.012115,2,-0.103096,0.0722574,0.014315,15,0.180459,0.143222,15,101.099,18,6.20005,834.273,0.179885,0.132401180143374,0.691761,2053.28,0.11888,0.100001,0.313533,1
0.0185344,1,-0.215781,0.0368417,0.0129743,15,0.180821,0.456887,15,37.6297,19,3.78,113.798,-0.0187678,0.0943736947844381,0.411609,1388.08,0.325158,0.100237,0.131391,1
0.00770033,2,0.233456,0.0519398,0.0201453,28,0.234087,0.440999,15,116.943,20,3.21,473.052,0.0554504,0.128492510831684,0.546761,1353.19,0.243069,0.100229,0.142112,1
0.0100289,4,-0.0881179,0.0503862,0.0172106,17,0.251793,0.435023,15,44.755,21,2.37,118.673,0.0940271,0.148476738969934,0.322852,1114.03,0.371486,0.100411,0.0812231,1
0.017972,3,0.150368,0.0238081,0.0247095,17,0.310026,0.283133,15,46.7875,22,2.61,163.217,0.254236,0.146478523417004,0.491327,1190.58,0.281312,0.100036,0.0690694,1
0.0277478,1,-0.0838908,0.0493464,0.0139181,15,0.260248,0.169206,15,104.273,23,4.67001,712.851,0.183656,0.143365334623603,0.665922,1706.23,0.143512,0.100011,0.229377,1
0.00310048,4,0.263318,0.0688637,0.022433,25,0.472864,0.134241,15,108.743,25,1.1,310.269,0.0151473,0.336416841125739,0.254731,902.333,0.346894,0.100894,0.0502306,1
0.0296425,2,0.143618,0.0272947,0.0215529,14,0.349314,0.140887,15,93.8422,26,4.07,774.701,0.292018,0.164669042272845,0.706687,1640.74,0.119057,0.10019,0.206558,1
0.0177481,1,0.190671,0.0556533,0.0198733,31,0.347354,0.363798,15,121.639,27,1.96,396.299,-0.162075,0.14852441121901,0.441151,1094.51,0.301254,0.100049,0.0706218,1
0.0106511,3,0.217416,0.0501054,0.0209242,19,0.262996,0.264539,15,110.789,28,3.11,496.855,-0.0333726,0.133778649994407,0.563845,1324.74,0.219072,0.10015,0.150608,1
0.00240319,3,-0.0577471,0.0343502,0.0139536,21,0.150106,0.126705,15,34.9926,29,7.67008,236.483,-0.00463604,0.0968479119770557,0.65853,2261.37,0.145204,0.100031,0.180407,1
0.0245722,2,-0.0860011,0.0601244,0.0126804,20,0.313841,0.248327,15,102.748,30,2.63,402.629,0.388181,0.164955305473677,0.507908,1202.72,0.250875,0.100212,0.125158,1
0.0231215,1,-0.219639,0.0337253,0.021048,14,0.351437,0.312783,15,102.4,31,2.82,414.24,0.0256511,0.143342650993884,0.554378,1255.88,0.243032,0.100218,0.169569,1
0.0168414,1,0.133175,0.0460243,0.0209222,25,0.181698,0.16905,15,44.4689,32,4.97002,231.677,0.0696115,0.115481868945649,0.617597,1703.1,0.188475,0.100095,0.185986,1
0.0150585,1,0.00375514,0.0316969,0.014839,11,0.490242,0.135457,15,40.2466,33,1.77,140.461,0.292205,0.152537942017635,0.476758,1041.98,0.28174,0.100232,0.0809649,1
0.0188862,1,-0.274901,0.0255167,0.0188858,30,0.265456,0.244763,15,65.0867,34,4.27,319.858,0.290821,0.148096980349086,0.610578,1558.66,0.199982,0.100181,0.192495,1
0.0032818,1,0.0334247,0.0472868,0.0227781,20,0.180559,0.323608,15,62.8404,36,4.48001,270.334,-0.254914,0.1149000797652,0.53955,1556.62,0.228431,0.100172,0.12659,1
0.00570883,3,0.291808,0.0512532,0.0177219,22,0.242692,0.170389,15,84.8231,37,3.1,400.507,0.0905147,0.175585187507301,0.557495,1316.7,0.207903,0.100066,0.178522,1
0.0196584,2,-0.283753,0.0223932,0.0157082,18,0.23582,0.35956,15,38.9851,38,3.66,132.155,-0.0355591,0.14717925990026,0.487936,1379.72,0.289972,0.1002,0.1829,1
0.0198771,3,0.0526757,0.0666481,0.019511,23,0.355304,0.269714,15,37.4388,39,1.71,107.639,-0.175788,0.213213475775408,0.34394,990.197,0.342782,0.100461,0.071857,1
0.0235136,4,-0.262007,0.0289307,0.0154779,31,0.441768,0.398734,15,69.22,40,1.73,193.943,-0.0491149,0.220747216471526,0.403992,1014.98,0.351847,0.100491,0.12051,1
0.0091298,1,0.118523,0.0395679,0.0112789,19,0.188289,0.477361,15,123.388,41,4.65001,572.773,0.121323,0.0942825342280719,0.587115,1635.15,0.211335,0.100003,0.160216,1
0.0242227,4,-0.237508,0.0400398,0.0224278,11,0.196415,0.423105,15,57.4436,42,4.47001,233.611,-0.035534,0.117307812854545,0.542655,1564.24,0.241437,0.100089,0.183348,1
0.0189716,2,-0.150273,0.035402,0.0187814,24,0.359728,0.415767,15,48.9561,43,1.78,113.814,0.0348487,0.166436533714396,0.31208,986.874,0.42273,0.100181,0.0866115,1
0.00132645,2,-0.278741,0.0472522,0.0180708,21,0.297673,0.263661,15,129.489,44,3.61,670.91,0.334093,0.129055078407512,0.612013,1468.31,0.189397,0.100031,0.228377,1
0.0279001,4,-0.0423645,0.0645565,0.0224157,16,0.339094,0.17095,15,44.6594,45,2.54,187.615,0.261676,0.190157139855474,0.527046,1187.63,0.234454,0.100402,0.102701,1
0.0155061,2,0.124453,0.0626302,0.0209449,28,0.310241,0.150809,15,92.8199,46,2.88,467.335,0.268376,0.195602014537334,0.577755,1284.9,0.195141,0.100154,0.148408,1
0.00539728,1,-0.152783,0.0602148,0.0212222,30,0.224083,0.297137,15,81.7111,47,4.42001,429.09,-0.180774,0.100644860277362,0.615566,1614.99,0.186856,0.100024,0.184471,1
0.0296157,2,0.126428,0.0303042,0.0210764,24,0.174079,0.324098,15,22.123,48,4.59001,84.2337,0.100109,0.113603570216245,0.541217,1557.98,0.25801,0.10014,0.12931,1
0.0202654,4,-0.299796,0.0463501,0.0113007,24,0.393599,0.259167,15,46.701,1,1.64,121.436,0.125656,0.285986624825017,0.330215,472.045,0.377497,0.100062,0.122181,1
0.0189832,4,-0.287789,0.0461262,0.013744,26,0.377162,0.335199,15,115.874,2,2.35,435.793,-0.00458086,0.195672838560961,0.513343,584.365,0.261449,0.100233,0.168195,1
0.0119905,1,0.160896,0.0343445,0.0113097,11,0.401217,0.18515,15,79.1182,3,2.34,371.252,0.21354,0.142583347681728,0.558001,567.668,0.209414,0.100168,0.117615,1
0.00592758,4,0.0238907,0.0493596,0.011259,28,0.367519,0.351066,15,123.142,4,1.92,376.095,0.116821,0.150849774369366,0.402074,502.4,0.321937,0.100229,0.0553015,1
0.00377762,4,0.188972,0.0703986,0.0238196,18,0.224425,0.30806,15,86.5674,5,2.83,323.875,-0.216203,0.151170560808208,0.486153,619.81,0.262602,0.10015,0.124017,1
0.0242216,3,-0.0830642,0.023872,0.0105254,10,0.158126,0.27827,15,41.09,6,8.3401,261.393,-0.0224236,0.0929604565101494,0.681783,1177.21,0.154227,0.100011,0.193069,1
0.0294159,4,0.258482,0.0306283,0.020137,22,0.189731,0.376707,15,58.9454,7,5.37003,307.904,0.123818,0.118517910251034,0.669161,895.439,0.187949,0.100078,0.207334,1
0.014554,3,-0.0332793,0.0385421,0.0203311,26,0.304462,0.282279,15,89.1883,8,3.2,379.248,-0.157651,0.126836528476284,0.558782,665.45,0.231335,0.100274,0.117044,1
0.00529317,1,0.164134,0.0493805,0.0242081,16,0.451748,0.485612,15,82.5725,9,1.18,181.824,0.0639624,0.14971429209848,0.229859,444.313,0.447607,0.100472,-0.0026778,1
0.0256588,1,-0.0579965,0.0420019,0.019874,12,0.174766,0.321743,15,105.212,10,6.85006,705.763,-0.296689,0.0856867099999795,0.674658,1016.57,0.146282,0.100027,0.188343,1
0.0164634,1,0.100396,0.0584579,0.0230211,19,0.469063,0.317338,15,118.783,11,1.25,298.117,0.520532,0.146510495333308,0.294334,454.539,0.390927,0.100014,0.0264523,1
0.00327293,4,-0.0827541,0.0209459,0.0138527,26,0.257372,0.173768,15,77.6063,12,6.27005,612.455,0.25402,0.0961752105513287,0.723076,1006.63,0.12438,0.10006,0.215333,1
0.0143006,2,-0.0490727,0.0350992,0.0112632,15,0.405053,0.343895,15,59.4221,13,1.57,137.137,0.344502,0.122447123873971,0.29931,482.745,0.426163,0.100257,0.058975,1
0.00849665,3,0.220672,0.0401742,0.0131812,19,0.251174,0.199389,15,119.278,14,4.52001,816.935,-0.253455,0.129302434479254,0.681353,850.079,0.1433,0.100047,0.213658,1
0.000836591,2,-0.147775,0.0225442,0.0117023,27,0.236931,0.323774,15,82.0288,15,5.31003,446.182,0.0377242,0.0902202956668231,0.64899,895.026,0.180602,0.100138,0.178014,1
0.0100875,2,0.0639481,0.0304012,0.0225584,16,0.24355,0.362094,15,129.279,16,4.92002,751.774,-0.0569156,0.0988498123667909,0.657525,827.891,0.168765,0.10004,0.159526,1
0.00210268,1,0.186062,0.0600587,0.018804,10,0.296503,0.286103,15,120.998,17,2.33,448.923,0.463564,0.112854326586876,0.473184,560.519,0.264621,0.10008,0.113488,1
0.00272905,4,0.147437,0.061471,0.0216817,21,0.338571,0.496772,15,56.4796,18,1.54,137.115,-0.231571,0.165656774099501,0.265727,469.193,0.406381,0.100567,0.0313606,1
0.0120416,2,0.194835,0.0497297,0.0140024,18,0.320581,0.138813,15,66.1591,19,2.16,255.876,-0.0133373,0.201377222178302,0.452065,550.406,0.254399,0.100297,0.103857,1
0.00645211,1,0.251993,0.0762025,0.0209206,21,0.401045,0.236453,15,99.4104,20,1.22,253.249,0.572439,0.184008461288368,0.247151,432.429,0.38641,0.100345,0.0322332,1
0.00918905,1,-0.168413,0.0476993,0.0142237,23,0.281255,0.442227,15,131.229,21,3.08,506.889,-0.0158962,0.115539868836176,0.523283,667.61,0.253991,0.100008,0.141662,1
0.00899069,4,0.184075,0.0571498,0.0223533,16,0.213191,0.399935,15,100.722,22,3.31,397.014,0.144012,0.134502895212772,0.524705,630.387,0.249014,0.100054,0.130812,1
0.0258613,4,0.00982386,0.0724143,0.0132739,18,0.25673,0.320105,15,77.8091,23,2.86,310.385,0.059551,0.159567456812553,0.489745,628.483,0.246042,0.100048,0.118317,1
0.0210083,4,-0.158563,0.0775652,0.0235514,23,0.303601,0.15474,15,55.4455,24,3.13,281.872,0.320161,0.147044322325462,0.594066,661.236,0.193501,0.100277,0.17349,1
0.0151378,3,0.0784943,0.0389893,0.012234,9,0.330216,0.274196,15,24.2262,25,1.82,58.0451,0.0797785,0.157034644365405,0.309851,490.156,0.409866,0.100104,0.0524629,1
0.000227457,2,0.115079,0.0450288,0.015988,21,0.345827,0.474849,15,123.278,26,1.84,344.407,0.198328,0.143227330076297,0.364308,493.275,0.351965,0.100234,0.0441914,1
0.0231822,1,0.0499128,0.0499164,0.0165247,9,0.389842,0.334023,15,63.2133,27,1.7,172.772,0.0707532,0.110960016764301,0.365839,495.882,0.360331,0.100391,0.0538889,1
0.0143793,1,-0.0940618,0.0684638,0.0164504,8,0.231571,0.172175,15,71.4767,28,3.33,324.252,0.456986,0.126494890067232,0.516025,661.301,0.216509,0.100121,0.176807,1
0.0231379,1,0.00958902,0.0782135,0.024433,20,0.372881,0.198511,15,26.0645,29,1.42,66.4722,0.159278,0.219674203114367,0.245076,461.831,0.386782,0.100551,0.0360525,1
0.0138855,1,0.211594,0.0290096,0.0218465,16,0.192274,0.218968,15,105.552,32,8.24009,1026.35,0.375215,0.0867117571280431,0.777632,1227.99,0.100898,0.100009,0.329252,1
0.000798324,3,0.184054,0.0542686,0.0230988,15,0.465105,0.287685,15,51.4872,33,1.07,108.959,0.174745,0.158547367904542,0.183335,440.418,0.466484,0.100631,0.00118864,1
0.00620779,3,-0.160832,0.0316401,0.0245406,19,0.405457,0.492953,15,25.1494,34,1.45,51.2794,0.0235187,0.146036561755674,0.237605,478.702,0.481354,0.100049,0.068791,1
0.00624148,3,0.277718,0.0248293,0.0170715,13,0.337574,0.382899,15,110.486,35,2.76,488.369,0.473406,0.115890532244499,0.580475,628.386,0.222383,0.100201,0.105091,1
0.0267767,4,-0.181346,0.0676721,0.0122557,16,0.21085,0.344152,15,119.841,36,4.61001,646.894,-0.0308906,0.131586176352372,0.623224,810.349,0.182042,0.100169,0.223065,1
0.0187952,1,-0.0238811,0.027856,0.0222064,17,0.258815,0.430863,15,88.5691,37,3.46,338.11,0.0293757,0.0961786983759834,0.512202,696.832,0.257441,0.100181,0.0812027,1
0.00266236,4,-0.123913,0.0380537,0.0149054,15,0.440319,0.419047,15,122.642,38,1.7,343.865,-0.40511,0.132308715648694,0.404939,505.341,0.350576,0.100199,0.102536,1
0.0157194,2,-0.201735,0.027254,0.0143798,15,0.257542,0.12018,15,71.6732,39,6.14005,620.309,0.386792,0.147015969635835,0.72373,1020.02,0.113382,0.100029,0.297459,1
0.00417125,1,-0.287245,0.0536776,0.0249447,18,0.423297,0.494386,15,110.974,40,1.5,278.734,-0.146211,0.176915561509324,0.32134,486.986,0.392668,0.100537,0.118418,1
0.0259253,4,0.273257,0.0513393,0.0231123,25,0.166786,0.2134,15,46.3845,41,7.56008,343.632,-0.180972,0.114277251457587,0.765564,1162.08,0.132554,0.100102,0.27426,1
0.0271612,1,0.120344,0.0580393,0.021617,20,0.464655,0.284082,15,89.2099,42,1.21,215.404,-0.236875,0.145898564287991,0.2682,445.12,0.407277,0.100245,0.0255958,1
0.0200632,1,-0.105374,0.0406435,0.0215155,8,0.30771,0.155006,15,63.2455,43,3.58,337.632,0.122537,0.135182809579849,0.611759,731.267,0.184224,0.100251,0.20512,1
0.0100674,2,-0.177709,0.0563313,0.0170751,21,0.404874,0.24147,15,44.1585,45,1.37,95.6236,0.150805,0.208707912144438,0.234767,453.134,0.453537,0.100114,0.0760912,1
0.0129638,4,0.251126,0.058651,0.0116883,30,0.170857,0.104236,15,76.7558,46,7.90009,828.169,0.201741,0.212802720020236,0.781323,1231.19,0.0909758,0.100061,0.384985,1
0.0255587,3,0.118335,0.0420459,0.0152769,21,0.375957,0.219903,15,39.8646,47,1.62,107.191,-0.188961,0.209694525448766,0.324549,477.248,0.365082,0.100067,0.0367545,1
0.0228072,4,0.259307,0.0603709,0.0220647,24,0.390102,0.260439,15,108.577,48,1.77,392.804,0.0968713,0.212132603705557,0.456814,533.204,0.271164,0.1,0.0638247,1
0.01607,2,-0.248969,0.0477965,0.0114327,14,0.433351,0.41368,15,49.1419,49,1.36,109.074,-0.0220315,0.22656309748972,0.257655,456.995,0.444538,0.100579,0.0999171,1
0.0274394,2,-0.270154,0.0558845,0.0107978,8,0.272208,0.281018,15,44.6243,50,2.52,141.178,-0.10051,0.192729475664081,0.413268,577.462,0.311456,0.100444,0.173648,1
0.0277567,4,0.0090678,0.0346527,0.0136244,25,0.421428,0.289426,15,90.4751,51,2.06,318.192,0.0788599,0.167885976469592,0.487616,560.384,0.279141,0.100072,0.0643346,1
0.0211859,3,0.282757,0.0395683,0.024324,11,0.376324,0.492753,15,64.867,52,1.6,177.772,0.031883,0.153057160305442,0.35955,489.382,0.358814,0.10024,0.0328438,1
0.00269625,3,0.13414,0.0591629,0.0114161,18,0.193646,0.458988,15,45.9914,53,2.62,128.576,0.0529306,0.134384473431028,0.340083,572.481,0.351282,0.100108,0.0844528,1
0.0276848,2,-0.244135,0.0228842,0.0188346,19,0.227989,0.378157,15,121.348,54,7.63008,940.554,0.16866,0.0771993081993617,0.747434,1169.39,0.126696,0.100102,0.288547,1
0.0292237,4,0.0167937,0.049239,0.0120871,11,0.42123,0.278849,15,32.6365,55,1.34,68.503,0.00241476,0.185405879326276,0.23492,446.021,0.47009,0.100581,0.0425552,1
0.0264048,1,-0.174553,0.0372588,0.0108151,23,0.467365,0.492483,15,35.2198,56,1.18,66.0666,0.262183,0.212596451008216,0.185016,436.582,0.525484,0.100481,0.0650491,1
0.0297252,4,-0.00213369,0.0784617,0.0222693,20,0.436892,0.487893,15,127.192,57,1.4,336.001,-0.186714,0.195569073609987,0.330586,482.11,0.371366,0.100003,0.0585541,1
0.0160871,2,0.0716078,0.0752376,0.0235533,32,0.218746,0.334511,15,98.2053,58,4.23,532.612,0.0209661,0.0978701348410836,0.629351,772.189,0.181035,0.100085,0.157113,1
0.0298435,4,0.256005,0.0453197,0.0224733,21,0.32461,0.247441,15,53.792,59,2.36,207.386,-0.193725,0.186548776849371,0.513586,603.918,0.2547,0.100097,0.0794725,1
0.0171304,4,-0.186891,0.0341336,0.0189866,17,0.303017,0.258982,15,75.679,60,3.42,334.844,-0.0713194,0.136936281075257,0.580419,690.729,0.222103,0.100173,0.164942,1
0.0289681,2,0.106273,0.0562386,0.0132509,26,0.366329,0.124981,15,106.918,61,2.71,613.708,-0.392911,0.236735769325179,0.598091,625.874,0.17106,0.10009,0.165809,1
0.0152629,1,-0.0801676,0.0471917,0.0118713,20,0.441426,0.235977,15,89.0119,62,1.56,246.629,0.145693,0.167338378729576,0.365684,487.855,0.354452,0.100112,0.0759551,1
0.0112372,4,-0.14703,0.069245,0.0119265,18,0.391274,0.290996,15,62.9108,63,1.39,141.222,0.342495,0.215143701642979,0.244624,448.438,0.437525,0.100118,0.0835093,1
0.00783156,4,0.0664939,0.0466414,0.0169733,21,0.165839,0.499943,15,80.8359,64,4.82002,353.039,-0.0182232,0.0958337740803965,0.55563,781.595,0.224913,0.10013,0.153009,1
0.00841066,3,0.136069,0.0349385,0.0109555,10,0.385759,0.454538,15,25.8062,65,1.39,49.2849,0.158488,0.157228571714558,0.220659,465.927,0.51606,0.100466,0.0262825,1
0.00501198,2,-0.00883158,0.0664378,0.0197525,9,0.230608,0.447661,15,105.516,66,2.7,343.825,0.0188025,0.106991324880451,0.39779,594.419,0.301072,0.100005,0.0450547,1
0.0222357,2,-0.234112,0.073394,0.0216484,24,0.498736,0.438631,15,26.9688,67,1.03,54.0394,0.247129,0.320554660044207,0.179569,429.454,0.490095,0.100106,0.0609187,1
0.0256889,1,0.103535,0.0450069,0.017125,12,0.214472,0.396058,15,63.944,69,2.97,205.162,-0.0145452,0.099857858551819,0.419366,592.105,0.305888,0.100044,0.082046,1
0.0112137,4,-0.118823,0.0392218,0.010013,24,0.394479,0.332077,15,118.663,70,2.16,407.27,0.117484,0.159832104216738,0.48257,558.907,0.286869,0.100365,0.111649,1
0.00884011,1,-0.175432,0.0359547,0.0136202,20,0.490852,0.435888,15,102.396,71,1.36,236.259,0.0604598,0.165655760556077,0.320832,460.492,0.428367,0.100752,0.0992963,1
0.0134673,1,0.00257229,0.0243846,0.0198765,17,0.446084,0.328437,15,71.7772,72,1.67,195.898,-0.00549324,0.130107844251514,0.384479,489.448,0.36031,0.100242,0.0493927,1
0.0261791,2,-0.0954901,0.0579264,0.0210933,20,0.345951,0.367703,15,85.7444,73,1.9,242.584,0.0718063,0.162494897893458,0.36743,512.031,0.348507,0.100507,0.0802276,1
0.00440111,3,-0.134302,0.044493,0.0221629,18,0.29296,0.49871,15,112.255,74,2.52,344.197,0.0194643,0.113299635300453,0.431755,591.553,0.320113,0.100054,0.10253,1
0.000401839,1,0.0323761,0.0414047,0.0204445,12,0.205038,0.408721,15,29.4181,75,2.8,78.169,0.182041,0.102277072474756,0.315874,571.565,0.370347,0.100313,0.0317119,1
0.0230518,4,-0.181472,0.0749501,0.0179951,10,0.423227,0.225192,15,75.8115,76,1.51,209.495,0.590837,0.190816103702889,0.354361,481.712,0.356999,0.100563,0.125781,1
0.029431,2,-0.0862891,0.0287223,0.0154516,13,0.161059,0.241806,15,55.8459,77,8.78011,407.007,0.131781,0.0983942125334303,0.709941,1236.85,0.134705,0.100075,0.234497,1
0.00641899,3,0.144018,0.0423151,0.0223696,27,0.490348,0.323623,15,30.6992,78,0.999999,57.1963,0.174078,0.201839457962081,0.131778,424.3,0.531458,0.100935,-0.0254042,1
0.00633824,1,0.00614881,0.0674556,0.0199883,22,0.328086,0.301296,15,128.033,79,2.2,446.235,0.316343,0.145371383570652,0.445617,542.754,0.282024,0.100198,0.0685401,1
0.00385393,2,0.0489838,0.0713054,0.0152557,28,0.355097,0.115383,15,89.3368,80,1.97,353.563,-0.243657,0.200036739639598,0.437575,535.753,0.248047,0.10007,0.112795,1
0.0118783,3,-0.132322,0.0296511,0.0100641,9,0.175082,0.461939,15,24.3086,81,3.77,66.9589,-0.023691,0.0891396603089079,0.373439,669.494,0.356614,0.100133,0.106791,1
0.00650823,2,-0.0435272,0.0445441,0.0208141,16,0.156926,0.455036,15,107.519,82,6.12005,563.836,0.0458265,0.0874119027053123,0.608091,974.895,0.187171,0.100055,0.1522,1
0.0258554,1,-0.28475,0.0785097,0.0129831,19,0.38235,0.370088,15,124.913,83,1.62,345.261,0.505582,0.215631425037575,0.35006,503.18,0.356592,0.100471,0.121186,1
0.0276403,2,0.134224,0.0570603,0.0214147,17,0.256212,0.323244,15,111.175,84,3.08,466.587,0.239622,0.143405615165775,0.537387,625.18,0.234545,0.100342,0.111946,1
0.00564888,4,-0.138836,0.0310567,0.0149565,11,0.449777,0.308867,15,83.7292,85,2.04,287.862,-0.0788416,0.151499278074085,0.506243,561.583,0.286145,0.100282,0.137434,1
0.0249842,1,0.0455634,0.0262719,0.0146628,20,0.347379,0.372818,15,32.2985,86,1.66,66.856,0.108236,0.129584100478877,0.235204,465.725,0.476849,0.100617,0.0271582,1
0.0173731,2,-0.0533068,0.0627134,0.0179674,24,0.213675,0.403152,15,100.34,87,3.86,443.829,0.447282,0.111310636598054,0.547048,719.271,0.221908,0.100057,0.145455,1
0.0282238,2,0.137008,0.0688247,0.0213814,26,0.294304,0.439686,15,79.0375,88,2.24,268.453,-0.309621,0.143594337002123,0.446166,564.15,0.289736,0.100316,0.10482,1
0.0112669,4,0.284356,0.0448496,0.0202384,26,0.323435,0.440177,15,36.711,89,1.53,85.2533,-0.143756,0.171880032402302,0.253434,463.295,0.424764,0.100553,0.0166395,1
0.00360263,2,0.255477,0.0796547,0.0242191,27,0.447829,0.311694,15,22.8073,90,0.989999,49.7685,0.343743,0.233034281685291,0.156255,419.344,0.449866,0.100068,-0.0213969,1
0.0073259,2,-0.264847,0.0388605,0.0185062,11,0.244213,0.411017,15,61.2609,91,3.34,215.625,-0.1675,0.105976605342432,0.487829,689.5,0.279447,0.100264,0.163094,1
0.00761829,3,-0.118157,0.0700428,0.011839,12,0.259905,0.299541,15,83.8961,92,2.31,247.74,0.364293,0.141487321277606,0.365489,567.093,0.332658,0.100134,0.0860788,1
0.0240322,3,-0.104083,0.0430449,0.0228773,31,0.207121,0.290505,15,125.747,93,9.71013,1321.83,0.0521537,0.0836120570788033,0.801089,1432.69,0.093366,0.100046,0.31852,1
0.00952959,2,-0.250066,0.0752764,0.0182537,12,0.490957,0.445975,15,84.4694,94,1.12,184.627,0.121224,0.23050648091065,0.233029,449.059,0.452014,0.100711,0.095064,1
0.00439552,4,-0.0483951,0.0430381,0.0111132,15,0.382605,0.404537,15,107.526,95,1.79,290.075,0.127647,0.127374071990326,0.363376,504.789,0.365207,0.100431,0.0611533,1
0.0271647,1,0.271855,0.0297498,0.0237847,27,0.20944,0.26745,15,73.215,96,4.99002,409.08,0.0324409,0.0983573507514871,0.669754,853.3,0.175867,0.100167,0.204152,1
0.0278491,4,-0.295238,0.0711593,0.0207083,28,0.42263,0.374258,15,46.9264,97,1.44,116.713,0.0960506,0.30801264462581,0.32062,465.766,0.39452,0.100024,0.116039,1
0.00102802,2,0.168061,0.0473896,0.0177463,14,0.386853,0.342063,15,48.3079,98,1.35,106.858,0.25055,0.14299605116052,0.233127,432.889,0.444768,0.100289,0.0106117,1
0.0122711,3,0.116897,0.0718584,0.0216694,31,0.231491,0.1922,15,27.4976,99,3.2,113.582,0.246356,0.141789781479437,0.537384,659.727,0.237848,0.100148,0.109818,1
0.0159962,3,-0.0884003,0.032547,0.0175893,22,0.295764,0.223093,15,35.7216,100,2.67,115.827,-0.021048,0.163794140994583,0.44851,568.45,0.302839,0.100097,0.0904797,1
0.0122775,4,0.161113,0.0422346,0.0125661,26,0.268394,0.119135,15,50.28,101,3.34,252.781,0.43704,0.207202560665371,0.577183,699.56,0.195619,0.100251,0.168494,1
0.0202269,2,-0.210055,0.0685923,0.0120613,18,0.300837,0.208205,15,124.43,103,3,592.473,-0.0326193,0.165002769407294,0.563956,647.411,0.206155,0.100062,0.198022,1
0.00810595,2,0.265478,0.0271139,0.0168651,26,0.256147,0.404754,15,100.026,104,3.28,412.969,0.563751,0.121901027445402,0.561841,673.355,0.237824,0.10009,0.112266,1
0.00269439,1,-0.147316,0.044384,0.0152337,30,0.42212,0.493902,15,51.7642,105,1.35,106.941,0.0482933,0.157520930568394,0.229149,449.231,0.477309,0.100518,0.0720851,1
0.0104226,1,-0.134409,0.0302947,0.020123,15,0.467615,0.31306,15,31.178,106,1.28,61.1764,0.420114,0.207405977541471,0.23863,457.028,0.502314,0.100471,0.0711691,1
0.0180449,1,-0.212949,0.0327985,0.0149723,12,0.353286,0.37519,15,72.2562,1,2.26,223.238,0.154439,0.151169529809435,0.444237,548.88,0.318818,0.100408,0.134447,1
0.00856263,1,0.138464,0.0202483,0.0249558,30,0.194655,0.371005,15,32.5456,2,4.28,119.576,0.00308793,0.095120048233681,0.534039,741.33,0.267473,0.100176,0.124194,1
0.00646819,4,0.19177,0.0688792,0.0108298,20,0.335984,0.436884,15,43.8781,3,1.33,93.9461,0.112843,0.191851829998456,0.180147,433.165,0.458488,0.100067,0.0243225,1
0.0296447,4,-0.106375,0.0711609,0.0169941,14,0.281375,0.25374,15,92.0463,4,3.12,420.841,-0.0724368,0.160738811272552,0.560603,654.874,0.214713,0.100069,0.152873,1
0.0227484,3,-0.271007,0.0405317,0.0123928,11,0.358129,0.41125,15,109.073,7,2.54,403.026,-0.295843,0.137538464382442,0.52152,590.019,0.266342,0.10032,0.180469,1
0.0237526,1,-0.163218,0.0424008,0.0170636,11,0.364485,0.148789,15,60.8541,8,2.5,253.933,0.340346,0.178641208218207,0.525166,576.834,0.235115,0.100009,0.171403,1
0.0148062,2,-0.124718,0.077277,0.0209805,16,0.487965,0.194888,15,65.9407,9,1.1,144.671,0.0846098,0.241677620002652,0.21915,412.49,0.449493,0.100527,0.0627494,1
0.00124999,4,-0.276519,0.0607102,0.0131255,12,0.458859,0.296755,15,67.5414,10,1.29,156.662,0.398894,0.248295629860176,0.275893,438.235,0.425008,0.10049,0.119328,1
0.019553,1,0.00714851,0.0598362,0.0239234,21,0.16712,0.306433,15,102.007,11,6.03004,625.022,0.139822,0.100394861071026,0.648934,944.454,0.160276,0.100107,0.219627,1
0.0128255,2,-0.0832367,0.0269061,0.014597,19,0.170877,0.311781,15,72.6798,12,7.78008,472.821,0.101945,0.0761522440551867,0.685808,1115.84,0.150953,0.100105,0.20757,1
0.0285451,1,0.0949346,0.0709288,0.0144103,32,0.331785,0.145808,15,37.9029,13,1.85,122.478,0.0456465,0.229001113901088,0.378819,508.971,0.304623,0.100341,0.102753,1
0.0180619,1,-0.0850721,0.0726292,0.0219427,9,0.182277,0.426376,15,125.256,14,3.75,507.199,0.108947,0.0927519400512399,0.493399,681.93,0.242914,0.100268,0.0949399,1
0.0103173,1,-0.0173373,0.03056,0.0248911,18,0.244578,0.143323,15,121.982,15,7.68008,1383.64,0.304654,0.0979815691461371,0.771142,1169.49,0.0865985,0.100131,0.354528,1
0.0164673,4,0.0546062,0.073575,0.0209652,26,0.388772,0.472817,15,34.786,16,1.5,96.4043,-0.194147,0.171428532914779,0.316897,456.948,0.355425,0.100409,0.0457718,1
0.00184397,1,0.133675,0.0575787,0.0205312,20,0.435325,0.282375,15,56.5445,17,1.15,119.252,0.484254,0.174056482932637,0.189954,438.184,0.466217,0.100229,0.00187266,1
0.0270193,3,0.224171,0.049919,0.0183156,14,0.457297,0.402228,15,65.7706,18,1.16,150.811,0.0753805,0.188957204984862,0.24285,425.996,0.429508,0.100393,-0.00300062,1
0.0136588,4,0.0563458,0.0730409,0.0133104,9,0.167312,0.170409,15,113.088,19,6.34005,930.767,-0.310426,0.11345029960881,0.697139,1006.98,0.119238,0.100039,0.286911,1
0.0120718,4,-0.235686,0.066351,0.0162577,24,0.398138,0.308986,15,38.1407,20,1.42,91.1543,-0.00716912,0.27875755177393,0.266602,446.322,0.411121,0.100159,0.0927356,1
0.0148569,4,-0.198889,0.0796747,0.0173656,31,0.196344,0.328103,15,52.5799,21,4.36,243.148,0.00312958,0.121799778688933,0.598479,801.384,0.212246,0.100051,0.161696,1
0.00641325,4,-0.00493663,0.0461613,0.0136925,31,0.493918,0.357886,15,121.552,22,1.29,292.497,0.296111,0.168571591313004,0.30419,451.603,0.409198,0.100375,0.032283,1
0.0259938,4,0.00881987,0.0389082,0.0135517,22,0.456594,0.482487,15,49.4008,23,1.23,96.7557,0.19181,0.200175457215458,0.208873,436.32,0.501825,0.10019,0.0228314,1
0.00018484,2,0.043,0.0516483,0.0188508,12,0.245313,0.39974,15,82.9096,24,2.53,246.018,-0.0664724,0.113781246011216,0.373248,574.458,0.331671,0.100323,0.0529973,1
0.0124374,4,-0.0393929,0.0277754,0.0158138,18,0.201246,0.497884,15,81.4897,25,4.67001,341.777,-0.221846,0.102076651633942,0.547664,765.425,0.234299,0.100171,0.106997,1
0.0243217,3,0.13069,0.0464816,0.0191229,13,0.163192,0.236481,15,75.2439,26,6.92006,522.321,-0.00508063,0.101187486035812,0.703695,1066.89,0.141483,0.100115,0.256669,1
0.0139946,1,0.152471,0.0224743,0.0196424,24,0.41571,0.380193,15,41.6809,27,1.39,91.2137,-0.0535958,0.157192541559913,0.257997,456.726,0.448671,0.100088,0.00451767,1
0.00575809,2,0.108496,0.0628681,0.011975,9,0.175361,0.325154,15,57.6667,28,3.04,180.905,0.100789,0.115872553268769,0.388794,589.862,0.312712,0.1,0.0744537,1
0.0190518,1,0.106891,0.0607028,0.0117971,24,0.470086,0.254062,15,27.4683,29,0.989999,52.4219,0.319315,0.205553600006929,0.113662,404.709,0.515678,0.100321,0.00688547,1
0.00334723,3,0.192076,0.0585403,0.0212719,11,0.396342,0.444467,15,109.404,30,1.43,283.916,-0.0243149,0.126219977682061,0.313669,481.136,0.378946,0.100245,0.0365082,1
0.0255506,1,-0.269661,0.0530188,0.0116011,32,0.234712,0.391814,15,27.4635,31,2.81,79.4006,0.0997257,0.144317579739373,0.40053,608.441,0.340524,0.100357,0.133544,1
0.0180561,2,0.222065,0.0312875,0.0163263,30,0.168441,0.322298,15,43.856,32,5.26003,206.564,0.0126032,0.103268420678778,0.623559,833.134,0.208476,0.100095,0.217592,1
0.0259466,2,-0.0468751,0.0598325,0.0199166,30,0.366249,0.223961,15,102.871,33,2.49,435.016,0.332356,0.152087195377095,0.543416,593.928,0.232678,0.1003,0.132588,1
0.0132045,1,0.0796999,0.0424433,0.0183401,20,0.195897,0.248182,15,121.414,34,6.64006,931.877,0.0708575,0.0814070465334176,0.713825,1065.62,0.127874,0.100047,0.247796,1
0.00156487,4,-0.117274,0.0543147,0.0137468,32,0.389232,0.273927,15,74.5675,35,1.68,200.808,0.385673,0.164012061809237,0.349841,465.664,0.36542,0.100312,0.0918499,1
0.0262637,4,0.194608,0.0540555,0.0241195,12,0.223714,0.370446,15,65.7152,36,3.13,250.555,0.0394321,0.141262117404428,0.511944,634.479,0.257732,0.10017,0.114338,1
0.0162432,3,0.136998,0.068178,0.0195914,24,0.496935,0.183217,15,36.5246,37,1.01,80.5748,-1.57051,0.286486708582421,0.18685,422.161,0.448055,0.100757,0.033207,1
0.00164861,4,0.0821296,0.0606827,0.0209791,22,0.318698,0.290337,15,108.99,40,2.12,361.132,0.195391,0.150161070243798,0.424409,510.261,0.29608,0.100004,0.0638105,1
0.0170168,2,0.073356,0.0615293,0.0164789,11,0.371551,0.19535,15,114.321,42,2.07,460.146,-0.122354,0.137307631752896,0.47853,531.15,0.243906,0.100074,0.119459,1
0.0183297,4,0.138426,0.0221769,0.0215284,28,0.261386,0.231099,15,47.1208,43,4.22,232.567,-0.140735,0.137007265305191,0.631552,778.976,0.199166,0.100203,0.128017,1
0.0201418,3,0.18454,0.0649417,0.0185199,21,0.234638,0.210521,15,106.133,44,3.94,597.908,-0.2082,0.169341118575924,0.635609,767.979,0.174182,0.100027,0.206121,1
0.0196025,4,-0.183328,0.0207636,0.0212971,21,0.336206,0.145953,15,35.6095,45,2.95,145.105,0.0396993,0.180141542421039,0.540306,623.884,0.241302,0.100232,0.136216,1
0.000681295,4,0.163853,0.0494099,0.0129997,17,0.357747,0.278536,15,87.024,46,1.69,249.154,0.0371934,0.138803145028571,0.349618,489.873,0.343053,0.10012,0.0589626,1
0.0121937,4,-0.210643,0.0542984,0.0234832,28,0.290537,0.437781,15,111.964,47,3.3,484.955,0.245219,0.109782993812887,0.574804,683.15,0.226906,0.100185,0.196226,1
0.00726244,1,0.131641,0.0575482,0.0145435,29,0.425965,0.174813,15,105.492,48,1.51,333.409,0.0892458,0.172197355487397,0.369582,476.008,0.311916,0.100491,0.0600051,1
0.0246918,3,0.122942,0.0224801,0.0172642,22,0.481275,0.156733,15,35.2439,49,1.54,104.99,0.258303,0.2244012937958,0.406289,480.648,0.329386,0.100023,0.0526963,1
0.020111,2,0.21032,0.0278539,0.0204034,32,0.455682,0.214947,15,119.036,50,1.85,479.462,0.0159184,0.186884417289158,0.501493,524.104,0.244443,0.100365,0.0604274,1
0.0120518,4,0.161813,0.0762671,0.0131352,30,0.337653,0.312903,15,116.184,51,1.91,388.638,0.0506294,0.198754122165389,0.43262,530.764,0.293679,0.100139,0.085861,1
0.0104245,4,-0.115883,0.0454591,0.0223953,14,0.231161,0.320158,15,39.9038,52,2.82,115.631,-0.258873,0.129183775665491,0.380015,577.078,0.339007,0.100138,0.0889115,1
0.0017401,1,-0.0853949,0.038778,0.0171578,31,0.306108,0.432568,15,99.5044,53,2.67,335.416,0.250919,0.117493613332385,0.475242,579.038,0.291179,0.100053,0.108747,1
0.0183611,2,0.169036,0.059704,0.0116141,9,0.204058,0.443676,15,111.587,54,3.17,408.337,-0.560193,0.112371008548369,0.487363,626.296,0.268415,0.100125,0.128199,1
0.0232291,4,-0.134233,0.0245637,0.0166978,30,0.226624,0.412123,15,91.1318,55,6.04004,531.364,-0.252433,0.0959629934468293,0.681655,934.979,0.168255,0.100005,0.193381,1
0.0136285,3,0.223739,0.0627403,0.0233903,22,0.21515,0.288772,15,81.2934,56,3.52,365.128,0.0832273,0.152199106872363,0.574397,683.156,0.218589,0.10008,0.183216,1
0.0162106,1,0.273899,0.0662285,0.0206655,20,0.407272,0.177428,15,56.4511,57,1.18,139.831,-0.0135471,0.203750445946749,0.22455,434.584,0.396392,0.100089,0.0280393,1
0.0273454,2,0.13818,0.0727318,0.0157166,12,0.408166,0.486844,15,96.3906,58,1.22,216.218,0.762563,0.173860435796975,0.219887,451.395,0.438263,0.100213,0.0115668,1
0.0244715,3,0.00425596,0.0370822,0.0131902,9,0.36007,0.362266,15,64.4847,59,2.16,201.069,0.300411,0.124577986841111,0.4365,526.38,0.315574,0.100305,0.0756112,1
0.0167801,1,0.0801579,0.0387664,0.0170865,18,0.234846,0.490015,15,36.612,60,2.42,92.5634,0.148302,0.113476383416454,0.31008,517.654,0.388524,0.10013,0.0510961,1
0.0262013,2,0.219667,0.0722921,0.0207879,13,0.267283,0.253454,15,110.435,61,2.44,428.184,0.000376985,0.160053743543222,0.481624,564.152,0.254121,0.100437,0.119003,1
0.00547669,3,-0.291953,0.0434315,0.0161143,27,0.18261,0.451003,15,91.3253,62,6.27005,514.339,0.0291641,0.0780177552459181,0.658781,978.012,0.174417,0.100133,0.249564,1
0.0250666,3,0.164818,0.0301557,0.0140794,19,0.269633,0.251394,15,102.541,63,4.39001,615.528,0.326412,0.126129404532163,0.669149,782.295,0.16354,0.10007,0.17458,1
0.0107633,4,0.151264,0.0333119,0.0222804,15,0.188457,0.419557,15,77.224,64,4.62001,339.651,0.0205521,0.114374635742001,0.584395,771.076,0.223479,0.100196,0.150225,1
0.00200271,2,-0.0359095,0.0691997,0.0154159,12,0.405365,0.464139,15,67.4287,65,1.22,130.773,0.212083,0.13437987300232,0.161749,433.843,0.508288,0.100488,0.0308071,1
0.00202356,2,-0.119731,0.0598862,0.0185755,11,0.220643,0.490311,15,37.0623,66,2.43,98.9564,-0.0105173,0.131222694834716,0.290645,526.74,0.367868,0.100123,0.0756339,1
0.00939748,4,-0.265486,0.03271,0.0144919,31,0.173467,0.241811,15,94.5082,67,11.3402,1017.3,0.254604,0.0850638936516209,0.793274,1541.69,0.0912073,0.100079,0.373789,1
0.0153616,2,0.282078,0.0783052,0.023195,13,0.261061,0.255416,15,79.2982,68,1.93,241.045,0.230659,0.176363664003942,0.365697,504.279,0.323766,0.100322,0.0944214,1
0.0266306,2,-0.027506,0.0363075,0.0151412,19,0.399823,0.141887,15,76.654,69,2.73,386.897,0.273138,0.15898385232481,0.593354,642.585,0.194845,0.100249,0.120774,1
0.000972109,2,0.00571904,0.0483219,0.0243631,23,0.349916,0.379593,15,35.203,70,1.62,80.2332,-0.0100683,0.154628710490948,0.251372,463.38,0.431668,0.10029,0.0431948,1
0.0230242,3,0.270722,0.0343979,0.021085,30,0.464341,0.469353,15,40.0374,71,1.07,80.5082,0.0995257,0.199803499731828,0.179118,413.86,0.490544,0.10055,-0.0360374,1
0.0251877,3,0.00322351,0.0745469,0.0126572,9,0.362052,0.450184,15,29.6805,72,1.31,62.7976,-0.00495373,0.203093973584561,0.153645,437.696,0.465404,0.100377,0.0375054,1
0.0272975,4,-0.0546914,0.0254836,0.0230645,12,0.348017,0.425359,15,78.233,73,2.66,277.244,-0.0588896,0.11922968860121,0.512876,598.568,0.277393,0.100207,0.100846,1
0.0212906,4,-0.215064,0.070093,0.021003,12,0.290739,0.182386,15,106.38,74,3.28,558.963,0.1859,0.145454939201091,0.591156,667.5,0.187055,0.10019,0.197631,1
0.0117682,2,-0.290264,0.0770565,0.0153872,28,0.41068,0.157331,15,70.1307,75,1.41,191.502,0.0298522,0.290545321649304,0.295026,458.876,0.360634,0.100384,0.120762,1
0.00686312,3,-0.254727,0.0241597,0.0224981,14,0.194649,0.397026,15,86.0312,76,7.39007,547.553,0.0601162,0.075450900353255,0.700909,1117.96,0.154349,0.100139,0.248292,1
0.0134614,2,0.04781,0.0636419,0.0208925,31,0.278212,0.138548,15,124.01,77,4.39001,923.861,-0.0714426,0.172740993479777,0.686459,840.153,0.131882,0.100154,0.241733,1
0.00370432,1,-0.133864,0.052937,0.0231303,30,0.37883,0.489568,15,102.609,78,1.81,282.611,0.176302,0.13078059483131,0.380367,507.185,0.357119,0.100265,0.110599,1
0.0169045,2,-0.16961,0.0707291,0.023623,30,0.393348,0.281174,15,86.9431,79,1.81,280.976,0.0448723,0.198945539048233,0.424731,506.325,0.303711,0.100052,0.129498,1
0.0298753,1,0.0773563,0.0671236,0.0109161,20,0.201709,0.16066,15,38.3672,80,3.1,146.873,-0.381472,0.166679759739562,0.451858,610.382,0.256336,0.100028,0.139757,1
0.0191008,1,0.0661424,0.0654291,0.023351,19,0.270619,0.336485,15,67.7658,81,2.23,205.39,0.333314,0.13886195902829,0.379329,522.62,0.323983,0.100097,0.0664561,1
0.00710366,3,0.0235626,0.0407877,0.023018,26,0.487029,0.40335,15,116.07,82,1.31,278.469,0.250683,0.159352325879485,0.304376,455.237,0.410853,0.100479,0.0290156,1
0.0233821,2,-0.10041,0.061461,0.0104499,20,0.469141,0.210301,15,64.5774,83,1.24,146.6,0.31927,0.228325208479171,0.264843,445.652,0.432785,0.100151,0.0751061,1
0.000953964,4,0.00750828,0.0481084,0.0100658,18,0.222867,0.161037,15,34.2341,84,2.96,115.72,0.153021,0.154333125669796,0.400603,613.426,0.290497,0.100097,0.0568476,1
0.0277404,1,0.218625,0.0224017,0.0202448,26,0.29466,0.282432,15,58.6093,85,2.8,224.204,-0.00747075,0.117263156510286,0.520304,629.214,0.257308,0.100337,0.0828783,1
0.0088739,2,0.198825,0.0663153,0.013161,26,0.178573,0.262032,15,73.871,86,4.05,347.689,0.101097,0.124103440591556,0.58078,733.635,0.20857,0.100069,0.190538,1
0.0249789,1,0.166734,0.0571644,0.0230259,23,0.332826,0.399683,15,107.979,87,1.83,313.765,-0.189433,0.132973150789816,0.37625,506.75,0.337783,0.100054,0.0636855,1
0.0252925,4,-0.0715379,0.0336662,0.0165479,19,0.409845,0.214623,15,72.4427,88,2.39,290.485,-0.0523307,0.149876969725591,0.544088,592.707,0.244799,0.100062,0.0922232,1
0.0149253,3,0.147371,0.0558235,0.0130204,8,0.27463,0.483986,15,80.456,89,2.38,269.688,-0.235572,0.11952804285704,0.435888,555.408,0.292826,0.100056,0.0924587,1
0.0169279,3,0.277688,0.0737873,0.0149874,26,0.384655,0.447558,15,91.7086,90,1.26,219.898,0.48573,0.225290323292598,0.252677,429.285,0.409985,0.10021,0.0130729,1
0.0229525,3,-0.129846,0.0254195,0.0118631,9,0.30597,0.26797,15,87.0844,91,5.04002,567.922,0.370896,0.107439914254554,0.710734,899.001,0.150479,0.100035,0.224698,1
0.0185797,2,0.064024,0.0226581,0.0110711,25,0.498692,0.197805,15,45.8045,92,1.41,120.394,0.117338,0.173590438528752,0.356795,465.76,0.374365,0.100305,0.0330458,1
0.0123516,4,-0.206887,0.03141,0.0211928,26,0.364275,0.293509,15,81.9996,93,2.53,302.102,0.056917,0.160850838092898,0.517292,609.247,0.266421,0.100056,0.141153,1
0.0245676,1,-0.215132,0.0375267,0.0196734,16,0.455057,0.225633,15,122.492,94,2.13,491.525,0.327104,0.175772156357595,0.537737,559.809,0.245508,0.100423,0.176077,1
0.00799471,4,-0.295081,0.0711986,0.0100462,10,0.305299,0.496451,15,55.872,95,1.74,131.791,-0.051036,0.15946197979246,0.261106,459.806,0.41683,0.100226,0.123249,1
0.0250847,1,0.184615,0.0773964,0.0231603,26,0.272582,0.257979,15,96.4409,96,2.48,376.867,-0.0488369,0.143305270861596,0.495837,598.182,0.25145,0.100163,0.13198,1
0.0118296,4,0.0061549,0.0519044,0.0181482,8,0.345899,0.162782,15,80.0821,97,2.88,408.64,0.103078,0.120871368602009,0.57954,618.088,0.192343,0.100049,0.155837,1
0.0291769,4,-0.209016,0.021384,0.0153225,31,0.217861,0.197263,15,52.7115,98,9.11011,458.376,0.0373363,0.09892422800422,0.77825,1358.41,0.112894,0.100073,0.246034,1
0.000677975,1,-0.0351519,0.054107,0.0156016,27,0.189906,0.34018,15,104.506,99,5.20002,567.951,0.192774,0.0913947982989451,0.618626,875.027,0.180865,0.100197,0.18889,1
0.0168861,2,0.184835,0.0671997,0.0121396,16,0.2934,0.392049,15,116.35,100,1.86,327.918,0.240575,0.16155252329718,0.346626,501.649,0.348209,0.100039,0.0569421,1
0.0156802,3,0.0854879,0.0491189,0.0180634,28,0.223036,0.375563,15,25.4227,101,3.2,89.0196,-0.0227104,0.125730619669378,0.477273,652.657,0.280668,0.100182,0.0712293,1
0.0116594,1,-0.131652,0.0738293,0.0143868,31,0.169681,0.287487,15,32.0968,102,4.04,128.292,-0.0536078,0.0955433590148211,0.508767,676.524,0.245587,0.100063,0.114754,1
0.025576,3,-0.240166,0.0631691,0.0173219,21,0.170651,0.236297,15,25.1595,103,4.77001,106.697,-0.0183984,0.151695586845022,0.566823,792.65,0.231404,0.100035,0.171363,1
0.0124719,2,0.044677,0.048401,0.0172793,9,0.152594,0.495312,15,130.411,104,5.65003,655.538,-0.158522,0.0814706482229463,0.592698,855.477,0.195216,0.10003,0.171896,1
0.0260072,1,0.146162,0.0552173,0.0105445,27,0.177208,0.285819,15,104.889,105,5.20002,590.95,0.394925,0.10408556848345,0.644696,847.806,0.174291,0.100098,0.217737,1
0.00648052,4,-0.223548,0.0215417,0.0140316,19,0.226512,0.306785,15,72.5175,106,6.11004,435.94,-0.0225919,0.110980276931994,0.681328,959.961,0.163194,0.100005,0.225762,1
0.0115099,2,-0.21801,0.0535456,0.0184716,12,0.172434,0.361048,15,44.9485,107,3.59,142.187,0.162112,0.12577855978045,0.403813,640.756,0.310568,0.100146,0.12969,1
0.00898929,1,-0.204847,0.0610554,0.0212465,32,0.256374,0.378145,15,53.639,108,3.13,207.795,0.103392,0.12024813673484,0.513127,625.022,0.253635,0.10016,0.14565,1
0.0269909,2,-0.0713536,0.0312671,0.015372,14,0.246823,0.490241,15,86.0833,109,3.42,310.834,0.0362085,0.105316760290926,0.491897,656.346,0.271837,0.100057,0.114675,1
0.00806681,3,-0.147322,0.0734574,0.0143657,10,0.215278,0.160169,15,81.7254,110,3.8,418.045,-0.120052,0.141106781428343,0.558901,691.023,0.19218,0.100209,0.182424,1
0.0092624,2,0.172812,0.0468463,0.0206667,17,0.443911,0.197655,15,25.1728,111,1.11,50.3018,-0.00163567,0.222195479443437,0.166571,411.258,0.49399,0.100624,-0.011243,1
0.00458051,4,-0.291678,0.0520823,0.0237071,12,0.409472,0.226215,15,40.8731,112,1.46,99.6019,0.101901,0.265589192372401,0.280428,460.906,0.40418,0.1004,0.120693,1
0.0285072,3,0.241412,0.0631955,0.0176377,8,0.247576,0.291547,15,93.5396,113,2.8,376.095,0.213337,0.14247891800885,0.519301,611.05,0.244143,0.100064,0.160069,1
0.025025,1,0.089146,0.0212728,0.021845,29,0.273271,0.251771,15,131.466,114,6.10004,1098.61,-0.197015,0.100732625868716,0.746474,1005.72,0.117423,0.100027,0.209199,1
0.0265825,3,-0.0379833,0.0560624,0.0209328,15,0.165225,0.439288,15,72.8553,115,4.91002,335.96,0.437824,0.102738382490769,0.555438,814.785,0.212765,0.100013,0.138995,1
0.0240547,4,0.169825,0.0370304,0.017531,8,0.166001,0.224579,15,77.8829,117,8.3601,670.562,-0.23747,0.0923454375620702,0.756219,1202.07,0.113949,0.100009,0.340509,1
0.00488569,1,0.0440618,0.0241019,0.0216733,14,0.392547,0.497189,15,80.4768,118,1.95,229.436,-0.101056,0.129117057647329,0.416267,517.436,0.345043,0.100275,0.0601916,1
0.017364,3,-0.188865,0.0797835,0.0155902,26,0.229709,0.221766,15,71.4936,119,3.78,359.129,0.107387,0.151337655429893,0.586779,714.546,0.195477,0.100094,0.2015,1
0.00516828,3,0.0563962,0.0541624,0.023688,18,0.361763,0.491311,15,44.7011,120,1.44,96.1392,0.202515,0.148810610058008,0.214784,436.982,0.456206,0.100017,0.0195345,1
0.0118409,4,0.189245,0.0223224,0.0188912,26,0.448909,0.33638,15,83.0803,121,1.69,264.071,-0.414945,0.159762166061212,0.438125,503.767,0.308919,0.100092,0.0259473,1
0.0054222,1,-0.278905,0.02199,0.0238279,22,0.396064,0.344292,15,77.4357,122,2.2,251.036,0.257038,0.153425771422676,0.473942,554.524,0.303144,0.100179,0.152096,1
0.0227554,2,0.24753,0.0437954,0.0163061,8,0.362394,0.330505,15,126.918,123,2.49,583.329,0.456386,0.130506378627863,0.573529,585.872,0.21386,0.100196,0.138894,1
0.0255575,1,0.113815,0.020977,0.0219754,23,0.407752,0.359281,15,57.4984,124,1.67,151.217,-0.223321,0.137930354925942,0.35914,484.711,0.373199,0.10005,0.0346792,1
0.0242459,1,0.167888,0.0719011,0.0167615,23,0.239611,0.267667,15,43.1678,125,2.31,138.506,0.105422,0.134418678127204,0.392768,547.338,0.306439,0.100227,0.104484,1
0.0223787,3,-0.171729,0.0710898,0.0128393,28,0.353355,0.161209,15,54.3921,126,2.1,202.168,-0.49184,0.234878505668943,0.456674,538.46,0.264655,0.100274,0.141086,1
0.0250512,2,0.185142,0.0452889,0.0137584,32,0.154142,0.142544,15,108.959,127,14.4902,1870.27,-0.325451,0.124845658495173,0.859038,1945.18,0.0571539,0.100004,0.489897,1
0.0287271,4,0.258704,0.0410584,0.0177374,23,0.162041,0.445339,15,130.868,128,7.57008,951.134,0.0859473,0.0965255837312645,0.749529,1154.2,0.135043,0.100049,0.301619,1
0.0124235,4,-0.184219,0.0311134,0.0170455,19,0.296465,0.34451,15,85.1531,129,3.41,353.323,-0.1408,0.12868947635651,0.566965,682.901,0.236797,0.100156,0.150853,1
0.0212083,1,-0.118895,0.037967,0.0202788,30,0.384353,0.292564,15,64.4881,130,1.88,180.57,-0.02136,0.179549360979307,0.39058,501.1,0.350999,0.100185,0.074845,1
0.0202008,1,-0.276447,0.0388825,0.0212023,29,0.152118,0.427906,15,33.5787,131,6.38005,148.76,0.0634152,0.0835024637466241,0.603542,926.426,0.221507,0.100033,0.172908,1
0.00874946,2,0.215017,0.0420729,0.0199978,27,0.282162,0.452766,15,55.1849,132,2.03,149.393,0.143182,0.159965976599003,0.350535,512.437,0.363282,0.10025,0.0540851,1
0.01337,3,0.046603,0.0573097,0.0155966,10,0.451159,0.117906,15,82.0349,133,1.81,346.546,0.508228,0.182402912529823,0.484478,524.544,0.232312,0.100038,0.127319,1
0.00196646,3,-0.0349215,0.0465388,0.0143882,22,0.207491,0.110578,15,24.7309,134,3.49,95.0395,-0.0875144,0.143310999187507,0.454606,645.403,0.255571,0.100117,0.0946606,1
0.00361482,1,-0.0808646,0.0788678,0.0104806,19,0.210119,0.162677,15,111.929,135,4.27,676.013,0.0687486,0.131864209935982,0.608136,755.315,0.162624,0.100122,0.209943,1
0.025045,4,0.0526113,0.028081,0.0114683,13,0.255283,0.360217,15,43.1268,136,3.01,138.982,-0.0930965,0.144081208619464,0.453625,601.327,0.304636,0.100074,0.0716332,1
0.0218549,4,-0.141323,0.0623261,0.0241553,16,0.481559,0.307193,15,100.859,137,1.32,249.577,0.270958,0.190864045635959,0.324806,461.381,0.397901,0.100368,0.0972579,1
0.0208716,2,0.0373635,0.0234848,0.018041,13,0.234549,0.422425,15,47.5158,138,3.39,156.547,0.0802878,0.112908202059117,0.462316,640.252,0.298367,0.100205,0.0857477,1
0.0136199,1,0.23199,0.027833,0.0243745,20,0.373405,0.410573,15,87.4371,139,1.89,273.671,0.205202,0.131553429342679,0.427231,513.455,0.314476,0.100335,0.0443455,1
0.0269654,2,0.235296,0.0377792,0.0153228,9,0.417696,0.424596,15,41.2035,140,1.38,102.174,0.0482098,0.189448045142588,0.301189,436.813,0.396967,0.100344,0.0317097,1
0.00680481,2,0.226518,0.0255432,0.021522,22,0.184095,0.365911,15,38.9448,141,4.15,146.435,-0.206942,0.106145689025734,0.543314,737.507,0.261017,0.100045,0.152587,1
0.0223943,4,0.120391,0.079785,0.0204887,18,0.195966,0.173059,15,124.506,142,6.71006,1171.79,-0.342386,0.143043595752186,0.759898,1059.46,0.104254,0.100019,0.346181,1
0.00805928,3,-0.274525,0.0602397,0.0161787,31,0.416584,0.252231,15,120.276,143,1.84,414.206,0.878982,0.22653130555414,0.448741,522.801,0.285265,0.100142,0.156108,1
0.00644832,2,0.00182281,0.0388878,0.0237332,11,0.318509,0.268391,15,78.8754,144,2.71,303.414,0.325754,0.0997276089360125,0.500084,580.312,0.25593,0.100357,0.111817,1
0.0245325,1,-0.163525,0.0636581,0.0210397,30,0.262502,0.171009,15,45.821,145,3.13,196.09,-0.249526,0.162756501326874,0.525916,618.58,0.229717,0.100211,0.153982,1
0.000951913,3,0.152011,0.0338512,0.0159299,31,0.348076,0.462743,15,87.8012,146,1.89,248.87,0.24439,0.150957280506031,0.378494,509.601,0.347084,0.100285,0.03381,1
0.00149705,4,0.1745,0.0256846,0.0167332,11,0.394828,0.276397,15,52.2012,147,2.03,178.404,0.0473599,0.134506224770099,0.477579,539.108,0.287047,0.100002,0.0677771,1
0.0263356,3,0.116916,0.0464391,0.0237559,8,0.420574,0.309894,15,44.0787,148,1.66,130.736,-0.0712711,0.163501688934212,0.403544,483.676,0.332523,0.100536,0.0654804,1
0.00611244,2,-0.293655,0.0653183,0.0101021,32,0.291003,0.121666,15,90.1989,149,3.06,471.471,0.406442,0.213634787495668,0.556312,642.166,0.187993,0.100167,0.226747,1
0.0268144,3,0.250522,0.0734594,0.018123,19,0.391241,0.407323,15,43.6592,150,1.17,97.8352,0.156909,0.240580857825417,0.194329,412.853,0.439867,0.100478,0.00739855,1
0.0163326,2,-0.0598145,0.0503714,0.0210569,25,0.365898,0.246718,15,119.48,151,2.54,504.496,0.274085,0.136852797733433,0.542496,601.451,0.232699,0.100159,0.113095,1
0.0110094,1,0.138909,0.0507598,0.0234172,18,0.458986,0.311763,15,86.9904,152,1.23,210.301,0.507291,0.138767699610858,0.263252,428.998,0.409269,0.100858,0.0163712,1
0.0118014,4,-0.294688,0.0590818,0.0104583,17,0.475883,0.458636,15,48.4245,153,1.17,102.898,0.175907,0.281979990731181,0.22638,433.971,0.462863,0.100259,0.0949366,1
0.019932,1,0.136855,0.0616425,0.0161816,29,0.170433,0.101008,15,74.1593,154,7.10007,697.744,0.293514,0.17327220130182,0.737526,1057.09,0.104381,0.100111,0.336459,1
0.0184973,4,0.141941,0.0727551,0.0162923,10,0.423883,0.23438,15,85.6437,155,1.38,241.489,0.546637,0.175365616439368,0.331511,462.906,0.348906,0.100286,0.0605993,1
0.00748757,4,0.0601527,0.0354531,0.0125078,12,0.292513,0.212564,15,58.4294,156,2.96,233.557,-0.0681458,0.129347141010837,0.518942,616.852,0.246012,0.100242,0.0992454,1
0.017562,1,-0.109142,0.0489986,0.0191956,25,0.461356,0.333771,15,108.014,157,1.46,280.356,0.10975,0.173755178449609,0.348937,471.502,0.379641,0.100446,0.0793424,1
0.0206865,3,-0.148378,0.0685187,0.0189577,9,0.417329,0.105804,15,112.312,158,2.25,585.181,0.0931149,0.20624339841416,0.557229,570.551,0.188692,0.100218,0.205961,1
0.00430232,4,-0.125748,0.0643041,0.0187294,28,0.207495,0.282161,15,67.4868,159,4.36,338.4,-0.260293,0.0987916981682776,0.591923,741.438,0.195894,0.10013,0.174244,1
0.0282492,1,0.242156,0.0797224,0.0174342,16,0.230391,0.199797,15,102.188,160,2.84,444.199,0.344269,0.132022659201383,0.524492,617.967,0.226254,0.100255,0.167948,1
0.0173472,4,-0.153953,0.056725,0.0205633,12,0.275172,0.113645,15,124.506,161,5.88004,1253.66,0.0628339,0.151793363417076,0.752416,946.383,0.0974703,0.100044,0.334407,1
0.00802285,3,0.12053,0.0457735,0.0103718,28,0.383535,0.281731,15,33.3266,162,1.31,68.5537,0.173704,0.19506662058274,0.182595,418.463,0.479423,0.100529,0.0161309,1
0.0102301,4,-0.227051,0.0274752,0.010373,19,0.409603,0.348307,15,102.04,163,2.29,365.527,0.231728,0.147719448830004,0.515729,563.328,0.274846,0.100362,0.154848,1
0.0208547,4,0.208604,0.0523996,0.0131662,24,0.304427,0.3405,15,34.3782,164,1.82,93.0398,0.266895,0.197803623163486,0.331389,465.674,0.363994,0.100418,0.0742698,1
0.0282422,3,-0.0919491,0.0509154,0.0178933,28,0.248966,0.244037,15,30.1565,166,3.72,124.905,-0.202485,0.137461299618894,0.566115,660.552,0.237369,0.10022,0.106577,1
0.0163892,1,0.050768,0.0322312,0.0111245,21,0.159962,0.377846,15,125.933,167,9.21012,1037.65,0.112286,0.086714232855872,0.740831,1295.03,0.119067,0.100007,0.254,1
0.00495297,4,-0.160326,0.0762401,0.0209331,8,0.43562,0.197133,15,27.3092,168,1.2,54.1984,0.20624,0.263723189145909,0.212538,427.642,0.495039,0.100149,0.103474,1
0.0267519,4,0.0401839,0.0222505,0.0180854,20,0.382524,0.455449,15,22.8721,169,1.51,44.0357,-0.125002,0.17865825615093,0.220522,453.794,0.512611,0.100605,0.0151073,1
0.00229872,3,0.259288,0.0672529,0.0134387,27,0.368933,0.445335,15,37.5971,170,1.2,79.484,-0.0747919,0.208452974273606,0.175071,421.93,0.464179,0.100033,0.00219858,1
0.0216502,1,0.0145153,0.0208272,0.0182114,14,0.450618,0.477602,15,26.5881,171,1.26,45.7609,-0.071003,0.153100537289794,0.190271,437.262,0.571156,0.100206,0.0242323,1
0.029871,1,0.282294,0.0623,0.0179427,25,0.321532,0.38169,15,60.0336,172,1.58,156.035,-0.0470362,0.149328200876215,0.302088,465.891,0.379424,0.100527,0.0428553,1
0.023759,2,-0.189149,0.0389535,0.0238802,15,0.448119,0.343829,15,101.425,173,1.67,289.007,0.00716581,0.177884111653585,0.402656,498.931,0.346359,0.100605,0.122504,1
0.0287505,2,0.261953,0.0622924,0.0102013,31,0.401916,0.265611,15,57.5658,174,1.28,145.107,0.106208,0.285867080390625,0.269266,452.772,0.389362,0.100048,0.0134831,1
0.0229224,4,0.111191,0.0466673,0.023507,29,0.32303,0.27926,15,44.7709,175,2.75,183.306,-0.115486,0.141366216950905,0.551411,607.792,0.239867,0.100111,0.0960747,1
0.0186396,3,0.00398267,0.0459443,0.0162505,18,0.413824,0.266345,15,36.1934,176,1.35,76.2872,0.111142,0.188243161481782,0.22111,441.338,0.466695,0.100274,0.0286382,1
0.0170412,4,0.0317293,0.073628,0.012154,15,0.379894,0.404388,15,63.077,1,1.28,136.433,-0.0499361,0.199272649254781,0.179454,620.411,0.45358,0.100007,0.0196633,1
0.00219924,2,0.0966877,0.0532609,0.0246555,26,0.317828,0.234191,15,54.5808,2,2.12,173.414,0.185269,0.159940378342615,0.415821,759.206,0.309123,0.100117,0.0659016,1
0.00265249,3,0.112413,0.0345536,0.0157862,15,0.18147,0.269178,15,57.6752,3,4.98002,277.916,-0.256513,0.0962299489111325,0.592777,1153.48,0.203889,0.10015,0.138513,1
0.00458099,3,0.0773742,0.060661,0.0164743,32,0.393009,0.390039,15,118.258,4,1.63,333.403,-0.159081,0.163042159983694,0.3663,707.953,0.349136,0.100338,0.0468157,1
0.0189337,3,0.0551573,0.0267591,0.0211979,32,0.315084,0.13525,15,130.557,5,6.19005,1408.41,0.608722,0.131321599978863,0.77884,1511.49,0.0909595,0.100025,0.301259,1
0.000535063,4,-0.0553706,0.075824,0.0157178,11,0.221581,0.334787,15,54.2178,6,2.23,144.819,-0.0685774,0.129749828558923,0.271349,727.806,0.367488,0.10006,0.0497747,1
0.00795181,1,0.0322729,0.0227672,0.0219186,22,0.497421,0.371205,15,104.217,7,1.54,295.391,-0.0143058,0.14565879198364,0.402222,684.126,0.347435,0.100384,0.0438254,1
0.0142664,3,-0.124053,0.0414007,0.0162664,18,0.462847,0.236022,15,91.948,8,1.63,272.213,0.53336,0.17125089583276,0.411397,715.379,0.331926,0.100171,0.108545,1
0.0229801,2,0.0504268,0.0540265,0.0117968,25,0.386412,0.312071,15,63.0429,9,1.48,151.281,-0.056575,0.192443749074714,0.272354,659.01,0.410684,0.100458,0.0336024,1
0.00635178,3,-0.208564,0.0416184,0.022404,21,0.45499,0.107288,15,45.4845,10,1.44,122.475,0.32446,0.247497245900069,0.321234,666.478,0.366157,0.100504,0.106149,1
0.028951,1,-0.031384,0.0407093,0.0120877,18,0.298363,0.220917,15,120.368,11,4.02,725.792,0.214657,0.13074583509653,0.645654,1089.36,0.162705,0.100007,0.154581,1
0.0218193,4,-0.156797,0.0481141,0.0161791,25,0.475654,0.270402,15,92.3523,12,1.61,279.629,-0.114682,0.214230825654827,0.425997,710.981,0.324713,0.100222,0.108612,1
0.00451972,1,0.148066,0.0282423,0.0173518,17,0.463665,0.210234,15,44.2167,13,1.39,116.055,0.167023,0.163604174378633,0.329516,663.349,0.376143,0.100638,0.0339359,1
0.00480139,1,0.0654151,0.0203956,0.0134453,28,0.222108,0.407772,15,74.6724,14,4.50001,327.881,-0.0289006,0.099978807328474,0.579918,1084.78,0.223504,0.10004,0.107967,1
0.00235646,3,-0.0658441,0.0553048,0.0162911,10,0.371403,0.221241,15,92.5601,15,2.12,329.035,0.102885,0.119982654771928,0.463666,754.413,0.277229,0.100459,0.127947,1
0.00500702,4,-0.29736,0.0704731,0.0172551,24,0.336584,0.19109,15,69.3277,16,1.9,219.166,0.0166739,0.200735258222441,0.374104,728.96,0.311028,0.10023,0.141142,1
0.0141613,2,-0.115223,0.046175,0.0145704,23,0.190752,0.457157,15,25.8497,17,3.47,82.7999,0.0408963,0.106097130760487,0.411389,892.044,0.306869,0.100198,0.109676,1
0.0197571,3,0.000587664,0.0680757,0.0134225,32,0.463639,0.356509,15,34.6907,18,1.24,87.1775,-0.178775,0.21423515179066,0.265136,639.054,0.391712,0.100343,0.0321039,1
0.0295416,4,0.296086,0.0445878,0.0142491,31,0.420034,0.264436,15,56.5901,19,1.43,163.312,-0.370199,0.243549081385971,0.354105,670.736,0.340544,0.10018,0.0202146,1
0.0119425,4,0.0717109,0.0639146,0.0225645,27,0.328826,0.124423,15,83.2772,20,3.06,476.024,-0.108955,0.204696905242099,0.611959,941.977,0.171765,0.100085,0.169342,1
0.0181258,4,-0.119619,0.0694654,0.0165969,25,0.286959,0.329769,15,50.4949,21,2.66,196.226,0.213003,0.152768428169336,0.488701,841.719,0.253378,0.100371,0.132933,1
0.00402877,1,-0.276037,0.073336,0.0210532,29,0.495683,0.480943,15,78.1135,22,1.14,176.829,0.69096,0.245446445720888,0.253795,620.169,0.434327,0.100225,0.0836819,1
0.012362,3,0.0936159,0.0740831,0.012621,14,0.464658,0.352842,15,57.496,23,1.02,113.792,0.0289884,0.177641219060295,0.142189,592.96,0.500599,0.100994,0.000885725,1
0.0228055,4,-0.0286366,0.0312055,0.0209824,28,0.461774,0.336863,15,118.716,24,1.99,416.211,0.120086,0.159459358183876,0.50661,754.569,0.280429,0.100221,0.0761783,1
0.00388168,3,-0.224453,0.0690764,0.0212884,31,0.327937,0.359752,15,27.63,25,1.85,75.2132,-0.0957318,0.189506523327958,0.341329,702.725,0.360983,0.100169,0.101401,1
0.0108072,3,0.195785,0.0645196,0.0235626,27,0.389113,0.459264,15,117.658,26,1.48,318.3,0.183315,0.186310298014864,0.336644,669.024,0.363254,0.100174,0.0297253,1
0.0287996,4,-0.0755834,0.0623924,0.0185511,31,0.165175,0.26456,15,60.433,27,9.03011,483.354,0.147279,0.0822391611417657,0.764859,1782.06,0.122714,0.10005,0.18928,1
0.0163263,1,0.270354,0.0658211,0.0204772,22,0.437068,0.40972,15,61.5515,28,1.03,127.064,0.017599,0.166223318641295,0.150061,593.456,0.479755,0.100957,-0.0218151,1
0.0119628,4,-0.00096821,0.0316572,0.0161051,11,0.200378,0.270313,15,62.7043,29,5.51003,340.106,0.0840753,0.109972509628112,0.622041,1218.89,0.180964,0.100055,0.152629,1
0.0160995,3,-0.290248,0.0405374,0.0108703,24,0.375513,0.172662,15,123.867,30,2.94,661.813,0.0906051,0.185551358409669,0.604781,924.865,0.183783,0.100096,0.225617,1
0.0101168,2,0.158811,0.0763768,0.0173052,12,0.432348,0.282302,15,49.7158,31,1.07,105.608,0.321561,0.191733646872472,0.157921,586.693,0.465667,0.100834,-0.00180602,1
0.00714605,1,0.294332,0.0741196,0.0119684,19,0.306076,0.49708,15,110.195,32,1.52,272.734,0.4077,0.154072159820102,0.271649,659.14,0.398923,0.100646,0.0380267,1
0.00140818,4,-0.0407126,0.0437101,0.0139522,10,0.309919,0.275859,15,29.1459,33,1.84,63.9814,0.076961,0.126440396903793,0.256633,681.198,0.447556,0.100151,0.0546691,1
0.0250888,4,-0.142492,0.0262989,0.0156184,28,0.339843,0.42335,15,69.0352,34,2.54,222.004,0.248373,0.135006693212713,0.478832,828.323,0.306144,0.100357,0.114378,1
0.0178351,1,0.256197,0.0385589,0.0108155,24,0.163576,0.353147,15,46.4008,36,3.99,172.314,0.153015,0.104192331669349,0.522059,981.368,0.264283,0.100045,0.180941,1
0.00101478,3,0.124984,0.0383125,0.0167354,12,0.264461,0.158216,15,44.4824,37,2.78,166.943,0.442224,0.128226962064305,0.468201,852.973,0.262262,0.100334,0.126655,1
0.0265416,3,-0.0303573,0.036411,0.0146687,20,0.349234,0.495862,15,122.984,38,2.15,366.233,-0.0319065,0.133616744556513,0.415145,767.998,0.330766,0.100406,0.0668704,1
0.00424726,4,0.274492,0.0760051,0.0228329,25,0.454828,0.195688,15,61.2286,39,1.01,141.921,-0.110439,0.281031014524959,0.177726,600.865,0.426284,0.100722,0.00400275,1
0.00276512,2,-0.261196,0.0718253,0.0125353,29,0.403589,0.13335,15,55.5996,40,1.4,142.676,-0.100495,0.273920450545706,0.272318,647.264,0.38337,0.100283,0.109065,1
0.0195252,3,-0.0387748,0.0691036,0.014562,16,0.437746,0.407729,15,125.659,41,1.28,276.963,0.118277,0.161383640087583,0.251085,638.452,0.447764,0.100602,0.0384203,1
0.0197287,2,-0.0420238,0.0280589,0.0208856,16,0.409455,0.313369,15,73.5103,42,1.94,217.55,0.0624687,0.13655620316845,0.430545,733.41,0.331739,0.100078,0.0802997,1
0.0289834,2,-0.0947609,0.0676187,0.0130701,29,0.213323,0.339099,15,57.5819,43,3.96,260.783,0.0938366,0.121525792560831,0.56531,1038.11,0.216897,0.100133,0.145202,1
0.0191226,2,0.0050848,0.0438308,0.0160476,11,0.431918,0.182907,15,113.458,44,2.5,589.779,0.270351,0.131921804525545,0.593509,845.039,0.18932,0.100319,0.152224,1
0.0257092,3,-0.225356,0.0747339,0.0135988,18,0.28675,0.423539,15,48.3836,45,2.07,143.463,0.155612,0.193386982568183,0.351713,738.452,0.332308,0.100441,0.127792,1
0.0286606,4,-0.168636,0.0393116,0.022979,18,0.210653,0.132556,15,83.7485,1,11.3102,1194.26,-0.0184613,0.107706951368892,0.829139,1575.64,0.0688056,0.100018,0.402058,1
0.0200124,4,0.17707,0.0446523,0.014378,13,0.247507,0.439584,15,23.452,2,2.03,55,0.0887968,0.168056626995987,0.272097,489.043,0.419228,0.100222,0.058754,1
0.0175681,1,0.162719,0.0518394,0.0218055,23,0.224993,0.444968,15,32.6464,4,2.61,99.5041,0.118423,0.107289305468876,0.400364,561.606,0.322674,0.100254,0.108995,1
0.00285751,2,0.0430387,0.026364,0.0162161,26,0.484728,0.464211,15,109.413,5,1.34,255.906,0.11913,0.1605518795122,0.303567,443.175,0.421192,0.10042,0.0252461,1
0.00885092,2,0.0197899,0.0504482,0.0138835,23,0.187218,0.173913,15,83.0962,6,6.13005,590.537,0.154795,0.11968430454386,0.673638,939.878,0.138163,0.10009,0.215807,1
0.00274659,1,-0.0424365,0.0599461,0.0150416,20,0.438115,0.325799,15,36.6697,7,1.16,71.5097,-0.451651,0.193217265593071,0.15671,406.161,0.507475,0.10088,0.0282384,1
0.0139369,3,-0.0672237,0.0428682,0.0243817,11,0.356806,0.122849,15,120.539,8,3.8,920.197,-0.33081,0.134446231270808,0.68176,747.018,0.128601,0.100076,0.254849,1
0.00701517,1,-0.242572,0.0585241,0.0224133,30,0.30982,0.420492,15,61.655,9,2.39,206.715,0.156364,0.132149474348854,0.449997,550.941,0.293338,0.100254,0.151157,1
0.0178419,2,-0.151925,0.0762186,0.0122048,32,0.187562,0.365816,15,108.852,10,4.93002,601.073,0.101517,0.0985018216056943,0.628016,812.742,0.177943,0.100162,0.203417,1
0.00283379,1,0.247709,0.0221325,0.0227556,27,0.46746,0.392409,15,121.573,12,1.66,413.052,0.451131,0.14098156233772,0.458479,497.788,0.289739,0.100347,0.0160664,1
0.0207536,2,-0.0842208,0.0790706,0.0119192,27,0.404927,0.209936,15,57.5768,13,1.47,155.24,0.053065,0.250440661263624,0.316964,465.288,0.366103,0.100621,0.0863818,1
0.00523207,1,-0.247086,0.0673139,0.0225654,14,0.194694,0.129079,15,43.0498,14,3.47,179.543,-0.0433285,0.170712610299859,0.468387,625.158,0.235395,0.100075,0.175106,1
0.0131994,1,0.117213,0.0406656,0.0148696,30,0.289476,0.113119,15,84.3392,15,3.78,564.4,0.3983,0.174501646397658,0.638146,719.988,0.146796,0.100139,0.201058,1
0.0215921,4,-0.0217036,0.0217637,0.0180897,18,0.36328,0.133714,15,50.9731,16,3.91,320.218,0.0265828,0.143765541654218,0.679072,725.656,0.156223,0.100041,0.10654,1
0.0134201,2,0.138118,0.0725857,0.0143892,26,0.157479,0.226221,15,26.0228,17,4.09,110.786,0.157574,0.118662898560358,0.541712,710.956,0.230453,0.10001,0.142758,1
0.0206657,1,-0.0758099,0.0250872,0.0235105,28,0.19801,0.338195,15,108.17,18,8.4201,860.87,-0.137657,0.0829406688625909,0.742871,1193.56,0.123278,0.100011,0.244076,1
0.0144667,3,0.268576,0.0510625,0.0185629,20,0.243409,0.36053,15,39.8279,19,2.19,111.024,0.155337,0.17486269332314,0.36577,518.26,0.352393,0.100136,0.078099,1
0.0268562,4,0.27737,0.0529081,0.0187512,16,0.32533,0.286148,15,117.474,20,2.32,475.781,-0.164023,0.17878812475251,0.518891,574.719,0.242786,0.100235,0.101888,1
0.0169916,4,0.0475463,0.0654436,0.0126426,22,0.247036,0.169971,15,121.645,21,4.76001,878.015,0.53975,0.163132398132649,0.684804,850.491,0.13595,0.100027,0.241837,1
0.0182516,1,-0.106421,0.0501084,0.0110218,30,0.479949,0.370892,15,90.881,22,1.24,195.512,-0.313622,0.184864972410012,0.264986,443.908,0.456135,0.100029,0.061586,1
0.00771319,2,0.111304,0.0523925,0.0152139,32,0.242365,0.272042,15,31.8433,23,2.68,105.963,0.263639,0.136356110776954,0.431071,565.044,0.29505,0.100084,0.106638,1
0.029455,2,-0.183438,0.0316405,0.0221495,32,0.163808,0.209384,15,30.8547,24,8.6801,198.794,0.085062,0.110609853377843,0.715167,1173.21,0.152343,0.100054,0.186966,1
0.0093981,1,-0.130099,0.0228614,0.0203454,31,0.349953,0.240209,15,34.808,26,2.03,90.023,0.167867,0.15494522332031,0.361014,503.143,0.379805,0.10013,0.0822947,1
0.0037148,2,-0.242856,0.0701469,0.0219409,27,0.467707,0.481502,15,83.0348,27,1.24,194.653,-0.0837812,0.196682577316354,0.274782,438.876,0.419091,0.100148,0.095809,1
0.000899583,2,0.0429617,0.0616855,0.0135256,17,0.375132,0.204788,15,62.8244,28,1.44,148.981,0.11007,0.147357642152074,0.24491,448.503,0.414832,0.100278,0.0304229,1
0.00806953,3,0.0792343,0.0408211,0.0107296,26,0.450285,0.169338,15,26.0653,29,1.15,50.8914,0.076889,0.228107801064036,0.16573,420.182,0.505994,0.100707,0.0193158,1
0.0103149,3,-0.2607,0.0233495,0.0105365,11,0.159708,0.304827,15,79.5374,30,12.1202,768.88,-0.00396755,0.0670819636361737,0.782308,1571.54,0.101486,0.100006,0.357643,1
0.0283402,1,-0.142097,0.0229437,0.0213569,16,0.491501,0.477848,15,89.5269,31,1.49,219.918,0.163972,0.131261979177076,0.367742,479.64,0.400744,0.100347,0.0981154,1
0.0256626,1,-0.15629,0.0357439,0.0172854,32,0.357156,0.224418,15,121.259,32,3.42,662.937,-0.133135,0.159806543443177,0.640457,686.896,0.179496,0.100033,0.184101,1
0.0175223,1,-0.257295,0.0754549,0.0153805,16,0.28136,0.341465,15,41.8537,33,1.92,112.777,0.367182,0.212402409044873,0.291259,491.751,0.366015,0.100535,0.0957891,1
0.0161571,4,0.0106195,0.0739208,0.0110336,9,0.200056,0.255372,15,99.5264,34,3.64,445.038,-0.340216,0.104992658072669,0.518483,677.282,0.219825,0.1002,0.106761,1
0.016604,2,-0.221808,0.0781255,0.010867,20,0.298503,0.381981,15,116.198,35,2.2,369.589,-0.244477,0.176966908341748,0.41563,541.55,0.309213,0.100256,0.125569,1
0.00834026,2,0.228594,0.0439154,0.0112278,22,0.242295,0.145472,15,97.6909,36,4.25,657.721,0.474593,0.145926155786821,0.657255,775.625,0.145872,0.100113,0.22366,1
0.00720622,1,0.0921591,0.0535206,0.0113092,19,0.288319,0.204518,15,124.827,38,3.36,679.355,0.0976038,0.119415015539509,0.6006,674.468,0.180444,0.100107,0.145997,1
0.0233751,4,0.0539669,0.0740606,0.0192146,15,0.160613,0.192718,15,55.836,39,6.56006,404.959,-0.132994,0.114527370421269,0.69997,992.951,0.135308,0.100035,0.26158,1
0.0068644,3,0.0184243,0.0626581,0.0185748,21,0.266939,0.12018,15,64.9431,40,3.05,308.112,-0.27426,0.184723768172873,0.523988,633.921,0.207162,0.100188,0.141206,1
0.0248933,2,0.242783,0.0767936,0.0157017,8,0.398642,0.24219,15,29.8839,41,1.12,60.0412,0.165646,0.251385024502862,0.17548,413.124,0.4892,0.100191,0.0395594,1
0.0152717,4,0.114128,0.0544303,0.0137202,14,0.259621,0.165928,15,52.5011,42,2.88,213.08,0.127633,0.188402440559709,0.501396,612.656,0.242104,0.100163,0.113068,1
0.0139058,2,-0.22964,0.0208129,0.0238061,26,0.27311,0.299178,15,49.0157,43,3.7,194.282,0.0445611,0.130413601465275,0.555132,682.716,0.247927,0.100173,0.160811,1
0.0118012,1,-0.0838687,0.0481398,0.0137703,32,0.190099,0.153043,15,61.9928,44,6.17005,423.16,-0.0828464,0.133484969764862,0.67133,966.642,0.143765,0.100034,0.211676,1
0.0201538,1,-0.0550564,0.0666215,0.0189034,9,0.188972,0.211602,15,115.142,45,5.19002,738.246,0.282321,0.0991303545038948,0.635312,846.319,0.15326,0.100168,0.229611,1
0.000573891,3,-0.160245,0.0676743,0.0173858,26,0.239163,0.437421,15,92.603,46,3.13,355.903,-0.0126527,0.104758793918903,0.495715,640.571,0.255963,0.10028,0.161307,1
0.00628942,4,0.113446,0.0243966,0.0249407,19,0.279162,0.106882,15,121.174,47,7.77008,1534.25,0.15246,0.137751885659171,0.809346,1176.15,0.0775336,0.100071,0.38358,1
0.0217357,4,-0.139685,0.0431476,0.0134997,26,0.409621,0.320719,15,89.9841,48,1.85,267.859,-0.117328,0.163380319287374,0.422776,508.937,0.329918,0.10011,0.10659,1
0.010237,4,0.182667,0.0292859,0.0119454,21,0.284918,0.135481,15,39.5074,49,2.78,156.92,0.0221075,0.187684680365717,0.50418,584.059,0.247233,0.100101,0.112368,1
0.00324982,4,-0.0793875,0.0403242,0.0155396,16,0.191315,0.331551,15,103.466,50,5.90004,606.69,0.137341,0.0914283413937158,0.646401,909.702,0.167404,0.100061,0.180924,1
0.0127192,1,-0.23323,0.0508072,0.0104966,20,0.294678,0.175137,15,97.5272,51,3.52,520.058,-0.0295986,0.168871052353024,0.602066,667.895,0.184336,0.1002,0.202348,1
0.000730357,4,0.239265,0.0576752,0.013108,13,0.22924,0.166741,15,99.9678,52,3.65,572.321,0.213156,0.149131608553285,0.604198,676.198,0.171589,0.100138,0.200243,1
0.0265119,4,-0.177957,0.0599005,0.0242892,25,0.481122,0.325891,15,118.944,53,1.61,382.611,0.441179,0.190726130348014,0.44448,502.614,0.305549,0.100191,0.132764,1
0.00199801,1,0.187568,0.0763468,0.0248975,20,0.370655,0.137125,15,46.5602,54,1.27,114.679,0.156195,0.229777169084588,0.211485,429.552,0.400137,0.100463,0.0398628,1
0.0182191,2,0.253796,0.0777269,0.0140435,13,0.322957,0.240368,15,116.804,55,1.71,370.734,-0.0843992,0.17422130370537,0.374344,485.942,0.30909,0.100005,0.0811578,1
0.014277,4,-0.2754,0.0309636,0.0198162,21,0.150323,0.398684,15,104.265,56,12.3802,989.701,0.0575276,0.0667917986949372,0.784715,1604.61,0.103394,0.100044,0.35789,1
0.00359167,2,-0.182527,0.0577541,0.0185351,28,0.304347,0.358818,15,68.9319,57,2.32,218.281,0.213913,0.141203641131791,0.422732,531.692,0.311067,0.100411,0.126298,1
0.0272093,4,-0.0630083,0.0589308,0.0111782,22,0.411898,0.257778,15,92.2887,58,1.89,312.415,-0.0647017,0.183790363287226,0.455124,526.759,0.290934,0.100394,0.0986183,1
0.0242855,4,-0.0602397,0.0401194,0.0246296,26,0.197067,0.475325,15,102.324,59,6.81006,660.626,0.0369677,0.0760158583231112,0.700859,1034,0.152018,0.100047,0.173621,1
0.0166802,1,-0.0514147,0.0561991,0.0221864,25,0.378784,0.199683,15,101.213,60,2.2,395.329,-0.0228867,0.161111970714701,0.493524,552.546,0.25205,0.100355,0.101149,1
0.0165235,3,-0.0800005,0.0411286,0.0188421,21,0.204561,0.454795,15,117.641,61,4.98002,578.212,0.198084,0.0949527493938109,0.604596,825.794,0.199934,0.100172,0.170115,1
0.0142315,1,-0.144034,0.058763,0.0108694,30,0.293817,0.35104,15,100.614,62,2.59,353.178,-0.0595915,0.145343067571229,0.469944,585.63,0.280091,0.100222,0.135255,1
0.0265714,2,0.0825085,0.0714204,0.0142035,22,0.326196,0.160478,15,76.2635,63,2.18,292.147,0.246372,0.218385492377891,0.463562,541.694,0.256786,0.100273,0.111519,1
0.0215276,4,0.0595578,0.0678279,0.0208142,11,0.40402,0.319974,15,111.509,64,1.62,337.221,0.281439,0.146112550772199,0.381413,482.494,0.325608,0.100376,0.0615935,1
0.0278117,4,-0.000134143,0.0609261,0.0154303,16,0.35105,0.208925,15,106.444,65,2.65,491.7,-0.327679,0.164058067546278,0.557499,580.379,0.212426,0.100027,0.0991164,1
0.0234997,4,0.199781,0.0211134,0.01213,10,0.33767,0.453422,15,30.2905,66,2.2,88.6599,0.0641976,0.168016263715872,0.447783,521.828,0.336168,0.100302,0.0460193,1
0.0216749,4,-0.27817,0.0707331,0.0249466,22,0.376377,0.472938,15,108.763,67,1.92,353.995,0.145557,0.188996822135773,0.436797,519.163,0.301731,0.100108,0.149176,1
0.0250158,4,0.17682,0.0464039,0.0212991,9,0.435814,0.189828,15,94.0864,68,1.92,393.616,-0.221555,0.183160643686405,0.513059,531.09,0.234945,0.100194,0.105282,1
0.0170057,4,-0.254395,0.0576439,0.0152326,8,0.180547,0.165116,15,131.157,69,11.4502,1842.86,0.255657,0.11287294976225,0.822861,1523.05,0.0698403,0.100032,0.444018,1
0.0168312,4,-0.0502713,0.0764753,0.0220122,20,0.155021,0.208719,15,112.255,70,9.37012,1158.67,0.126089,0.104161601269063,0.777311,1332.06,0.095058,0.100017,0.379659,1
0.0230193,2,-0.0813306,0.0594596,0.0184835,10,0.294352,0.341494,15,54.2277,71,1.93,134.104,0.0185404,0.131819289417289,0.291288,495.622,0.397496,0.100204,0.0742364,1
0.00353814,3,-0.213808,0.0472881,0.0130878,32,0.399259,0.376976,15,92.5672,72,1.76,252.652,-0.00352044,0.163413254817974,0.383256,502.486,0.360724,0.100362,0.114597,1
0.00160533,4,0.213366,0.0796775,0.0167712,17,0.194413,0.498595,15,117.72,73,2.89,419.136,-0.0579565,0.145382034392499,0.471233,615.62,0.276152,0.100227,0.126195,1
0.0185804,4,0.287517,0.0362766,0.0113447,31,0.38106,0.449975,15,63.0624,74,1.42,154.019,0.193671,0.194682824582995,0.278927,443.161,0.404357,0.10067,0.00625503,1
0.00314337,4,-0.0293814,0.0479356,0.0165608,9,0.263076,0.385141,15,44.5209,75,2.27,113.154,0.25288,0.10736690758182,0.314856,508.32,0.386575,0.100154,0.0487185,1
0.0154767,3,0.245757,0.0514695,0.0185193,16,0.251207,0.321432,15,50.6782,76,2.26,151.996,0.152679,0.157215540639186,0.391549,537.921,0.327648,0.100173,0.0752138,1
0.0295747,4,-0.0629035,0.0774143,0.0103315,30,0.189622,0.343685,15,46.5255,77,4.43001,211.997,0.142001,0.117509244407101,0.591291,753.884,0.215529,0.100109,0.117304,1
0.00762231,4,-0.274467,0.0242576,0.0102228,29,0.268894,0.484434,15,55.608,78,2.95,162.956,0.189354,0.128555707632179,0.440991,594.919,0.335084,0.100097,0.164858,1
0.0275097,3,0.0437067,0.0590087,0.0175732,26,0.366097,0.198723,15,78.9833,79,2.45,337.355,0.225238,0.18750270068639,0.545321,579.555,0.229833,0.100068,0.118131,1
0.0232906,4,0.21506,0.031479,0.0197087,11,0.221939,0.408192,15,66.9653,80,3.67,272.767,0.0906792,0.111423356140389,0.556022,690.977,0.240859,0.100008,0.150067,1
0.0231715,3,-0.214083,0.0732715,0.018145,17,0.167175,0.213483,15,85.9857,81,7.10007,679.668,0.168479,0.119117547551055,0.716857,1054.97,0.124214,0.100086,0.295802,1
0.00206764,4,-0.0921526,0.0797742,0.0213289,23,0.458623,0.233946,15,77.9927,82,1.21,181.415,-0.390468,0.196449290785254,0.258073,445.554,0.42207,0.100077,0.0521656,1
0.0168794,3,-0.190913,0.0410768,0.013803,28,0.364192,0.387705,15,127.639,84,2.47,468.696,-0.108074,0.153579644885795,0.516666,577.696,0.26763,0.100178,0.141297,1
0.0288092,2,0.166953,0.0435433,0.018983,17,0.181157,0.317181,15,26.1301,86,3.61,92.4104,-0.00216225,0.131607199216563,0.481566,648.27,0.277427,0.100014,0.150448,1
0.00438533,1,-0.00377576,0.0662213,0.0243836,23,0.408249,0.220247,15,106.238,87,1.66,332.288,0.285081,0.158990433630842,0.386733,489.999,0.31368,0.100012,0.0501799,1
0.00484606,4,0.00526674,0.0667379,0.0181278,30,0.25263,0.260575,15,96.6406,88,3.38,443.296,0.01542,0.125663960807839,0.553513,668.662,0.214125,0.100123,0.146211,1
0.0239031,1,0.0175964,0.0708682,0.0185689,26,0.249175,0.276643,15,36.9601,89,2.56,128.077,-0.210409,0.147540706493084,0.415282,560.576,0.283898,0.100284,0.0951579,1
0.00843596,3,0.08196,0.0606268,0.0237872,15,0.383915,0.414888,15,113.453,90,1.44,272.895,0.0386436,0.142357332664567,0.26689,452.192,0.410909,0.100753,0.0320165,1
0.00567111,1,0.112229,0.0544744,0.0168794,24,0.176136,0.332125,15,55.9614,91,4.08,229.486,0.200572,0.107927895413654,0.532212,716.387,0.239229,0.100003,0.156704,1
0.00155186,4,0.226246,0.0279501,0.0223504,16,0.290693,0.228156,15,38.2707,92,2.38,125.473,-0.232377,0.1417082042203,0.441031,553.089,0.299922,0.100236,0.075301,1
0.00365181,1,0.079925,0.0409317,0.0110723,9,0.157321,0.396098,15,87.9396,93,5.92004,466.315,0.0294391,0.0893343211116699,0.618949,920.479,0.185125,0.100067,0.172069,1
0.00044347,1,0.0959378,0.0576202,0.0171757,15,0.299656,0.12695,15,28.1496,94,1.75,72.3575,0.207215,0.159330386445253,0.263488,477.028,0.383429,0.100468,0.0550467,1
0.0192967,1,-0.0979619,0.0373172,0.0200757,13,0.178557,0.189675,15,103.242,95,9.74013,1115.63,0.0673004,0.109278792159612,0.770255,1352.85,0.0908033,0.100023,0.345056,1
0.02368,1,0.296513,0.0569366,0.0182652,21,0.252352,0.493595,15,53.6049,96,1.96,142.107,0.233141,0.130815554922426,0.328285,496.738,0.371816,0.100478,0.0652167,1
0.013851,3,0.194539,0.0245912,0.0196447,25,0.352409,0.262161,15,75.0057,97,2.41,290.943,-0.107754,0.156186566790003,0.517035,562.819,0.253496,0.100234,0.0732318,1
0.0171476,3,0.0776533,0.06244,0.0153931,23,0.37046,0.239078,15,34.9995,98,1.47,85.2331,0.23019,0.228118010539804,0.26578,456.015,0.403689,0.100213,0.0484331,1
0.00416058,2,-0.0558172,0.0629993,0.020765,31,0.46746,0.166053,15,94.9932,99,1.47,284.399,-0.166811,0.191532568007454,0.379713,452.751,0.328156,0.100149,0.0811451,1
0.0274769,3,-0.288011,0.0366809,0.0127493,9,0.285096,0.464602,15,121.103,100,3.89,563.311,0.138819,0.114525808280923,0.614125,730.552,0.210918,0.100009,0.218453,1
0.0265309,3,-0.281269,0.0486542,0.0205536,28,0.203905,0.302425,15,105.426,101,8.30009,911.581,0.0988356,0.0875784712527803,0.769578,1209.75,0.113469,0.100013,0.311276,1
0.0151785,1,-0.0196365,0.025848,0.0242999,16,0.297806,0.31684,15,62.8696,102,3,229.658,0.193123,0.114646308933059,0.502014,608.596,0.268864,0.100116,0.072619,1
0.0197959,3,-0.218549,0.0724873,0.0133873,26,0.340593,0.256631,15,63.2055,103,1.96,203.713,-0.0631559,0.223120558862448,0.401468,522.932,0.3054,0.100338,0.139328,1
0.0011465,3,-0.0553807,0.0474022,0.021695,12,0.216865,0.152078,15,25.9842,104,2.9,80.4947,0.11907,0.130381121355947,0.367672,576.827,0.317746,0.100339,0.0602219,1
0.0134185,3,-0.0669974,0.0237269,0.0223003,32,0.489039,0.133923,15,42.5899,105,1.62,127.178,0.112214,0.192774931044165,0.41742,470.061,0.329184,0.100202,0.0732038,1
0.0220871,1,-0.0327196,0.0341747,0.0163498,12,0.334464,0.439375,15,57.7443,106,1.94,142.693,-0.137033,0.105605827009331,0.324066,503.255,0.397346,0.10009,0.0507828,1
0.018076,2,-0.157573,0.0562949,0.0152133,18,0.3186,0.388253,15,54.3199,107,1.78,128.866,-0.100465,0.17113985287509,0.275613,479.798,0.413882,0.100089,0.0830578,1
8.72561e-05,4,0.111608,0.0484325,0.0109312,29,0.160215,0.317772,15,80.7963,108,5.62003,434.369,0.0162723,0.0886572829217991,0.627546,881.199,0.182664,0.100104,0.205261,1
0.00538747,4,0.232024,0.025452,0.0208074,12,0.478694,0.331254,15,53.9873,110,1.56,170.726,-0.183271,0.15859206121707,0.433272,488.062,0.312639,0.100782,0.00855517,1
0.0172082,1,-0.170377,0.0471248,0.0146829,22,0.490131,0.471556,15,127.815,111,1.3,292.468,-0.257892,0.16707378779927,0.303778,442.336,0.431648,0.100683,0.0897494,1
0.0198409,4,0.25802,0.021985,0.017692,12,0.230944,0.305437,15,35.919,112,3.61,141.015,0.292907,0.124551108722681,0.559821,661.71,0.250372,0.100198,0.130046,1
0.0186717,4,0.0315242,0.0493339,0.0136693,17,0.303801,0.198941,15,122.088,113,3.79,754.004,0.089211,0.130996234663976,0.645318,727.527,0.158913,0.100044,0.156963,1
0.0248621,3,-0.244052,0.0436887,0.0156127,13,0.335437,0.361633,15,24.5791,115,1.75,56.8397,0.129791,0.25856689172009,0.270293,455.885,0.425244,0.100243,0.098735,1
0.0014785,2,0.0493767,0.0230308,0.0109406,14,0.296963,0.391205,15,45.3171,116,2.43,126.591,0.0546161,0.129079321264688,0.396058,545.366,0.352011,0.100237,0.0600201,1
0.000498982,1,0.270013,0.0546841,0.0124432,11,0.238282,0.455056,15,125.335,118,2.63,432.121,0.236789,0.12053161340045,0.470689,580.588,0.284563,0.10001,0.123816,1
0.000125336,2,-0.12848,0.0702798,0.0188003,21,0.36688,0.367826,15,87.7561,119,1.56,211.491,0.168518,0.162101349797871,0.288944,464.258,0.408705,0.100405,0.0750602,1
0.00457112,3,-0.2208,0.0528403,0.0206512,27,0.388089,0.38,15,60.3302,120,1.6,152.655,0.0805615,0.191810525743728,0.315028,467.709,0.387919,0.100057,0.100919,1
0.0179987,2,-0.283033,0.0559818,0.0195015,19,0.275321,0.378127,15,122.86,121,3.23,511.473,-0.0389506,0.156433078234129,0.548147,659.101,0.235921,0.100118,0.193484,1
0.0176223,4,-0.168082,0.0230116,0.0193634,28,0.456238,0.144233,15,43.3099,122,1.77,136.198,-0.285437,0.216585953883003,0.428392,500.353,0.313188,0.100397,0.110093,1
0.00952554,3,-0.159416,0.0441692,0.0125126,20,0.276598,0.343289,15,58.2786,123,2.54,173.732,0.0879271,0.142778265627394,0.405899,568.335,0.329814,0.100224,0.101773,1
0.0156844,2,0.0243455,0.0770476,0.0197082,20,0.258976,0.301915,15,87.6311,124,2.48,305.485,0.343523,0.158101839693475,0.427444,558.729,0.28204,0.100224,0.0841992,1
0.014105,2,-0.166365,0.0419737,0.0137444,23,0.215686,0.189636,15,107.941,125,7.18007,946.837,0.206307,0.107037369425614,0.738819,1094.66,0.111888,0.100047,0.295047,1
0.0192855,4,0.0495006,0.0349491,0.0235232,29,0.432215,0.107632,15,98.9874,126,3.22,730.338,-0.505214,0.200080036957802,0.684928,698.197,0.133245,0.100214,0.167365,1
0.0185013,3,-0.261778,0.0727057,0.0123739,21,0.228087,0.442441,15,59.1638,127,2.94,214.449,-0.0177547,0.149567827275597,0.452866,610.967,0.271141,0.100183,0.17347,1
0.00274446,2,0.243572,0.0696264,0.0158922,13,0.412486,0.277543,15,40.9549,128,1.07,81.5516,0.037942,0.184088527065757,0.144357,405.662,0.495744,0.100627,-0.00786293,1
0.0184341,1,-0.136096,0.0706208,0.0127249,11,0.166291,0.183439,15,70.5937,129,4.68001,368.407,0.0442829,0.119492286852181,0.56364,780.746,0.18831,0.100176,0.190448,1
0.0227589,2,-0.0892847,0.0232073,0.0228994,23,0.255833,0.460921,15,58.0003,130,3.42,196.975,-0.289093,0.108216425039652,0.493781,652.901,0.288939,0.100027,0.105298,1
0.0214493,2,-0.210468,0.0462613,0.0101296,12,0.18144,0.486955,15,79.3748,131,4.21,296.316,0.159543,0.106863681978433,0.495931,716.213,0.262918,0.100052,0.152846,1
0.0282979,1,-0.252117,0.0720418,0.0132791,32,0.248995,0.49613,15,80.2971,132,3.01,302.852,0.0395803,0.12478403487052,0.498964,611.506,0.260744,0.100248,0.169855,1
0.0246218,4,-0.0623182,0.0262814,0.0159156,14,0.239499,0.249202,15,108.675,133,7.79008,995.957,-0.271778,0.0907769825910144,0.766631,1159.53,0.107091,0.100045,0.263646,1
0.0121987,3,-0.00770974,0.0556719,0.0152323,30,0.324062,0.213754,15,32.1813,134,2.04,97.2425,-0.301699,0.171970696362362,0.37521,512.806,0.325347,0.100214,0.0772538,1
0.0262052,1,-0.0176239,0.0309501,0.0244537,15,0.356903,0.329828,15,129.084,135,3.03,593.328,0.726054,0.110480493448529,0.588802,649.837,0.213547,0.100057,0.116405,1
0.0273899,3,0.149198,0.0683357,0.0163134,31,0.448458,0.287304,15,125.655,136,1.52,404.856,-0.00372429,0.224362363640619,0.415388,498.214,0.306225,0.100576,0.0604776,1
0.0051518,2,0.287378,0.0244253,0.0242646,21,0.342511,0.341005,15,46.7153,137,1.9,138.249,0.519218,0.150642921181312,0.400818,504.366,0.331629,0.100043,0.0243343,1
0.0213486,2,-0.0354564,0.072343,0.0121905,14,0.352756,0.250524,15,27.452,138,1.4,60.5526,0.108917,0.253234892952993,0.182867,434.352,0.447824,0.100692,0.0396903,1
0.00595178,3,0.284457,0.0283291,0.0190101,24,0.410515,0.252761,15,44.3745,139,1.4,113.849,-0.0313729,0.170497219081098,0.303312,458.698,0.382802,0.100116,0.00528407,1
0.0206529,3,0.288635,0.0412095,0.0152099,29,0.339741,0.117779,15,112.784,140,2.88,736.024,-0.451379,0.309329885211557,0.616778,652.64,0.150695,0.100248,0.200623,1
0.00396221,2,0.051035,0.0596489,0.0230628,8,0.484574,0.296441,15,25.0403,141,1.08,45.9348,0.154958,0.17119437106528,0.187498,411.789,0.538701,0.100735,0.0415427,1
0.0108752,2,0.107686,0.0263332,0.0158759,23,0.459265,0.250387,15,30.4788,142,1.19,60.2378,0.0202771,0.179922858631224,0.19737,423.176,0.497818,0.100293,0.0134587,1
0.00671545,1,-0.223812,0.0457212,0.0231137,20,0.347559,0.337525,15,109.292,143,2.43,388.801,0.178889,0.155999901954431,0.494524,565.84,0.275819,0.100022,0.14005,1
0.00463441,3,-0.0207277,0.024636,0.0155145,30,0.243515,0.35987,15,53.7005,144,3.58,194.685,-0.0384135,0.101982546930995,0.496268,660.349,0.270933,0.100126,0.081993,1
0.0230706,2,-0.0465969,0.0425458,0.0108087,20,0.472093,0.450633,15,58.8613,146,1.15,107.098,-0.00570295,0.173538112462392,0.180748,424.636,0.541281,0.100393,0.0370644,1
0.0173386,2,-0.032112,0.0710694,0.0140617,12,0.447249,0.328551,15,98.6533,147,1.25,221.995,0.402402,0.142427758621275,0.249735,436.1,0.438777,0.100648,0.0424066,1
0.0117501,3,-0.132745,0.0209738,0.0222275,18,0.488684,0.321743,15,38.1229,148,1.34,79.6506,0.0951489,0.194410133635903,0.291996,452.172,0.470079,0.100116,0.0784882,1
0.0261975,2,-0.135842,0.0672146,0.0220686,14,0.487226,0.179859,15,104.284,149,1.45,325.422,0.355446,0.18900789661229,0.395904,469.07,0.316122,0.100558,0.115747,1
0.00882339,1,-0.289542,0.0230273,0.0180981,11,0.287212,0.102716,15,67.7665,150,5.47003,563.961,0.443466,0.1596144667567,0.715401,914.284,0.11788,0.100001,0.327437,1
0.0278768,1,0.0164762,0.071207,0.016455,8,0.496087,0.251054,15,57.934,151,1.24,141.027,0.202957,0.155148955574495,0.314273,446.001,0.404839,0.100457,0.0679545,1
0.0108771,3,-0.00216562,0.0467541,0.0200648,30,0.349157,0.179624,15,86.5478,152,2.96,430.261,0.33588,0.158200982495967,0.587063,630.512,0.197721,0.100198,0.115719,1
0.0251085,4,0.294629,0.0336229,0.0226828,14,0.38246,0.481051,15,115.798,153,1.9,394.856,0.419072,0.148177115835602,0.463857,522.312,0.288239,0.100189,0.0579785,1
0.00215468,1,0.249833,0.0768129,0.020871,22,0.49068,0.448857,15,99.4239,154,0.929999,209.354,0.486204,0.173563610459347,0.157004,419.037,0.466961,0.100231,-0.0211583,1
0.000740541,3,0.262574,0.0266704,0.02483,26,0.405229,0.374173,15,85.2921,155,1.66,261.414,-0.209749,0.15022429947787,0.396121,491.64,0.321817,0.100545,0.024279,1
0.0264617,1,0.138419,0.0704465,0.012648,25,0.21843,0.401511,15,122.914,156,3.17,496.561,-0.132996,0.125177234965193,0.517766,631.705,0.243308,0.100198,0.147047,1
0.0079883,1,-0.296013,0.0781125,0.0248447,17,0.183926,0.246676,15,61.9019,157,3.95,281.617,-0.0147489,0.153851008204444,0.533017,709.671,0.215806,0.10008,0.204331,1
0.00705535,4,0.196328,0.0712278,0.0177371,23,0.150831,0.133957,15,109.241,158,8.5801,1218.1,-0.312649,0.155202115055378,0.784487,1270.84,0.0880247,0.100054,0.417583,1
0.0254561,2,-0.0603382,0.0202375,0.0161336,15,0.17212,0.29003,15,48.2786,159,7.96009,305.175,-0.319063,0.0894610031725772,0.684474,1110.21,0.155247,0.100034,0.170214,1
0.00539937,1,-0.0636337,0.0549796,0.0163728,32,0.244714,0.439344,15,40.123,160,2.84,134.339,0.00829975,0.118233018585078,0.431826,579.708,0.293375,0.10013,0.0922532,1
0.0135708,2,0.240779,0.0786181,0.0205599,28,0.477329,0.469404,15,97.6546,161,0.999999,215.832,0.261724,0.220443471809638,0.197266,415.582,0.445671,0.100408,-0.0113554,1
0.0188658,4,-0.25416,0.0449992,0.0241886,26,0.34617,0.391859,15,50.5553,162,2.2,158.007,0.377323,0.197881230140627,0.436578,534.966,0.315113,0.100394,0.126989,1
0.00416691,4,0.0759903,0.0514265,0.0219475,29,0.265676,0.443951,15,108.645,163,2.99,415.496,0.151274,0.132133623198074,0.513838,626.347,0.256555,0.100016,0.108396,1
0.0166725,4,0.0974808,0.0295267,0.0164651,31,0.421896,0.263459,15,75.5724,164,1.83,242.374,-0.0444388,0.173761854959578,0.438239,506.435,0.306606,0.100239,0.0471085,1
0.0146815,3,0.21542,0.0700721,0.0189828,9,0.153409,0.167961,15,61.6705,165,4.61001,329.091,0.322789,0.137475543817133,0.606549,747.414,0.18404,0.100111,0.246534,1
0.0135763,3,0.152931,0.0607756,0.0152204,27,0.381673,0.205455,15,77.5571,166,1.6,232.857,0.0514031,0.208936193065034,0.360715,468.744,0.327337,0.100183,0.0594764,1
0.00280356,3,0.0716839,0.0305657,0.020366,17,0.235812,0.224996,15,43.2703,167,3.54,168.879,-0.00679856,0.109821474659153,0.512947,672.326,0.251892,0.100214,0.089865,1
0.0148327,3,0.0760629,0.0691947,0.0240624,27,0.23107,0.471465,15,95.9735,168,3.43,421.597,0.608132,0.117889533588812,0.553153,673.624,0.223579,0.100117,0.137946,1
0.029238,2,0.17979,0.0740942,0.0179202,13,0.230393,0.438758,15,102.133,169,2.35,318.331,-0.244322,0.145883214201131,0.395745,545.793,0.315048,0.100097,0.0929531,1
0.0161746,1,0.0470302,0.0369163,0.0219417,18,0.308724,0.462202,15,65.2811,170,1.98,162.999,0.00946829,0.134504807891948,0.312567,475.272,0.393131,0.100061,0.0328673,1
0.0133211,2,-0.0797652,0.0654808,0.0172781,31,0.289958,0.350686,15,90.6456,171,2.64,339.12,0.0416324,0.132277991881312,0.483575,558.982,0.263102,0.100337,0.144109,1
0.0260434,3,-0.139833,0.0480698,0.019506,20,0.308081,0.151881,15,114.678,172,4.64001,879.364,0.119075,0.148976279085139,0.707269,829.363,0.128141,0.100163,0.270194,1
0.00781977,3,-0.0738202,0.0411017,0.0246426,9,0.171743,0.279452,15,91.636,173,7.58008,678.396,0.155227,0.0862587156764238,0.7006,1107.28,0.132534,0.100017,0.244479,1
0.0203667,1,0.0281479,0.0723886,0.0138344,15,0.238556,0.15912,15,115.633,174,3.99,720.971,0.138629,0.147240769909912,0.616873,742.987,0.157656,0.100202,0.180612,1
0.0256447,3,-0.218669,0.0612434,0.0141076,19,0.408425,0.360989,15,30.1741,175,1.33,66.7609,-0.225895,0.296916716630701,0.22625,437.474,0.443722,0.100076,0.0873278,1
0.0287446,1,-0.270371,0.0757642,0.0222872,24,0.274655,0.155291,15,122.316,1,3.59,729.83,0.340067,0.186189918867588,0.61569,1206.56,0.164581,0.100104,0.259203,1
0.0226355,4,0.178481,0.0393784,0.0180096,11,0.316353,0.364224,15,71.4823,2,2.27,240.608,-0.117291,0.148630707626983,0.456214,915.447,0.291574,0.100044,0.0856762,1
0.00998067,4,0.0216416,0.0504612,0.0116132,14,0.373954,0.214437,15,37.6851,3,1.46,82.9348,-0.0517906,0.167003330412595,0.224857,916.66,0.447837,0.100466,0.0341478,1
0.00822171,4,-0.0356918,0.0797967,0.0245165,25,0.439828,0.2435,15,47.2148,4,1.3,120.926,0.235077,0.215283270816006,0.284948,722.805,0.383075,0.100013,0.0673596,1
0.022173,2,0.0296634,0.0563698,0.0157889,21,0.483018,0.118254,15,66.3828,5,1.4,208.193,0.114764,0.241801763161364,0.363966,751.677,0.314488,0.100542,0.0714826,1
0.0214893,2,-0.161555,0.0569006,0.014993,18,0.352675,0.402019,15,53.7628,6,1.6,122.558,0.194296,0.199593082513458,0.260563,771.193,0.431768,0.100332,0.079715,1
0.0208133,4,-0.182331,0.0642087,0.0242612,20,0.484665,0.241824,15,23.6686,7,1.14,50.0728,-0.229983,0.295351674893974,0.221534,683.599,0.467673,0.100856,0.068112,1
0.0187902,2,-0.221474,0.0249313,0.0197454,31,0.297647,0.441764,15,94.1181,9,3.61,394.422,-0.10894,0.114870751975536,0.584281,1182.22,0.234644,0.100237,0.17914,1
0.0148291,3,-0.29108,0.0533665,0.0144718,29,0.381522,0.467547,15,90.8,10,1.8,256.272,0.123148,0.201397028115696,0.381079,830.585,0.348679,0.100316,0.137817,1
0.00994284,1,-0.113332,0.0440939,0.0168997,30,0.437507,0.252366,15,113.175,11,1.86,376.777,0.00464326,0.165364140899309,0.460809,850.317,0.294689,0.100007,0.104543,1
0.00557869,1,0.212477,0.0654151,0.0192426,24,0.269203,0.37359,15,74.4238,12,2.07,221.741,0.19536,0.146064057490142,0.378876,884.798,0.330553,0.100394,0.0803525,1
0.00206565,3,-0.256009,0.076459,0.0133704,9,0.375619,0.268044,15,52.5388,14,1.42,117.847,-0.154573,0.202368764199835,0.243621,721.113,0.439703,0.100537,0.111677,1
0.0168845,1,0.108231,0.0602203,0.0234985,28,0.340138,0.496626,15,74.9372,15,1.79,210.344,0.0827171,0.140413869509699,0.357599,838.862,0.351155,0.100476,0.0635585,1
0.0263532,4,-0.168642,0.0425056,0.0135798,14,0.295832,0.413378,15,99.4931,16,2.85,353.93,-0.135905,0.123973989904059,0.497973,1030.01,0.276409,0.100232,0.138835,1
0.0153905,4,0.0894091,0.0472108,0.0105364,20,0.35954,0.391717,15,122.57,17,1.91,370.447,-0.00965193,0.164050299909756,0.402699,860.949,0.325576,0.100306,0.0507021,1
0.028227,1,-0.239396,0.0340037,0.0175579,16,0.179428,0.278927,15,83.7924,18,7.87009,607.05,0.00457632,0.104726690171872,0.71224,2097.14,0.13552,0.100082,0.269079,1
0.0235363,3,0.0921359,0.0386344,0.0117725,9,0.176227,0.149537,15,76.9387,19,8.95011,832.926,0.134495,0.112415771822594,0.768643,2376.88,0.0906355,0.100021,0.374569,1
0.00631726,1,0.0575367,0.0487196,0.0241297,24,0.41064,0.120184,15,73.3009,20,1.87,284.905,-0.387941,0.177461027178869,0.448808,859.248,0.253634,0.100491,0.0906448,1
0.0158189,3,0.0937218,0.0719673,0.0146965,12,0.305151,0.100246,15,97.0353,21,2.63,524.437,0.552568,0.223669876821827,0.535928,1028.38,0.181584,0.10004,0.207484,1
0.0295978,1,0.154319,0.0245193,0.0138182,23,0.468292,0.176745,15,80.3914,22,1.86,323.931,-0.651024,0.153941033098014,0.501954,861.396,0.244544,0.100445,0.0777943,1
0.00907015,2,-0.00433847,0.0405159,0.0197074,20,0.273193,0.348378,15,83.244,23,2.79,284.217,-0.0566719,0.129119455811982,0.446827,993.926,0.288038,0.100249,0.0620385,1
0.00663122,2,0.264759,0.0434572,0.0170247,14,0.245725,0.327098,15,107.191,24,3.19,458.114,0.297353,0.121032534158756,0.557307,1119.99,0.22963,0.10004,0.14126,1
0.0122682,1,-0.283451,0.0418934,0.0200802,22,0.326723,0.206789,15,95.6223,25,3.14,465.506,0.18521,0.148945461939944,0.582698,1117.78,0.201532,0.100009,0.198142,1
0.0277315,1,-0.213623,0.0667126,0.0113842,25,0.474083,0.42072,15,85.0265,26,1.19,187.055,0.548718,0.237051477978686,0.246817,721.076,0.447529,0.100361,0.0800443,1
0.00500215,3,-0.114757,0.0235792,0.0216465,22,0.154272,0.250283,15,106.702,27,16.3503,1571.57,-0.53849,0.0618922466642405,0.833853,3974.48,0.0666297,0.100037,0.424531,1
0.0245831,4,0.278421,0.0643748,0.0217563,18,0.277273,0.3653,15,84.5331,28,2.36,307.972,-0.177603,0.187518002812959,0.484323,953.228,0.269596,0.100122,0.10416,1
0.0289958,4,0.120029,0.0536506,0.0152414,30,0.438361,0.466936,15,25.4122,29,1.25,58.799,-0.0154273,0.221080612865271,0.246247,694.302,0.426806,0.100668,0.0120909,1
0.0172582,4,-0.149089,0.0535592,0.0143651,11,0.189,0.405933,15,27.9997,30,3.08,82.7243,0.00216676,0.154767567645812,0.353527,1050.23,0.332043,0.100001,0.107619,1
0.00536397,1,-0.0405878,0.0434222,0.0124901,29,0.306318,0.216694,15,38.6911,31,2.08,104.927,0.209621,0.153565569216358,0.334059,856.307,0.362847,0.100307,0.0670592,1
0.00431341,4,0.0440737,0.0318622,0.0119856,17,0.437594,0.117905,15,24.9323,32,1.45,63.0454,0.177434,0.183787809518656,0.303491,740.738,0.388001,0.100013,0.0540271,1
0.0257817,3,0.103531,0.0416844,0.0219772,19,0.319713,0.499421,15,64.1244,33,1.9,167.077,0.374192,0.168220740100548,0.332148,827.305,0.377987,0.100392,0.039441,1
0.0217259,2,0.0139732,0.0797717,0.013859,27,0.30656,0.481141,15,85.1895,35,1.95,261.905,0.499152,0.156913472015459,0.361753,884.557,0.319972,0.100277,0.0722001,1
0.0219504,3,-0.285635,0.0409025,0.0151334,29,0.209211,0.139314,15,89.6154,36,8.7501,964.732,0.190346,0.130123395562722,0.77927,2313.46,0.0911471,0.100023,0.384194,1
0.0149365,1,0.147479,0.0677868,0.0248913,23,0.434949,0.397695,15,47.8284,37,1.11,101.435,0.252811,0.172411520693786,0.180615,699.611,0.463624,0.10023,0.00426608,1
0.0166526,2,0.240086,0.06426,0.0116608,18,0.247858,0.182369,15,29.013,38,1.94,79.0926,0.0480405,0.247365297562662,0.308722,833.175,0.359858,0.100001,0.0775887,1
0.0232994,2,0.165462,0.0414428,0.0204469,14,0.446272,0.371201,15,124.378,39,1.53,374.331,-0.0673788,0.148858968916382,0.392621,792.105,0.326641,0.100211,0.0490717,1
0.0143201,1,-0.0778586,0.0249768,0.0159617,29,0.495258,0.335093,15,127.271,40,1.84,432.06,0.175029,0.142776875795972,0.494418,852.979,0.289567,0.100206,0.0911967,1
0.0251572,1,0.232869,0.0279997,0.0198464,10,0.450849,0.33142,15,85.4313,41,1.95,325.208,0.11224,0.139688159732207,0.527278,870.397,0.25844,0.100285,0.0699884,1
0.0292336,4,0.0804962,0.0237439,0.0140488,32,0.312374,0.389243,15,113.682,42,3.55,536.831,0.637623,0.122894987880512,0.613083,1212.71,0.208097,0.100171,0.105107,1
0.0215068,4,0.22009,0.024547,0.0212522,28,0.289782,0.258881,15,71.354,43,3.67,360.43,-0.132723,0.142778377649712,0.632684,1185.11,0.19425,0.100022,0.107747,1
0.0283525,4,-0.176462,0.0385059,0.0172388,27,0.271076,0.425769,15,59.5211,1,3.53,237.449,0.165889,0.138510402852865,0.557522,1242.55,0.246205,0.100122,0.143795,1
0.0280361,4,-0.0718366,0.0416898,0.0100327,31,0.189961,0.208374,15,96.6523,2,11.2202,1128.98,-0.15185,0.109055541454019,0.814077,2963.76,0.0840321,0.100058,0.3586,1
0.0226881,3,0.00959216,0.0593188,0.0121834,32,0.170985,0.109835,15,24.5123,3,7.54008,176.068,0.00363921,0.12985679373275,0.724081,2049.55,0.136621,0.100034,0.129399,1
0.00553397,1,0.151673,0.0674475,0.0175132,24,0.151689,0.207529,15,64.5736,4,5.15002,352.042,-0.0179081,0.109326449918902,0.623727,1594.24,0.180114,0.100097,0.225584,1
0.00669224,2,-0.216754,0.0454889,0.01897,9,0.481742,0.225972,15,91.0925,5,1.82,320.068,0.486329,0.181415441848619,0.494904,928.219,0.280183,0.100353,0.158745,1
0.0167527,1,-0.298546,0.0569246,0.0242348,26,0.160211,0.220111,15,51.1314,6,6.91006,326.547,-0.0277238,0.100220687426603,0.678098,1948.43,0.153615,0.100005,0.248305,1
0.0215422,2,-0.0607219,0.0621542,0.0105815,9,0.455306,0.214387,15,54.0112,7,1.33,130.704,0.000711907,0.170806684652743,0.297998,777.378,0.405524,0.100035,0.0882224,1
0.00821384,1,0.28786,0.02213,0.0165367,27,0.334861,0.392966,15,82.2309,8,2.17,277.46,-0.104146,0.125238455957702,0.462146,946.03,0.291276,0.100184,0.0532255,1
0.00767393,1,-0.0670339,0.0729014,0.0217782,25,0.482143,0.151506,15,69.1917,9,1.19,168.838,0.273336,0.225186543405519,0.262839,758.554,0.4053,0.100814,0.0579276,1
0.0138073,3,-0.227585,0.0264868,0.023935,9,0.468841,0.455547,15,129.502,10,2.59,570.42,0.492048,0.131952196834762,0.622521,1095.19,0.223317,0.10027,0.171526,1
0.00708308,2,0.188781,0.0370938,0.0110352,31,0.418405,0.246961,15,50.5157,11,1.34,122.068,0.0471293,0.190819048299145,0.267948,774.238,0.406724,0.100185,0.00786263,1
0.0275188,1,-0.130302,0.0224789,0.011028,17,0.226339,0.169811,15,122.117,12,10.4801,1639.98,0.34156,0.103580416024047,0.814748,3007.22,0.0730643,0.100023,0.433879,1
0.0256857,4,0.173707,0.0775832,0.021759,19,0.41872,0.210078,15,113.04,13,1.62,399.836,0.323483,0.234365362265204,0.437099,863.163,0.278088,0.100268,0.068451,1
0.00822574,2,-0.117545,0.0456799,0.0120986,12,0.198384,0.13464,15,119.154,14,10.0101,1590.74,-0.0622691,0.108258122926674,0.802267,2861.03,0.0735001,0.100025,0.404107,1
0.0137506,3,0.166231,0.0232745,0.0193534,25,0.310589,0.273875,15,63.6233,15,2.77,245.166,0.0675587,0.139911654731315,0.523288,1080.39,0.255531,0.100373,0.0822213,1
0.0156588,3,-0.247479,0.071773,0.0245443,17,0.196915,0.22858,15,94.9436,16,5.21002,596.253,-0.0886574,0.132498856695561,0.65481,1678,0.156292,0.100053,0.281953,1
0.0274988,1,-0.238156,0.0772024,0.0199934,22,0.462789,0.276462,15,120.015,17,1.37,325.252,0.630709,0.259117287539194,0.343955,817.599,0.363757,0.100491,0.114015,1
0.0015295,4,0.0156208,0.0764314,0.0172939,30,0.286109,0.309752,15,107.015,18,2.49,399.528,0.109173,0.142886787475324,0.467971,1063.95,0.263554,0.100301,0.112818,1
0.0228533,2,0.0857613,0.0744947,0.0244406,28,0.196288,0.316692,15,106.137,19,5.13002,655.106,-0.0549267,0.0932468592104965,0.672761,1649.62,0.15907,0.100084,0.210268,1
0.0273737,4,0.270863,0.0647383,0.0191525,25,0.334583,0.14762,15,131.256,20,2.98,824.837,-0.503,0.259005489004935,0.642304,1202.93,0.156245,0.100089,0.194967,1
0.0130019,3,-0.11076,0.0372805,0.0225396,30,0.443142,0.373391,15,96.7474,21,1.7,272.638,-0.00691636,0.15863056579529,0.406519,871.201,0.349371,0.100361,0.0905134,1
0.0210566,4,-0.190902,0.0770464,0.0218854,23,0.479161,0.113365,15,26.4872,22,1.14,62.1296,-0.0402134,0.343582185786182,0.231404,729.32,0.422019,0.100908,0.0716915,1
0.0233672,1,-0.0276611,0.0598559,0.0153688,17,0.38295,0.408076,15,104.109,23,1.46,235.656,0.50707,0.138702351370954,0.250912,1132.11,0.434574,0.100273,0.0389526,1
0.00843479,2,0.112644,0.0234944,0.0136474,13,0.235494,0.340904,15,87.5225,24,5.03002,489.09,0.0841123,0.0869977543855113,0.658786,1617.62,0.175626,0.100043,0.167007,1
0.0195735,2,0.00158724,0.0292912,0.0157797,17,0.314477,0.40414,15,122.553,25,3.19,522.271,-0.030581,0.110899199217251,0.559252,1176.15,0.230585,0.100169,0.094507,1
0.0293097,1,0.0421409,0.0459521,0.0149081,9,0.300065,0.437558,15,55.4638,26,2.06,149.871,0.222536,0.100773593630543,0.337792,934.923,0.363462,0.100114,0.0494174,1
0.0220083,2,-0.173002,0.0775409,0.012356,18,0.213184,0.177018,15,119.762,27,4.88002,818.888,0.0793773,0.162168388983376,0.659196,1632.75,0.143634,0.100114,0.296099,1
0.000485857,4,-0.24682,0.0339259,0.0150569,18,0.464372,0.136911,15,130.018,28,2.51,701.598,0.526037,0.180799870116,0.613415,1101.44,0.182003,0.100114,0.232662,1
0.0281657,4,0.234147,0.0542181,0.0190157,14,0.173012,0.252005,15,68.8487,29,5.68004,423.244,0.0366903,0.131328464991578,0.689661,1724.85,0.159622,0.100027,0.252511,1
0.00331555,2,-0.285036,0.0560462,0.0135041,14,0.355546,0.140961,15,78.1487,30,2.21,298.314,-0.200822,0.19810634486493,0.468194,971.257,0.257404,0.100161,0.17916,1
0.0293774,1,-0.0480432,0.0549944,0.0240264,19,0.31701,0.26397,15,45.9584,31,1.97,126.879,-0.0506317,0.177890786948967,0.338677,877.035,0.35658,0.100349,0.0574701,1
0.010034,1,-0.18258,0.0343757,0.0233321,15,0.357809,0.221818,15,108.746,32,3.2,549.155,0.202475,0.1290431426088,0.614512,1223.18,0.194592,0.10017,0.185167,1
0.0204423,3,-0.0655655,0.0323165,0.0169333,16,0.238869,0.42658,15,115.692,33,4.63001,578.345,0.263478,0.0991595562374604,0.614974,1707.51,0.196431,0.100098,0.153563,1
0.00974379,2,0.0327257,0.0777797,0.0216021,29,0.236291,0.166112,15,39.81,34,3.18,177.61,-0.124139,0.139335390505513,0.525667,1157.38,0.220179,0.100134,0.124772,1
0.0127882,3,-0.00728753,0.0446394,0.0100332,11,0.283758,0.269674,15,84.8558,35,3.02,344.301,0.0292366,0.10376048424601,0.512863,1128.05,0.241856,0.100033,0.103605,1
0.00331791,2,0.259084,0.0381141,0.0130626,15,0.282752,0.102269,15,117.518,36,4.16,989.121,0.362653,0.241587906745116,0.687831,1508.71,0.116797,0.100209,0.299589,1
0.0216633,3,-0.244619,0.0565936,0.0131298,19,0.287952,0.350168,15,22.1491,37,2.03,57.7095,0.107731,0.232727256928833,0.308155,882.058,0.377238,0.100193,0.0997264,1
0.0277541,2,-0.23988,0.0215169,0.0188058,29,0.394027,0.344065,15,78.6348,38,2.29,262.772,0.279943,0.174556274796787,0.491703,999.237,0.294009,0.100151,0.142535,1
0.0277784,4,0.262698,0.0249092,0.0143651,18,0.191468,0.315862,15,104.731,40,7.47008,817.129,0.12265,0.0960197909481434,0.759486,2177.24,0.125783,0.100039,0.287847,1
0.0140428,3,-0.235966,0.0388352,0.0159454,14,0.491094,0.311312,15,34.9039,41,1.2,73.096,0.0835998,0.294024140416953,0.238432,751.007,0.469725,0.100275,0.0965725,1
0.0188671,1,-0.210216,0.0768368,0.0235194,13,0.422507,0.340511,15,120.307,42,1.4,292.195,0.553173,0.191436846239624,0.304032,818.282,0.406902,0.10074,0.0993938,1
0.0203123,3,-0.298037,0.0394419,0.0202808,12,0.347094,0.417441,15,35.8064,43,1.85,89.9926,0.207768,0.211752929413265,0.324256,863.506,0.390528,0.100053,0.130257,1
0.000847946,4,0.0529253,0.0474094,0.0110284,15,0.496574,0.143825,15,74.4583,1,1.39,231.667,-0.00428046,0.154836305880865,0.370239,638.712,0.316919,0.100515,0.0665418,1
0.0202379,3,0.0535673,0.0281664,0.0231498,12,0.367505,0.259329,15,78.7778,2,2.92,358.949,0.209947,0.114985927890513,0.592364,865.07,0.215634,0.100156,0.0984566,1
0.0165731,1,0.00419741,0.0504192,0.0100967,13,0.328441,0.280952,15,106.254,3,2.33,376.57,-0.0689049,0.11151801790056,0.452295,752.222,0.277714,0.10033,0.0798784,1
0.00265659,3,0.101178,0.0204478,0.0196377,9,0.463944,0.104062,15,101.451,5,3.63,931.407,-0.362535,0.200855213683298,0.735868,1057.66,0.107046,0.100181,0.269476,1
0.0252691,4,0.200086,0.0665735,0.0138443,14,0.412972,0.107049,15,118.435,6,1.76,561.655,-0.367876,0.351493679440763,0.470698,689.542,0.20731,0.100217,0.14755,1
0.0281589,3,0.260477,0.0675568,0.0109418,8,0.428178,0.102844,15,99.6614,7,1.54,424.297,-0.381887,0.411073853253661,0.425201,659.815,0.231363,0.100408,0.16935,1
0.0142291,4,-0.205137,0.0757838,0.0124666,27,0.485406,0.269648,15,117.533,8,1.31,321.208,0.0638982,0.237492889519488,0.341614,635.345,0.359742,0.100218,0.111884,1
0.0178325,4,-0.0371797,0.0323635,0.0247283,10,0.178585,0.18392,15,32.8765,9,6.31005,182.657,0.142991,0.107613063332668,0.637108,1266.97,0.1766,0.100017,0.150898,1
0.0159501,4,-0.191462,0.0515323,0.0100481,13,0.410685,0.286082,15,70.8784,10,1.54,169.233,0.391928,0.18763381376564,0.318508,633.851,0.412679,0.100442,0.111298,1
0.0285859,3,0.0809518,0.0291579,0.0126286,28,0.267941,0.248029,15,119.63,11,5.76004,917.492,0.135257,0.115997311792911,0.7321,1330.35,0.128037,0.100099,0.202872,1
0.0111538,4,0.162512,0.020605,0.0122042,30,0.198984,0.19928,15,117.409,12,10.9902,1548.78,-0.123787,0.088834496665164,0.825669,2115.67,0.074371,0.100005,0.391407,1
0.0161468,2,0.0735433,0.0490513,0.0147079,14,0.223192,0.499582,15,119.867,13,3.09,416.966,-0.191504,0.121324580206875,0.454969,831.139,0.28219,0.100063,0.0944434,1
0.00629637,1,-0.142936,0.0470882,0.0125449,8,0.334509,0.346949,15,126.794,14,3.22,612.464,0.0525857,0.0944455370206712,0.606201,901.597,0.203474,0.100189,0.201702,1
0.0181075,2,-0.222464,0.0526036,0.0102312,12,0.260328,0.13168,15,43.4743,15,3.08,179.912,0.171425,0.18914287821488,0.498354,856.245,0.237315,0.100111,0.17044,1
0.00400438,4,-0.256956,0.0469761,0.0118235,30,0.175483,0.327979,15,32.3431,16,4.57001,127.259,-0.0570518,0.109101317486901,0.524604,1032.28,0.249501,0.100071,0.167324,1
0.00591877,4,-0.0608247,0.0456318,0.0175094,14,0.484453,0.268702,15,99.7284,17,1.49,282.996,-0.251262,0.148945821254196,0.385421,652.272,0.347458,0.100507,0.0883339,1
0.00945606,1,-0.0731677,0.0752187,0.0229984,23,0.464775,0.48657,15,76.0406,18,1.15,164.248,0.586916,0.189766643332118,0.219327,586.615,0.455885,0.100379,0.0532055,1
0.0148346,3,0.235381,0.0541983,0.017621,13,0.463558,0.173206,15,98.5531,19,1.33,312.243,0.129988,0.248177009749375,0.353613,626.633,0.311312,0.100542,0.077144,1
0.00805275,4,0.115292,0.0301423,0.0110716,29,0.4874,0.22299,15,24.7494,20,1.1,48.9073,0.163941,0.20959331816131,0.182542,581.413,0.499666,0.100652,0.000720441,1
0.0243599,2,-0.0321587,0.036351,0.0118206,28,0.401878,0.357982,7.5,46.0774,1,2.46,110.983,-0.216115,0.187165904471326,0.110872,571.001,0.407652,0.100089,0.0371931,1
0.00373272,1,-0.0296034,0.0492564,0.0201277,18,0.452792,0.112089,7.5,104.125,6,2.74,488.63,-0.744771,0.168843561889588,0.302215,669.655,0.209531,0.100232,0.129585,1
0.00182708,1,0.235023,0.0693148,0.0214288,25,0.267201,0.244304,7.5,124.763,9,3.5,543.028,-0.0898015,0.139110644709995,0.286364,725.269,0.225452,0.100028,0.142496,1
0.0279892,1,0.144557,0.0363247,0.0104172,29,0.441966,0.470974,7.5,57.5601,10,2.04,138.219,0.156068,0.151991470490337,0.0721454,543.854,0.409544,0.100249,-0.00145078,1
0.0297384,1,0.0434031,0.0341545,0.0159766,9,0.302227,0.413285,7.5,120.668,11,4.25,538.272,0.293267,0.0918561495949814,0.346126,807.535,0.220205,0.100131,0.12686,1
0.0173314,4,0.118798,0.0391931,0.0207365,8,0.425177,0.16207,7.5,39.6684,12,2.55,135.345,0.328445,0.176116478594295,0.227107,582.365,0.288838,0.100457,0.095439,1
0.00114709,3,-0.230928,0.0531496,0.0219185,18,0.358479,0.260559,7.5,24.1942,13,2.67,69.6678,0.102659,0.222988380859867,0.127535,605.656,0.341114,0.100127,0.079757,1
0.0116172,1,-0.0434541,0.032622,0.0130242,17,0.407757,0.392725,7.5,65.178,14,2.46,152.275,-0.0278042,0.137614678899083,0.113714,587.825,0.420984,0.100259,0.0636632,1
0.00301067,1,0.0391686,0.059051,0.01715,20,0.410314,0.300764,7.5,47.6767,15,2.18,122.514,0.0809659,0.173508526499139,0.0759118,558.501,0.383219,0.100382,0.0136571,1
0.00483105,3,0.032477,0.03316,0.0173042,18,0.231647,0.268561,7.5,91.6612,16,5.58003,473.711,-0.258738,0.0982725272828392,0.366758,935.693,0.190015,0.100103,0.133118,1
0.00398077,1,-0.214188,0.0329692,0.0218656,32,0.152842,0.342963,7.5,65.6836,17,12.1802,544.139,-0.124475,0.0656844855648115,0.576635,1667.15,0.11848,0.100053,0.255078,1
0.0237234,1,0.143787,0.0337857,0.0246562,16,0.343605,0.355855,7.5,123.451,19,3.07,442.177,0.140808,0.113154297762253,0.230325,644.512,0.274464,0.100211,0.0872583,1
0.0218107,2,-0.143542,0.0462152,0.015839,25,0.171713,0.368452,7.5,42.9881,20,6.63006,196.72,0.116186,0.0912200387267404,0.336563,997.106,0.214579,0.100096,0.136511,1
0.0289393,2,0.212949,0.0202352,0.0155407,14,0.280481,0.31084,7.5,127.43,21,5.35003,790.232,0.17262,0.101483231224546,0.47742,919.567,0.158549,0.100225,0.216598,1
0.0011981,2,0.19371,0.0368171,0.0204714,31,0.167911,0.255495,7.5,37.4019,22,6.29005,174.134,-0.132294,0.0851434283788736,0.374495,985.169,0.210765,0.100027,0.198305,1
0.0139121,1,0.1009,0.028789,0.0179757,16,0.305305,0.164986,7.5,129.993,23,6.16005,1205.66,0.534464,0.118892938428669,0.561043,1078.74,0.105803,0.100031,0.269807,1
0.0279804,1,0.219165,0.0432139,0.0203646,19,0.465279,0.376445,7.5,101.303,25,1.94,283.146,0.0267476,0.132504858231394,0.105213,540.549,0.351386,0.100116,0.00978661,1
0.00606498,1,0.0874317,0.025688,0.0147247,22,0.203948,0.223622,7.5,88.5218,26,8.19009,683.463,0.158017,0.0902006022674894,0.526317,1226.65,0.127198,0.10011,0.251922,1
0.0118463,4,-0.15518,0.0419178,0.0232293,32,0.221449,0.295174,7.5,84.1197,27,7.30007,551.133,-0.0524992,0.0936779743493937,0.501504,1127.32,0.149847,0.100078,0.218689,1
0.0189845,1,0.114652,0.0721504,0.0185171,12,0.402578,0.246518,7.5,105.05,28,2.22,335.2,0.0442316,0.130707138632591,0.132127,585.202,0.307815,0.100122,0.0441211,1
0.0176256,3,0.227389,0.0568464,0.015182,24,0.221275,0.488279,7.5,68.7908,29,4.01,255.683,-0.156698,0.143911629555139,0.261809,777.009,0.264001,0.100025,0.121041,1
0.000768982,3,-0.0360062,0.0227432,0.0136661,19,0.359405,0.16855,7.5,98.6132,30,4.41001,577.094,-0.326789,0.109354447973797,0.430907,831.833,0.16788,0.100148,0.159031,1
0.0170503,4,0.112638,0.052806,0.0176212,20,0.246863,0.233806,7.5,57.3893,31,4.19,240.488,0.00998857,0.147604473851269,0.289921,772.604,0.234335,0.100099,0.130407,1
0.0123922,3,0.253998,0.0347268,0.0148314,24,0.473399,0.122584,7.5,58.4508,32,2.02,207.753,0.858991,0.352352934557568,0.148823,579.901,0.276965,0.100349,0.0501053,1
0.0128815,3,0.261543,0.0270468,0.0107307,19,0.438172,0.311697,7.5,49.9405,34,2.06,134.599,0.215297,0.17548303480122,0.0999409,549.699,0.364704,0.100198,0.0100698,1
0.00105039,3,0.172457,0.0311594,0.0202876,13,0.310744,0.336979,7.5,62.5929,36,3.24,207.981,-0.00410776,0.120415184085462,0.213495,671.609,0.295698,0.100156,0.0714543,1
0.0132258,1,0.214631,0.051174,0.02364,19,0.238312,0.235596,7.5,122.935,39,4.75001,670.014,0.288748,0.112203862653026,0.392315,809.573,0.180343,0.100193,0.189011,1
0.0280774,1,-0.281514,0.0387759,0.0220031,10,0.495955,0.16535,7.5,31.6212,40,2.16,93.0296,0.0517206,0.342155515661805,0.17039,567.224,0.333639,0.100058,0.122004,1
0.00442,3,-0.159712,0.0682262,0.0174544,12,0.394023,0.214712,7.5,50.1363,41,2.41,144.206,-0.00101212,0.197525968267587,0.138066,591.272,0.341974,0.100266,0.0776421,1
0.0144306,1,-0.223186,0.067359,0.0164309,10,0.192248,0.327185,7.5,47.6216,42,4.61001,180.863,0.358903,0.142369158003957,0.199511,809.844,0.258395,0.100037,0.120711,1
0.00428848,1,-0.140802,0.0316064,0.0130514,15,0.28042,0.47529,7.5,90.1195,43,3.89,276.941,-0.0524752,0.102754831831937,0.209261,721.74,0.319935,0.100222,0.115159,1
0.0122661,3,0.264521,0.0792272,0.0246015,14,0.435598,0.492025,7.5,50.5936,46,1.77,131.494,0.139709,0.194854878599916,0.045971,531.975,0.377853,0.100107,-0.0248715,1
0.0179064,1,-0.0790312,0.0578472,0.0205721,8,0.356918,0.372177,7.5,47.1389,47,2.79,133.191,0.139181,0.141724218241711,0.169218,626.028,0.348541,0.100388,0.0892395,1
0.0245562,2,-0.251581,0.0628349,0.0210457,12,0.20795,0.229271,7.5,77.7018,48,5.52003,392.593,-0.125651,0.149868549573363,0.358424,939.727,0.194428,0.100139,0.205144,1
0.0214821,2,0.0756409,0.0581212,0.0111204,10,0.300356,0.216342,7.5,81.9491,49,3.36,317.959,0.0232216,0.117865112091389,0.236906,693.273,0.252907,0.100027,0.117243,1
0.0178872,4,0.168897,0.0694255,0.02187,31,0.413395,0.101853,7.5,90.4732,50,2.51,407.91,0.46805,0.315361944546513,0.261346,615.926,0.217611,0.100013,0.138845,1
0.0272184,1,-0.151587,0.0638179,0.0126421,14,0.294185,0.253378,7.5,96.5122,54,3.45,344.83,0.502408,0.166330320920845,0.222554,717.363,0.275302,0.100268,0.127161,1
0.00630061,1,0.257635,0.0512264,0.0141093,32,0.250051,0.204713,7.5,124.472,55,4.44001,684.052,-0.231856,0.132395323473262,0.387625,821.895,0.178803,0.100167,0.203262,1
0.0170237,4,-0.123503,0.0570431,0.0244867,10,0.344901,0.104264,7.5,81.0764,56,3.79,448.508,-0.270964,0.158969626368345,0.370403,745.679,0.177602,0.100151,0.182906,1
0.0116882,4,0.272101,0.0630919,0.0173404,22,0.274561,0.424467,7.5,117.423,58,3.1,406.627,0.319494,0.170931195955051,0.209732,667.335,0.28413,0.100298,0.0892465,1
0.00191593,2,-0.262466,0.0360008,0.016305,27,0.318176,0.174715,7.5,106.218,59,4.83002,624.282,0.132544,0.124513605383224,0.439934,882.723,0.166987,0.100045,0.235442,1
0.004325,3,-0.0431993,0.06404,0.0219197,22,0.223536,0.129394,7.5,43.6179,60,4.72001,207.402,0.0827881,0.170510942889533,0.293754,837.548,0.206519,0.100101,0.142742,1
0.0117431,4,-0.0950597,0.0230146,0.0125797,23,0.282369,0.293721,7.5,82.1457,61,4.70001,352.637,0.0117123,0.11287978792194,0.332686,827.501,0.228554,0.100014,0.14227,1
0.0286248,3,0.0283703,0.062143,0.0188754,10,0.277029,0.185531,7.5,87.2389,62,3.93,411.804,-0.139317,0.140523589173259,0.292763,755.932,0.207998,0.100085,0.141397,1
0.026957,2,-0.237512,0.030186,0.0193728,17,0.46017,0.371195,7.5,122.134,64,2.65,391.066,-0.456877,0.173679159604229,0.260527,625.77,0.307413,0.100338,0.155256,1
0.018622,3,-0.197636,0.0234913,0.0249487,12,0.354025,0.401855,7.5,64.8794,65,3.45,206.768,-0.021069,0.128003668702879,0.26395,718.538,0.308136,0.100104,0.137158,1
0.0154241,1,-0.221748,0.0745205,0.0113629,21,0.44104,0.203877,7.5,31.1528,67,2.11,89.598,0.155126,0.356543856396256,0.116415,575.509,0.342346,0.100369,0.0654637,1
0.0265348,4,0.252586,0.0434176,0.0157322,15,0.369151,0.469175,7.5,86.8708,68,2.41,257.179,0.102325,0.166305534209691,0.138229,597.621,0.332786,0.100429,0.0283908,1
0.00183292,2,-0.14263,0.051392,0.015226,18,0.176475,0.174616,7.5,43.1744,69,6.09004,203.501,-0.00189894,0.130342794975268,0.308697,945.765,0.208491,0.100175,0.161933,1
0.0295869,3,-0.154881,0.0374298,0.0101151,31,0.485343,0.277592,7.5,50.1441,70,2.2,132.067,-0.1415,0.264400078484511,0.165152,645.851,0.373445,0.100261,0.0892791,1
0.0285899,1,0.261273,0.0658715,0.0221487,25,0.162706,0.281269,7.5,58.644,72,6.19005,326.515,0.126946,0.0909318870141723,0.448445,1107.98,0.176403,0.100119,0.241405,1
0.0283782,3,-0.244011,0.0338435,0.0116547,26,0.247076,0.336467,7.5,82.7645,73,5.87004,423.839,0.0745035,0.133742282619325,0.41897,1112.12,0.191656,0.100048,0.227043,1
0.0220236,2,0.165738,0.0319608,0.0167542,28,0.22897,0.26078,7.5,85.8927,74,5.64003,473.927,-0.258544,0.111656272484115,0.422587,1082.61,0.177801,0.100004,0.174902,1
0.019778,3,-0.118041,0.0433955,0.0174976,15,0.391689,0.459499,7.5,75.3468,77,2.58,195.429,-0.199913,0.130575965292383,0.146155,678.427,0.378533,0.100083,0.0767726,1
0.0293444,1,0.00354559,0.0792357,0.0105108,30,0.307592,0.404359,7.5,27.8692,78,2.79,82.0467,0.0291019,0.160971860787922,0.111291,681.91,0.334346,0.100338,0.039413,1
0.0293521,2,-0.094562,0.0288003,0.0162363,17,0.498628,0.188135,7.5,42.2144,79,2.18,108.385,-0.170584,0.200885840598417,0.164524,647.312,0.383268,0.100309,0.0843745,1
0.00654688,1,0.201037,0.0531824,0.0207489,11,0.338928,0.176955,7.5,60.0511,80,2.71,214.504,-0.231079,0.152855886374216,0.179879,727.602,0.275545,0.100332,0.0904139,1
0.0106277,2,0.218262,0.0417483,0.0200434,13,0.420346,0.108615,7.5,22.9976,82,2.12,66.9441,0.049344,0.315477230846621,0.104124,634.353,0.338021,0.100301,0.0448822,1
0.0149521,2,-0.285791,0.0490913,0.01151,21,0.361176,0.328916,7.5,96.5799,84,3.05,316.332,0.072106,0.204325548903344,0.232694,755.972,0.300287,0.100259,0.146374,1
0.00658728,2,-0.195895,0.0707272,0.0234586,10,0.209893,0.208725,7.5,33.333,85,4.2,123.489,0.135068,0.159917501315686,0.186036,834.785,0.265262,0.100175,0.0959942,1
0.0142793,4,-0.0223194,0.0276616,0.0113665,22,0.426383,0.366756,7.5,114.876,86,2.59,328.673,0.0792663,0.141202645522421,0.18249,695.378,0.344201,0.100387,0.072475,1
0.0152002,4,-0.0171956,0.0287291,0.0183676,30,0.224777,0.120207,7.5,28.7821,88,6.85006,173.918,0.136328,0.10535911823183,0.447859,1211.82,0.162543,0.10012,0.184773,1
0.00589129,2,-0.10517,0.0784616,0.0160969,14,0.188579,0.27639,7.5,66.8479,89,4.57001,261.083,0.28112,0.13792932048782,0.2151,901.452,0.251232,0.100022,0.111844,1
0.0144492,1,-0.00758253,0.0780469,0.0244911,29,0.204563,0.422261,7.5,55.638,92,4.88002,240.469,0.142032,0.0968143092164989,0.305291,945.112,0.227081,0.100046,0.107945,1
0.024608,3,-0.291129,0.0373329,0.0247008,19,0.457834,0.216521,7.5,66.8652,93,2.42,214.901,0.446257,0.256020445730352,0.199461,687.169,0.305751,0.10017,0.126843,1
0.00142375,3,-0.278873,0.023194,0.0146245,19,0.392291,0.400044,7.5,113.526,94,3.24,391.656,-0.0140239,0.132490183130484,0.287833,783.14,0.284661,0.100108,0.176006,1
0.0144003,2,0.0917623,0.0233033,0.0219826,23,0.324597,0.389012,7.5,64.1133,96,3.1,183.728,-0.0790757,0.137465454349926,0.154341,710.56,0.343216,0.100259,0.0487058,1
0.00936429,1,0.266258,0.0410453,0.0145686,8,0.180383,0.209587,7.5,79.7092,97,7.29007,578.261,0.0871406,0.0929555028348639,0.521309,1270.29,0.135349,0.100093,0.30479,1
0.0266448,1,0.000436074,0.0471447,0.0172005,17,0.438412,0.329489,7.5,105.302,99,2.26,285.637,0.279338,0.142575218490554,0.126448,648.112,0.36207,0.100116,0.0418276,1
0.00904352,1,0.266929,0.0362421,0.0246138,20,0.154979,0.43224,7.5,42.7732,101,5.99004,172.333,0.187498,0.0925200879116119,0.346084,1105.92,0.243602,0.100048,0.198323,1
0.0138635,2,-0.0729607,0.0421306,0.0116686,21,0.285225,0.169314,7.5,59.7481,103,3.96,238.732,0.238266,0.148989080406331,0.261035,834.297,0.245589,0.100029,0.117383,1
0.00965062,4,0.219405,0.0320076,0.016686,30,0.411065,0.499305,7.5,131.975,106,2.27,381.316,0.137997,0.155159432900039,0.132895,638.8,0.33982,0.100086,0.0173649,1
0.0275888,1,0.257063,0.0644728,0.0110583,10,0.347908,0.319226,7.5,73.8825,107,2.43,230.883,0.0723507,0.116056941255147,0.146741,661.767,0.315223,0.100415,0.0692363,1
0.00945433,1,-0.160978,0.0722986,0.0125235,20,0.445666,0.244052,7.5,45.4691,108,2.09,126.315,0.382184,0.243193689013805,0.112497,623.471,0.35427,0.100324,0.0625306,1
0.016214,2,-0.178339,0.0724056,0.0160128,27,0.423752,0.306667,7.5,71.1838,109,2.34,219.867,0.330797,0.233017259917335,0.174926,679.174,0.317691,0.100027,0.100679,1
0.018919,4,0.268454,0.0612811,0.0245053,21,0.436721,0.262761,7.5,61.2011,112,1.9,172.813,-0.158753,0.239718729712891,0.0854688,608.673,0.347768,0.100101,0.00295085,1
0.0220075,1,0.0667115,0.0381507,0.0136096,29,0.239368,0.271259,7.5,121.509,113,5.81004,726.461,0.294292,0.104403235329996,0.43275,1102.67,0.164245,0.100098,0.1824,1
0.0171893,2,-0.285284,0.0739868,0.0198824,29,0.176396,0.351256,7.5,75.5767,114,7.03007,434.353,-0.145611,0.0886575958187697,0.4558,1222.18,0.170736,0.100025,0.211691,1
0.0182267,1,-0.157951,0.0277867,0.0202522,25,0.472823,0.40042,7.5,79.2291,115,2.3,202.082,0.0333271,0.17275029191175,0.166576,667.58,0.385395,0.100203,0.0871965,1
0.0299651,4,0.149611,0.0308104,0.0224917,9,0.355903,0.331963,7.5,107.882,116,3.69,507.216,0.293425,0.116502303711944,0.375744,835.644,0.209102,0.100215,0.135993,1
0.00143006,3,-0.245325,0.0631167,0.0214143,8,0.458377,0.141671,7.5,106.371,117,2.68,445.113,0.0645401,0.194193670488643,0.312603,745.854,0.23518,0.100318,0.214306,1
0.00503309,3,0.0138391,0.0393711,0.0184334,14,0.32158,0.126226,7.5,125.767,118,5.71004,1154.1,-1.05097,0.126072494606327,0.538458,1128.7,0.107003,0.100093,0.25788,1
0.00287572,2,-0.0123419,0.0555826,0.0213664,20,0.451539,0.340765,7.5,78.1021,119,2.08,194.534,0.458804,0.158641240981719,0.0914865,624.963,0.394122,0.100068,0.0182722,1
0.00398185,2,-0.214886,0.0644065,0.0205631,16,0.425773,0.367076,7.5,39.0273,120,2.26,108.988,0.157543,0.229111688521294,0.133901,635.778,0.351947,0.100189,0.0755031,1
0.0227389,2,0.0142382,0.0324121,0.0197068,23,0.335759,0.168311,7.5,104.732,121,4.59001,643.048,-0.251692,0.131700647092138,0.436789,947.268,0.16002,0.100154,0.173983,1
0.0205698,4,0.279577,0.0640792,0.0163292,18,0.304061,0.300182,7.5,88.9475,122,2.76,299.918,0.0773218,0.189293762407064,0.179934,708.219,0.291587,0.100223,0.0748882,1
0.0149125,2,-0.0920519,0.0526825,0.0135432,31,0.167572,0.428947,7.5,107.703,123,8.31009,711.981,-0.278152,0.0775819651964524,0.476474,1346.13,0.148486,0.100059,0.212812,1
0.0184066,3,0.186074,0.0660825,0.0137822,24,0.300665,0.434025,7.5,95.582,125,2.84,303.238,0.261411,0.182188752500348,0.164672,713.891,0.309432,0.10007,0.0672012,1
0.0143034,4,-0.121811,0.0318641,0.0183943,26,0.4322,0.231352,7.5,51.9012,126,2.52,143.502,0.0442965,0.192254053972052,0.178829,686.928,0.355784,0.100277,0.0870208,1
0.0186323,4,0.0934466,0.0733347,0.012273,22,0.271744,0.171032,7.5,91.6174,128,4.01,465.091,-0.12117,0.194418641863914,0.34233,881.323,0.193586,0.100176,0.170197,1
0.0164003,2,0.0102421,0.0611575,0.013008,32,0.364719,0.428323,7.5,23.1874,130,2.52,62.4397,0.179123,0.15765267151796,0.110035,672.609,0.365081,0.100214,0.0290055,1
0.0175199,1,-0.0260453,0.051234,0.0128458,17,0.483636,0.493467,7.5,40.1141,131,1.92,91.5965,0.029241,0.159434103109768,0.0654978,608.037,0.430531,0.100211,0.0208746,1
0.0292992,4,-0.0989785,0.044372,0.0106532,31,0.393904,0.196834,7.5,35.5813,133,2.78,106.164,0.234611,0.192633457117273,0.213554,704.904,0.328975,0.100057,0.109993,1
0.0101901,2,0.21852,0.0490413,0.0106322,30,0.236662,0.134309,7.5,120.346,134,6.06004,1013.95,0.266917,0.172075205583331,0.519713,1103.95,0.116568,0.100115,0.264652,1
0.00696529,4,0.181691,0.0478385,0.0232893,20,0.423569,0.249299,7.5,116.194,135,2.26,390.774,0.292517,0.168058772389113,0.162909,663.648,0.292578,0.100303,0.0593929,1
0.00794817,4,-0.221752,0.0462876,0.0215737,19,0.376632,0.26239,7.5,27.8065,136,2.65,79.429,0.191158,0.243508579101686,0.144847,707.759,0.343693,0.100077,0.0843035,1
0.0227727,3,-0.153034,0.0330315,0.0137969,23,0.367712,0.353615,7.5,97.4036,137,3.12,305.965,0.364952,0.159748107613268,0.23384,756.664,0.312392,0.100029,0.127418,1
0.000700828,2,0.150366,0.0247097,0.0219924,32,0.231749,0.386754,7.5,38.7833,139,4.27,125.683,0.309321,0.130338947840957,0.216779,862.048,0.302907,0.100063,0.0934369,1
0.00544152,1,-0.166687,0.0690881,0.0175494,8,0.284446,0.211589,7.5,84.7307,140,3.83,366.254,-0.258205,0.11099481894287,0.292332,833.524,0.227078,0.100057,0.173745,1
0.0239947,3,-0.217007,0.0308939,0.013912,15,0.408272,0.267911,7.5,44.9117,141,2.71,129.314,0.0274195,0.223791036227827,0.19486,676.406,0.34091,0.100059,0.123257,1
0.0271803,3,-0.0347323,0.0318757,0.0243844,19,0.193034,0.350774,7.5,65.9555,142,7.64008,385.839,0.0276607,0.0946990399289312,0.442001,1213.69,0.167896,0.100121,0.165329,1
0.0134018,4,0.180333,0.0218006,0.018723,13,0.392793,0.345462,7.5,62.3436,143,2.65,193.841,0.270468,0.132078362026673,0.195733,715.829,0.316445,0.100296,0.0596064,1
0.00388747,3,0.128693,0.0570916,0.0174239,24,0.362479,0.379422,7.5,37.1696,145,2.38,101.199,0.160399,0.165954456177422,0.093313,667.347,0.361547,0.100342,0.0131107,1
0.0277385,3,0.217272,0.0270005,0.0201771,26,0.47756,0.381656,7.5,67.2767,149,1.95,178.494,0.15668,0.183837671066745,0.0996862,615.222,0.371466,0.100463,-0.00923848,1
0.0171077,1,0.0410463,0.0454554,0.023101,31,0.249761,0.143363,7.5,81.6359,150,5.82004,559.726,-0.219571,0.132119923319449,0.457525,1112.18,0.143126,0.100033,0.200553,1
0.0127858,4,-0.243274,0.067607,0.0151354,15,0.492285,0.490043,7.5,109.028,151,2.03,309.126,0.0705359,0.205419086950403,0.156195,637.36,0.346498,0.100145,0.0970598,1
0.00378095,2,-0.0512791,0.0290285,0.0200922,28,0.29467,0.25705,7.5,93.1844,152,4.38001,411.514,0.0153432,0.107214880734479,0.324058,871.988,0.2223,0.100072,0.138142,1
0.00374341,2,0.0711316,0.0706649,0.0124698,20,0.251084,0.412332,7.5,126.981,153,3.56,443.706,0.34245,0.150625727507164,0.197886,794.044,0.28125,0.10018,0.0829827,1
0.0145487,1,0.214907,0.0418759,0.0110223,16,0.385169,0.40329,7.5,81.3965,155,2.33,228.809,0.0766555,0.125923659592268,0.125384,651.204,0.349047,0.100019,0.03277,1
0.0282047,4,-0.14427,0.0520175,0.0227465,14,0.37293,0.480638,7.5,68.8356,157,2.73,202.269,0.138614,0.148207276455562,0.174107,710.135,0.334012,0.100048,0.0939582,1
0.0069618,4,0.161596,0.0633708,0.0234321,17,0.278873,0.171005,7.5,123.815,158,3.99,675.443,-0.0115601,0.169407821005518,0.357733,881.595,0.180241,0.100231,0.18604,1
0.0101217,4,0.118352,0.0603371,0.020207,17,0.221164,0.410556,7.5,54.2124,161,4.01,196.242,0.262538,0.153918316576387,0.216276,845.347,0.271403,0.100147,0.0971749,1
0.0214808,4,0.0589717,0.0270078,0.0112765,10,0.183942,0.441236,7.5,87.898,163,7.42007,487.797,0.0954975,0.0956245758770203,0.419994,1203.45,0.176947,0.1001,0.189194,1
0.000895659,1,0.0348497,0.0437779,0.0113091,22,0.303808,0.318775,7.5,41.6054,164,3,111.592,0.0926276,0.141692626183105,0.0992846,720.026,0.365905,0.100042,0.0263299,1
0.00737202,3,0.0926662,0.0648631,0.0134624,18,0.377273,0.154174,7.5,114.704,165,2.67,465.659,-0.0614908,0.174636442242189,0.219466,700.139,0.242248,0.100249,0.102456,1
0.0197157,3,0.155251,0.0720095,0.0125753,16,0.379839,0.170996,7.5,45.6229,167,2.24,143.989,-0.0382898,0.265718177560333,0.113796,648.449,0.311133,0.100098,0.0412922,1
0.0264556,4,0.0456805,0.0353654,0.0243092,20,0.233737,0.325386,7.5,74.5037,168,5.97004,404.351,0.213852,0.109334306853935,0.422854,1118.84,0.180949,0.100108,0.151719,1
0.0244107,3,0.25207,0.0695362,0.0173889,18,0.403557,0.170585,7.5,33.4316,170,2,100.286,-0.0306543,0.329014773926587,0.0853089,595.275,0.327041,0.100003,0.0197132,1
0.0230908,2,-0.268256,0.0780104,0.0224245,20,0.495995,0.276702,7.5,59.7666,171,1.96,181.025,0.805728,0.350930188088477,0.145693,622.28,0.325058,0.100363,0.0805763,1
0.0273833,1,0.281984,0.0278529,0.0222946,27,0.189267,0.309095,7.5,113.226,174,7.82008,825.319,0.159117,0.08124982117891,0.55201,1329.09,0.134662,0.100058,0.284763,1
0.0157527,1,-0.016954,0.0675169,0.0141194,31,0.233099,0.37027,7.5,38.9117,175,4.19,152.017,0.165664,0.123814922851924,0.237941,865.435,0.251685,0.100231,0.0647356,1
0.0106739,4,0.28841,0.0462118,0.0137216,23,0.419514,0.195296,7.5,69.5667,178,2.09,225.447,-0.498721,0.244774217500254,0.122798,634.896,0.303318,0.100201,0.0375258,1
0.0181779,1,0.260857,0.0335415,0.0114259,23,0.227549,0.345817,7.5,74.2902,179,4.2,284.743,-0.083096,0.105180820342505,0.271811,870.151,0.256056,0.100043,0.131251,1
0.00817332,1,0.0130901,0.077593,0.0217052,32,0.453446,0.446328,7.5,51.1948,180,2.12,165.176,-0.128154,0.174741801113258,0.149953,646.835,0.305335,0.100422,0.037325,1
0.00658026,3,-0.141054,0.0713932,0.0210993,14,0.493166,0.374826,7.5,38.0007,181,1.92,99.8799,-0.0594172,0.226259848365313,0.112535,632.465,0.374914,0.10045,0.0655769,1
0.027611,3,-0.156889,0.0251658,0.0176546,31,0.445004,0.475489,7.5,102.889,182,2.54,278.333,0.289599,0.144055365862496,0.19619,675.575,0.363499,0.100237,0.109952,1
0.000170697,2,-0.170794,0.0716308,0.0102176,9,0.490231,0.480051,7.5,106.822,183,2.06,303.006,0.140475,0.134384768541667,0.17088,625.722,0.346561,0.100208,0.105155,1
0.00131817,2,0.113625,0.0224101,0.0204642,24,0.293112,0.450049,7.5,126.545,184,3.84,472.522,0.216504,0.112702813812511,0.261622,833.731,0.263101,0.100145,0.094063,1
0.0166783,1,-0.0865328,0.0459178,0.0133948,18,0.485265,0.491748,7.5,90.0037,186,2.02,209.243,0.00772554,0.150193168465924,0.10661,632.364,0.422378,0.100098,0.0542757,1
0.00581014,3,0.295003,0.0570383,0.0107517,10,0.217022,0.140895,7.5,119.058,188,5.93004,1033.27,0.19898,0.16693736966687,0.514348,1141.24,0.113216,0.10016,0.31386,1
0.0124305,4,0.20889,0.0356573,0.0207618,25,0.294178,0.437308,7.5,125.921,190,3.42,457.24,-0.216661,0.139346789288733,0.246015,807.969,0.270328,0.100062,0.0883075,1
0.00465091,3,-0.034255,0.0492129,0.011197,15,0.40802,0.441046,7.5,37.4429,191,2.28,88.2399,0.345773,0.146426152240853,0.0805328,630.142,0.416648,0.100091,0.0323483,1
0.0265211,3,0.163579,0.051568,0.0218311,24,0.439504,0.445654,7.5,49.8545,192,2,129.376,0.0425223,0.210692626245739,0.0846264,627.019,0.378521,0.100132,-2.15769e-05,1
0.00562216,1,-0.0635428,0.0275246,0.0104852,17,0.420233,0.460803,7.5,112.577,193,2.61,296.414,-0.306659,0.118044474115381,0.179129,696.378,0.37322,0.100172,0.0869573,1
0.00757561,2,-0.222328,0.0351179,0.0181146,15,0.291148,0.346292,7.5,58.2186,1,3.71,180.083,0.36328,0.148398825554778,0.208149,713.931,0.317419,0.100087,0.130805,1
0.000172453,1,-0.0699037,0.0350218,0.014453,10,0.2494,0.296334,7.5,31.9489,2,4.06,92.6235,0.240413,0.107952394124628,0.170025,729.791,0.338645,0.100079,0.0824667,1
0.00391784,4,0.270679,0.0572945,0.01133,8,0.426889,0.32022,7.5,32.8678,3,1.97,84.0071,0.0333385,0.169241920118144,0.0936448,531.87,0.385226,0.100367,0.0246319,1
0.00498081,4,-0.204102,0.0324416,0.0188696,25,0.338853,0.176848,7.5,55.0625,4,3.47,202.298,0.162807,0.165868597564856,0.254949,702.357,0.267642,0.100235,0.142238,1
0.00479415,4,-0.285813,0.0576702,0.01873,19,0.269826,0.300113,7.5,31.4212,6,3.58,104.03,0.165903,0.205751992788315,0.182888,687.504,0.296409,0.100036,0.122435,1
0.0246711,1,0.153738,0.0687235,0.0178693,26,0.427662,0.348463,7.5,108.566,7,2.03,306.243,0.00179621,0.15805245973442,0.104391,549.809,0.348031,0.100074,0.0256082,1
0.0152051,3,-0.0747377,0.0460339,0.0119953,25,0.155455,0.144627,7.5,37.2293,8,9.68013,285.132,0.218845,0.106708998696682,0.508658,1332.73,0.128178,0.10007,0.221468,1
0.000742809,1,0.108866,0.0649449,0.0243499,9,0.362733,0.464676,7.5,82.8436,10,2.44,232.552,-0.0406378,0.124547229679257,0.125197,580.895,0.350089,0.100177,0.0345861,1
0.0253291,4,0.21967,0.070328,0.0182032,25,0.224593,0.442154,7.5,85.9564,11,4.63001,426.649,-0.0364562,0.135741956483251,0.388992,838.603,0.197837,0.100099,0.161382,1
0.0218708,3,0.108265,0.0521275,0.0101014,11,0.451413,0.103372,7.5,28.2762,12,2.11,83.5792,-0.0193634,0.264686277515558,0.132181,551.244,0.333281,0.10042,0.0577717,1
0.0159677,1,-0.147115,0.0718514,0.0208366,24,0.234372,0.19769,7.5,62.0042,13,4.65001,302.363,0.078617,0.152830066580508,0.327422,825.313,0.201179,0.100005,0.192486,1
0.000490356,4,-0.160124,0.0219229,0.017858,21,0.202368,0.104871,7.5,25.2004,15,6.86006,131.58,0.124788,0.130894076224637,0.377031,1030.29,0.188053,0.100091,0.161202,1
0.00358175,3,-0.0167368,0.0415701,0.0112163,14,0.419727,0.319703,7.5,49.4218,16,2.3,114.958,0.1229,0.140290412107466,0.0960946,549.265,0.422345,0.100143,0.033764,1
0.018456,4,-0.284538,0.0657241,0.0163516,30,0.262851,0.25912,7.5,98.2176,17,5.35003,569.659,0.308208,0.146947427440066,0.454996,887.43,0.169208,0.100041,0.233531,1
0.0095482,2,-0.137292,0.0263435,0.0165901,16,0.476479,0.370376,7.5,97.2137,18,2.39,259.668,-0.00280133,0.151368445458606,0.202138,590.081,0.36771,0.100122,0.116219,1
0.00221525,2,-0.284103,0.0300431,0.0104266,23,0.360737,0.432521,7.5,54.9732,19,3.06,162.978,0.147585,0.1624353731055,0.196856,650.441,0.331838,0.100285,0.124456,1
0.0188547,3,-0.0544152,0.0599372,0.0179166,12,0.358632,0.226309,7.5,104.063,20,2.94,373.716,0.194414,0.133898148403652,0.220882,643.678,0.273482,0.100116,0.109566,1
0.00917152,1,0.112801,0.0523942,0.016258,22,0.280416,0.343226,7.5,129.596,21,3.54,486.364,-0.327543,0.125364108877022,0.238637,707.124,0.261434,0.100015,0.0888627,1
0.019346,4,-0.212199,0.0421708,0.0173504,15,0.425844,0.284226,7.5,124.434,22,2.84,436.105,-0.153403,0.160308343047861,0.277973,635.484,0.280502,0.100212,0.158559,1
0.00956348,2,0.287943,0.0603763,0.0183279,12,0.17779,0.252548,7.5,38.8607,23,4.25,142.544,-0.0425441,0.148273401018096,0.237957,759.866,0.267496,0.10002,0.142165,1
8.89353e-05,2,0.093037,0.0455332,0.0131771,22,0.458396,0.414262,7.5,63.0265,24,1.98,153.456,0.300561,0.171857875778398,0.0734839,523.083,0.403303,0.100097,0.00616139,1
0.0246066,2,-0.0430217,0.0609059,0.01827,11,0.491375,0.308261,7.5,62.6085,25,2,158.884,-0.304334,0.153810212789659,0.129716,541.434,0.388026,0.100378,0.0643975,1
0.0132792,1,-0.156932,0.0362873,0.0208048,22,0.227106,0.355196,7.5,70.8259,26,5.21002,284.502,0.343462,0.113571047619159,0.301183,851.972,0.244552,0.100137,0.152775,1
0.0229749,1,0.116175,0.0419095,0.0120499,27,0.314314,0.174047,7.5,131.283,29,4.37001,828.331,-0.0449679,0.145560217690968,0.422316,818.591,0.155524,0.100029,0.187158,1
0.00624163,4,-0.285749,0.0694342,0.0146956,18,0.21083,0.353528,7.5,60.4993,30,4.81002,256.943,0.184904,0.135535051464096,0.28944,806.422,0.231039,0.100024,0.16949,1
0.00194299,2,-0.199866,0.0634599,0.0173882,18,0.169932,0.222098,7.5,68.7451,32,6.74006,391.144,-0.110741,0.10638259839514,0.390607,1033.84,0.172587,0.1001,0.200699,1
0.0190042,2,0.251895,0.0504612,0.0119698,10,0.315232,0.278597,7.5,105.026,33,3.14,425.219,0.328557,0.134156382770749,0.265313,673.359,0.242852,0.100228,0.128014,1
0.0229353,1,-0.243489,0.0303607,0.0228025,31,0.368924,0.416098,7.5,60.796,34,3.03,180.938,0.14286,0.171219819105273,0.20831,632.687,0.329672,0.100016,0.119777,1
0.0193203,1,-0.299189,0.0647062,0.0165499,19,0.340115,0.134437,7.5,103.037,35,3.53,504.334,-0.095621,0.204846102164719,0.32869,719.56,0.200767,0.100172,0.186998,1
0.0251517,4,-0.0737564,0.0671318,0.0124223,24,0.233286,0.260797,7.5,118.967,36,6.46005,852.701,0.43931,0.122245842988848,0.505938,1170.65,0.137035,0.100122,0.226329,1
0.00943546,4,-0.265013,0.0677813,0.011282,15,0.29009,0.309837,7.5,64.6209,37,3.34,216.929,0.216552,0.194342908556382,0.197917,742.856,0.292552,0.100111,0.121375,1
0.00273117,4,0.241974,0.0383594,0.0143395,29,0.487357,0.342551,7.5,106.465,39,1.85,303.661,0.204825,0.158409201877422,0.0945903,591.772,0.345371,0.100415,0.0047797,1
0.0183242,3,0.138697,0.0473461,0.0185141,20,0.36916,0.236419,7.5,94.2903,40,2.69,328.937,0.348658,0.173268223158691,0.198272,696.006,0.281328,0.100044,0.0706019,1
0.022089,4,-0.0254148,0.0214834,0.0113506,31,0.486896,0.370337,7.5,92.9688,41,2.18,227.403,0.365977,0.161204103846714,0.135281,625.682,0.401345,0.100071,0.0670887,1
0.0175938,2,-0.112061,0.0513872,0.0103643,16,0.39306,0.223342,7.5,115.327,43,2.84,404.027,-0.154864,0.154391465893988,0.24039,703.296,0.280354,0.100119,0.12851,1
0.028469,4,-0.241412,0.0754444,0.0108598,10,0.160221,0.401667,7.5,117.006,44,6.82006,672.609,0.0155551,0.122702961136558,0.404126,1189.44,0.170663,0.100006,0.2204,1
0.010315,1,0.085163,0.0396327,0.0242263,15,0.246902,0.159461,7.5,49.4019,45,4.35,213.385,0.292466,0.114289041931408,0.274403,869.522,0.227236,0.100052,0.119351,1
0.00132577,4,-0.100796,0.0401376,0.016096,26,0.310634,0.194435,7.5,94.4245,46,4.18,446.392,0.522638,0.120295236227139,0.345827,893.012,0.207835,0.100157,0.157738,1
0.025627,2,-0.0317288,0.0642924,0.0237303,16,0.349597,0.296996,7.5,113.177,48,2.82,369.545,0.23318,0.151231276148624,0.177993,674.75,0.300992,0.100183,0.0732872,1
0.0161934,1,0.284753,0.0280133,0.0112445,30,0.452738,0.404122,7.5,70.0808,49,1.93,185.398,0.471444,0.153588551538954,0.0745534,585.323,0.371878,0.100285,-0.0160246,1
0.0213267,1,-0.218381,0.0437565,0.0122044,16,0.473636,0.162265,7.5,85.8653,50,2.42,284.042,-0.00645079,0.212909632172107,0.234241,671.276,0.296906,0.100119,0.149111,1
0.0270332,2,-0.233997,0.0697506,0.0138222,31,0.279523,0.45987,7.5,107.301,51,4.09,460.251,0.201503,0.127329560718906,0.329223,866.706,0.22884,0.100059,0.186557,1
0.00418365,4,-0.0217424,0.0421257,0.0232638,8,0.357644,0.314573,7.5,33.3604,52,2.85,85.2692,0.275676,0.120636905218284,0.156666,688.598,0.385079,0.100332,0.0763946,1
0.0218812,3,0.198968,0.0738402,0.0156747,14,0.364582,0.130488,7.5,58.967,53,2.39,219.587,0.00465108,0.292622074576621,0.160648,650.612,0.263891,0.100174,0.0879713,1
0.0125502,2,-0.157113,0.0290974,0.0162417,22,0.288117,0.117197,7.5,126.065,55,8.6601,1601.45,0.313829,0.128753377998252,0.651134,1494.18,0.0772809,0.100074,0.360935,1
0.000305339,4,-0.252225,0.0215971,0.0130863,32,0.340659,0.190625,7.5,76.1028,56,4.1,337.853,-0.276065,0.148386925979842,0.353908,883.332,0.221423,0.100203,0.184164,1
0.0230358,3,-0.0979776,0.0673431,0.0126092,25,0.163454,0.210464,7.5,79.5268,57,9.98013,721.986,-0.14157,0.119109989204903,0.583815,1601.08,0.108167,0.100102,0.290794,1
0.0225094,3,-0.217928,0.0421426,0.0111128,17,0.329034,0.339931,7.5,26.0302,58,3.08,73.7243,0.196863,0.228539529608246,0.16086,704.949,0.346968,0.100174,0.0930664,1
0.0186742,1,0.0264389,0.044117,0.0214892,9,0.203623,0.318357,7.5,71.3816,60,5.41003,325.197,0.342804,0.0788891455959257,0.299777,987.303,0.215526,0.10009,0.112799,1
0.0123274,2,-0.164753,0.0266299,0.0156915,8,0.498054,0.115891,7.5,85.7085,61,3.03,416.233,0.0454466,0.193182594701119,0.397353,770.362,0.202091,0.100044,0.198501,1
0.00728141,3,-0.269158,0.0331419,0.0148773,17,0.414931,0.36637,7.5,85.3423,62,2.79,263.913,-0.46297,0.169187353990803,0.231412,702.125,0.318277,0.100331,0.134896,1
0.0180016,2,0.014058,0.0663462,0.0248865,32,0.182815,0.389936,7.5,69.37,63,6.00004,341.934,-0.1735,0.0867459090456896,0.365991,1077.66,0.1992,0.10009,0.127397,1
0.000757256,2,0.205484,0.0760898,0.0118173,10,0.380252,0.355616,7.5,33.1486,64,2.06,84.8522,0.170788,0.18146746639909,0.0651671,611.911,0.383353,0.100029,0.0195339,1
0.0163055,1,0.192922,0.0670988,0.0247028,31,0.15899,0.161908,7.5,75.7089,65,8.6101,643.725,-0.0979932,0.107936360444625,0.579705,1423.21,0.115392,0.100014,0.288859,1
0.00262635,2,-0.141748,0.0484917,0.0218187,17,0.392723,0.319565,7.5,27.963,67,2.46,73.7504,0.366443,0.189630224561705,0.116529,653.547,0.372437,0.10013,0.0612012,1
0.0183381,4,0.232776,0.0388445,0.0102445,32,0.488247,0.348567,7.5,131.988,69,1.89,388.655,0.79031,0.184769523266518,0.11401,610.217,0.334166,0.100305,0.0087738,1
0.0198534,2,-0.266923,0.0769751,0.0161653,19,0.240773,0.151568,7.5,27.5486,70,3.81,106.925,-0.311046,0.249775981112368,0.206999,814.596,0.253371,0.100246,0.12603,1
0.00304729,4,-0.00498845,0.0522537,0.0106328,32,0.499992,0.283246,7.5,116.192,71,1.99,307.047,0.245531,0.166157895076686,0.124919,595.561,0.372788,0.10042,0.0389314,1
0.029335,1,0.276563,0.0761223,0.0112815,24,0.254574,0.481718,7.5,115.878,72,3.11,392.859,0.033731,0.136218345847549,0.201937,741.902,0.289478,0.100042,0.0981923,1
0.0181516,4,0.17945,0.0792599,0.0104602,28,0.374221,0.442541,7.5,106.687,73,2.27,322.812,-0.34181,0.217823538550043,0.135765,650.645,0.325023,0.10025,0.0502155,1
0.0130247,4,0.157314,0.0460318,0.0120369,30,0.247432,0.237677,7.5,117.968,74,5.09002,682.432,0.107546,0.144760140209069,0.420535,1004.79,0.169704,0.100074,0.202967,1
0.0297932,3,0.219098,0.0633717,0.0195352,28,0.221259,0.33474,7.5,50.4608,75,4.3,205.838,-0.228063,0.13487261035326,0.320602,889.097,0.240962,0.100196,0.124973,1
0.0278638,3,0.243428,0.0402275,0.0177234,12,0.184344,0.22701,7.5,54.598,76,5.99004,287.984,0.105891,0.125290143108452,0.414525,1096.39,0.186112,0.100068,0.220358,1
0.0115619,3,0.160474,0.0672088,0.0213404,12,0.17933,0.102437,7.5,70.4083,78,6.70006,565.721,0.119588,0.169386247891093,0.486944,1189.83,0.122111,0.100015,0.329388,1
0.0226251,4,0.183504,0.0417809,0.0160515,16,0.313924,0.334089,7.5,130.93,79,3.37,528.853,0.163111,0.137328558272028,0.274983,751.531,0.24315,0.100115,0.105903,1
0.0276817,1,0.134794,0.0501077,0.0171945,18,0.440009,0.435635,7.5,47.0589,80,1.98,116.061,-0.0502364,0.139223881814199,0.0623187,571.642,0.398736,0.100245,0.00267506,1
0.0246123,3,-0.0494546,0.0233763,0.0131536,14,0.176308,0.457685,7.5,120.684,81,10.4301,936.705,-0.156049,0.0777309904391046,0.540049,1557.48,0.12643,0.100031,0.237842,1
0.00577998,2,0.114814,0.0495475,0.0213391,26,0.235332,0.299355,7.5,47.4439,83,4.11,175.871,-0.296156,0.125439206692312,0.241979,839.941,0.26503,0.100147,0.114149,1
0.0239041,2,0.0350206,0.0644554,0.0124029,17,0.400421,0.12949,7.5,100.148,84,2.68,425.446,0.429472,0.204015081125398,0.242361,680.127,0.231038,0.10005,0.122278,1
0.0141726,4,-0.15413,0.0765223,0.0159206,32,0.261181,0.328911,7.5,83.4306,85,4.57001,411.94,0.203138,0.137531216683153,0.37885,941.413,0.198882,0.100101,0.173057,1
0.0139812,2,-0.052527,0.0503533,0.0200153,31,0.165747,0.113171,7.5,69.8408,86,14.4102,1015.38,-0.214699,0.123793993763431,0.69247,2201.9,0.0674762,0.1,0.384468,1
0.0158978,3,0.291215,0.0262872,0.0194267,25,0.295555,0.17089,7.5,83.6361,87,3.91,427.932,0.0609734,0.183193747693007,0.354646,835.609,0.192013,0.100148,0.183158,1
0.00747045,2,0.0899364,0.0648917,0.0186576,24,0.357786,0.240211,7.5,114.685,88,2.69,399.456,0.316502,0.152078131665618,0.190404,693.945,0.282243,0.100211,0.0713626,1
0.000361187,3,-0.203509,0.0797193,0.0165064,31,0.463478,0.267252,7.5,108.315,89,2.14,333.85,-0.014232,0.219234466543221,0.173623,653.112,0.319259,0.100308,0.103053,1
0.0143889,3,0.190642,0.0479171,0.0231287,13,0.448314,0.402324,7.5,88.8072,91,2.04,245.778,0.0983973,0.152175399650995,0.118272,618.277,0.355762,0.100366,0.0228356,1
0.0166917,3,-0.044603,0.0450199,0.0115986,16,0.267999,0.225991,7.5,74.5856,92,4.19,302.172,0.075831,0.12281669355475,0.269445,867.757,0.242268,0.100052,0.109592,1
0.0180459,2,0.196842,0.0331957,0.0212387,30,0.444645,0.245791,7.5,95.5176,93,2.22,313.507,0.3502,0.176924340427365,0.162389,640.988,0.300161,0.100427,0.0408776,1
0.00833978,4,0.215427,0.0528532,0.018987,19,0.191051,0.320951,7.5,59.3353,94,4.72001,239.916,0.0453795,0.142124279277531,0.291812,912.401,0.243035,0.100172,0.142003,1
0.0223,1,-0.0888491,0.0342361,0.0174547,25,0.1617,0.424581,7.5,69.8092,95,8.30009,392.3,-0.236737,0.0783079550871099,0.410831,1327.44,0.174658,0.100052,0.175826,1
0.0268646,1,-0.298054,0.0364064,0.0118462,16,0.340036,0.119689,7.5,128.119,96,5.83004,1169.75,-0.278956,0.174699014173869,0.563304,1138.87,0.10753,0.100078,0.324134,1
0.0160283,2,-0.0334317,0.0623065,0.0104902,26,0.486773,0.339531,7.5,56.91,97,1.92,141.646,0.322261,0.224114080371909,0.0882353,603.634,0.395603,0.100371,0.0297484,1
0.0216123,4,0.19764,0.0345602,0.0217031,31,0.415334,0.222863,7.5,129.141,99,2.74,549.758,-0.00872693,0.181217818948117,0.285375,715.653,0.230601,0.100069,0.0942029,1
0.0172536,2,-0.205731,0.0344325,0.0239605,27,0.17736,0.347276,7.5,24.6602,100,6.35005,90.1888,0.0779522,0.102664322751081,0.286796,1060.49,0.268659,0.100159,0.146691,1
0.0206085,2,0.292296,0.0658147,0.0198391,12,0.219794,0.319221,7.5,26.2666,101,3.4,87.506,0.377493,0.201449229838232,0.180931,759.062,0.294622,0.100053,0.09397,1
0.00296835,4,-0.27662,0.0575515,0.0194942,14,0.320297,0.247877,7.5,108.222,103,3.58,431.72,0.312558,0.15286187031524,0.290925,790.364,0.246299,0.100157,0.179316,1
0.0218776,1,-0.156612,0.073052,0.0178598,22,0.334426,0.28912,7.5,129.631,104,3.04,447.534,-0.0553561,0.176058427146431,0.226663,704.52,0.28424,0.100031,0.13521,1
0.007781,2,-0.0100203,0.0652143,0.020935,22,0.242317,0.485224,7.5,62.2529,105,3.96,239.515,-0.0744048,0.132728793254258,0.213624,831.093,0.254975,0.1,0.0917014,1
0.00936257,3,0.181014,0.0738655,0.0175325,27,0.15899,0.380409,7.5,72.7631,106,6.07004,384.525,0.169115,0.107127285034869,0.412814,1112.67,0.185891,0.100139,0.204583,1
0.0111182,2,-0.0432283,0.0528077,0.0182767,10,0.374691,0.106722,7.5,83.7199,107,3.57,468.701,-0.180154,0.166757941730847,0.371536,806.386,0.175498,0.100155,0.202092,1
0.00818798,1,-0.00636679,0.0644702,0.0130319,8,0.254905,0.198151,7.5,71.2126,108,4.11,320.102,0.35632,0.111211263473077,0.268981,859.587,0.218674,0.100198,0.120439,1
0.0280448,4,-0.0495549,0.0324672,0.0232633,21,0.339505,0.305189,7.5,58.1045,109,3.34,190.075,0.161668,0.148803744569709,0.227036,759.805,0.300716,0.100278,0.102561,1
0.020546,1,0.115361,0.0730756,0.017709,15,0.19658,0.142227,7.5,131.679,110,7.48008,1300.79,0.0230793,0.153887183981427,0.562453,1286.28,0.0993484,0.100042,0.299037,1
0.0237583,1,-0.125209,0.0668903,0.0212986,17,0.219231,0.197392,7.5,111.546,112,6.07004,730.708,-0.107997,0.135838968479207,0.448409,1097.19,0.149805,0.100034,0.230342,1
0.022378,1,0.268012,0.0688015,0.0223223,25,0.368905,0.159166,7.5,61.7765,113,2.26,205.499,0.0383248,0.221669821515432,0.135738,643.849,0.295514,0.100206,0.0663945,1
0.0271359,3,0.0652846,0.055939,0.0156738,22,0.350941,0.495619,7.5,65.6488,114,2.63,188.39,0.0967051,0.181461688559396,0.131633,685.275,0.342349,0.100145,0.0417413,1
0.00776214,1,0.125454,0.0242691,0.0125965,8,0.222488,0.444325,7.5,104.1,115,7.23007,677.644,0.174492,0.0779546249048933,0.512572,1270.4,0.150759,0.100038,0.243641,1
0.0145397,4,0.00538687,0.0780059,0.0200881,22,0.323054,0.324834,7.5,41.3309,117,3.01,157.286,0.117423,0.184201679684068,0.207667,723.767,0.25816,0.100147,0.0832247,1
0.01823,4,0.0117534,0.0283517,0.0232884,13,0.348528,0.186384,7.5,118.322,118,5.16002,849.683,-0.944531,0.110238408326862,0.5106,1013.58,0.136611,0.100002,0.19836,1
0.0108487,3,-0.212723,0.028952,0.0104966,17,0.152449,0.283392,7.5,42.9842,120,9.05011,236.159,0.0746318,0.101540996731886,0.416066,1393.94,0.178739,0.100103,0.200623,1
0.0147823,3,-0.206757,0.078574,0.0163475,11,0.476689,0.176139,7.5,50.591,121,2.06,156.181,0.213206,0.277123986729659,0.160907,626.168,0.318477,0.100222,0.103575,1
0.00879298,4,-0.272396,0.0598246,0.0201674,27,0.235538,0.217743,7.5,122.449,122,7.33007,1023.99,0.272233,0.121323680085197,0.557586,1312.93,0.11733,0.100018,0.308005,1
0.0102463,2,0.189346,0.0723057,0.0218947,12,0.24303,0.14551,7.5,95.8451,124,3.97,498.767,0.187143,0.172370805015935,0.315667,823.687,0.188892,0.100201,0.187292,1
0.0139359,1,0.100269,0.0563275,0.0124681,23,0.423328,0.323171,7.5,99.5668,125,2.13,268.468,-0.182952,0.145589920817307,0.0979819,610.482,0.364746,0.100254,0.0239375,1
0.0231174,2,0.00739646,0.0583749,0.0245278,23,0.29399,0.372805,7.5,39.9423,126,3.51,151.208,-0.0939213,0.145517248079897,0.227623,776.784,0.259574,0.10017,0.0755053,1
0.0127313,1,-0.0653348,0.0729704,0.022354,13,0.360861,0.151127,7.5,62.027,127,2.55,191.866,-0.0637082,0.170447952140536,0.131938,669.29,0.318017,0.100277,0.0787569,1
0.0143222,4,0.13243,0.0216249,0.0199517,25,0.196929,0.438302,7.5,56.1721,128,5.71004,226.496,0.234149,0.106722405083688,0.315196,1014.12,0.243421,0.100053,0.143083,1
0.00166098,1,0.235954,0.0621492,0.0171769,23,0.34004,0.438371,7.5,48.4483,130,2.35,133.445,0.312584,0.177384670439378,0.0911893,623.017,0.356933,0.100217,0.0129246,1
0.0116348,1,-0.051942,0.023415,0.0148754,14,0.482556,0.475587,7.5,26.576,131,2.11,50.772,-0.0628079,0.132644799658288,0.10043,607.977,0.51495,0.100284,0.0464247,1
0.0228653,1,0.0403029,0.059111,0.0142002,23,0.328446,0.373349,7.5,89.8364,132,2.84,270.913,0.202471,0.15742400305957,0.145597,690.079,0.326089,0.100241,0.0500863,1
0.0218882,1,-0.248728,0.0526059,0.0222161,19,0.209898,0.264737,7.5,114.291,133,7.41007,814.099,0.191935,0.10780999849705,0.507471,1295.9,0.137779,0.100041,0.280862,1
0.0283306,2,-0.0112174,0.0305265,0.0142421,10,0.238762,0.442289,7.5,70.5285,134,4.82002,264.704,0.0758947,0.0987443592199702,0.261655,905.423,0.261569,0.100072,0.112057,1
0.0118931,2,0.00871018,0.0792083,0.0196799,27,0.261007,0.485122,7.5,102.2,136,3.96,458.712,-0.0167446,0.125615660364938,0.292779,849.677,0.21857,0.100002,0.114371,1
0.00863033,2,-0.0235937,0.0710234,0.0100961,29,0.334022,0.373072,7.5,25.4096,137,2.7,75.558,0.348786,0.161783588451339,0.121707,688.871,0.330888,0.100299,0.0445656,1
0.00715575,4,0.0984228,0.028772,0.0136134,23,0.273423,0.132039,7.5,33.1232,138,3.89,123.851,0.20687,0.175458690976294,0.234929,802.75,0.262442,0.10003,0.108621,1
0.0172152,1,-0.25778,0.0229791,0.0231429,11,0.183467,0.211135,7.5,73.2668,139,14.6002,911.809,0.332636,0.0777319085277186,0.682262,2135.4,0.0788309,0.100006,0.378226,1
0.025371,1,-0.216946,0.0369991,0.0176736,17,0.370493,0.464755,7.5,85.7645,140,2.92,247.886,0.0397075,0.137747709188407,0.194008,710.329,0.339895,0.100143,0.109447,1
0.0245723,1,-0.284049,0.0695463,0.0248284,32,0.161409,0.396826,7.5,48.4114,141,6.37005,200.821,-0.0895703,0.0863310866152338,0.348749,1090.76,0.2366,0.100048,0.170116,1
0.00999556,4,0.218197,0.0230912,0.0244862,9,0.288904,0.219728,7.5,108.945,142,6.22005,909.798,0.317221,0.108067322919022,0.566869,1169.32,0.117527,0.100047,0.292691,1
0.0189677,2,-0.00824126,0.0271509,0.0207286,24,0.35471,0.458295,7.5,64.9435,143,2.87,166.986,-0.0309737,0.142561776841906,0.124662,689.676,0.382186,0.100173,0.0381822,1
0.00454853,2,-0.0261929,0.0796974,0.014913,21,0.340628,0.396591,7.5,49.4168,144,2.6,160.286,0.352958,0.188040398003536,0.122041,671.38,0.303019,0.100189,0.0505483,1
0.010047,3,-0.144033,0.0628523,0.0162552,25,0.298407,0.143544,7.5,85.181,145,3.97,412.181,0.202661,0.183572640862455,0.331927,865.568,0.202836,0.100051,0.174675,1
0.00746909,4,-0.0618112,0.062638,0.0213883,24,0.306633,0.286323,7.5,126.782,1,3.6,512.02,0.254068,0.13743160078725,0.277969,758.461,0.243462,0.100228,0.124402,1
0.00499073,2,-0.0193494,0.0400608,0.0238933,18,0.278412,0.116877,7.5,22.1967,2,3.53,69.2165,-0.206311,0.174466429740428,0.147867,705.681,0.314695,0.100033,0.0442376,1
0.017379,3,-0.0425465,0.0608683,0.0123558,22,0.417359,0.218804,7.5,70.021,3,2.32,199.464,-0.0549116,0.212340550055749,0.134943,606.993,0.345133,0.10022,0.064549,1
0.026475,4,-0.000801708,0.0445048,0.0228195,16,0.238686,0.401395,7.5,30.4105,5,4.52001,116.261,-0.255435,0.131127585985721,0.250973,817.445,0.256898,0.100116,0.0896146,1
0.0161517,4,0.237134,0.0753715,0.0225657,16,0.45789,0.23481,7.5,83.4724,6,1.81,249.355,0.741913,0.235979286451785,0.0885727,528.406,0.328492,0.10003,0.0154355,1
0.00815204,4,-0.277942,0.0588368,0.0138066,26,0.408641,0.324228,7.5,24.6953,7,2.34,68.7285,0.263331,0.338992806403962,0.120842,588.21,0.353979,0.100422,0.0775762,1
0.0126358,1,-0.120001,0.0210496,0.0112823,23,0.300364,0.262563,7.5,131.104,9,6.22005,901.674,-0.0430656,0.0960859142850105,0.520611,1062.69,0.142748,0.100077,0.200789,1
0.0295596,2,0.223769,0.0461048,0.0166892,25,0.276322,0.403801,7.5,111.755,10,3.47,415.167,0.0127007,0.145304747976303,0.246857,714.315,0.264598,0.100201,0.102654,1
0.0148269,2,-0.0807398,0.0728179,0.0214871,26,0.461633,0.386615,7.5,106.856,11,2.09,298.314,0.595607,0.184938362846315,0.140124,581.763,0.352428,0.100295,0.0618637,1
0.00563971,1,-0.118731,0.0414462,0.0192065,18,0.188235,0.354991,7.5,48.8169,13,5.65003,189.602,0.0682583,0.10040660602512,0.261447,928.807,0.25278,0.10008,0.112354,1
0.0116177,1,-0.100743,0.0797798,0.0173601,25,0.210496,0.456082,7.5,84.6965,14,4.80001,393.744,0.249691,0.111705323703242,0.311291,859.991,0.211445,0.100202,0.145319,1
0.0224511,1,-0.271137,0.0478314,0.0203337,26,0.334555,0.356195,7.5,47.8252,15,3.16,152.913,0.384301,0.197065975130313,0.207349,695.062,0.30686,0.100014,0.115575,1
0.00659,3,-0.106779,0.0682409,0.0237273,17,0.286229,0.450321,7.5,73.0658,16,3.27,238.183,-0.0407224,0.151284468152956,0.173294,660.055,0.301119,0.100061,0.0879226,1
0.0126228,1,-0.212094,0.055359,0.0245453,28,0.391112,0.281968,7.5,112.721,17,2.87,394.967,0.162913,0.175702865041623,0.251954,648.639,0.280223,0.10009,0.138209,1
0.0280622,1,0.127395,0.0586434,0.0119994,22,0.474249,0.300102,7.5,46.4811,18,1.83,116.327,0.241018,0.174326442606068,0.061591,541.8,0.39248,0.100128,0.00748456,1
0.00518486,1,0.215871,0.0734643,0.0215322,31,0.190818,0.338612,7.5,118.062,19,5.78004,706.924,-0.148325,0.0988587157275697,0.460684,1009.48,0.163965,0.100079,0.2155,1
0.0164649,2,-0.14375,0.0388003,0.0116686,11,0.475032,0.204874,7.5,116.589,20,2.92,500.023,-0.00684091,0.157828965895505,0.360908,680.379,0.229029,0.100128,0.182596,1
0.012707,2,0.0325115,0.0495518,0.0174122,30,0.469778,0.209365,7.5,113.757,22,2.19,359.974,0.0204689,0.173030093108406,0.164822,602.644,0.31134,0.100429,0.0589218,1
0.0135396,4,0.283311,0.0361746,0.0154268,14,0.270064,0.200873,7.5,51.0181,24,3.59,204.536,0.175002,0.174715031529025,0.263475,705.462,0.245178,0.100198,0.124427,1
0.00553032,4,0.0654744,0.05084,0.0203692,19,0.187658,0.386094,7.5,101.337,25,5.83004,490.718,0.106689,0.0994972447731626,0.346744,943.501,0.202696,0.100056,0.139673,1
0.00624522,1,-0.0939772,0.0403668,0.0118031,25,0.322678,0.112619,7.5,69.0003,26,4.03,351.411,0.0479697,0.179749251721775,0.344897,762.836,0.192782,0.100083,0.153747,1
0.018838,1,-0.0148734,0.0438159,0.0224791,9,0.417857,0.36256,7.5,51.4555,29,2.41,126.831,0.115387,0.13138377706711,0.1375,596.84,0.398816,0.100207,0.0660376,1
0.0213796,2,0.278954,0.0598866,0.0145788,23,0.457677,0.1923,7.5,112.323,30,1.93,390.211,0.667688,0.286385566933384,0.132608,563.303,0.283023,0.100227,0.0404483,1
0.0264414,4,-0.202894,0.0212645,0.015791,28,0.454784,0.369476,7.5,89.1507,31,2.6,261.917,0.065886,0.17273092156099,0.225474,627.05,0.334256,0.100103,0.126712,1
0.0180073,2,-0.0433371,0.0385311,0.023671,27,0.491572,0.120344,7.5,125.121,34,2.91,665.464,1.32927,0.176525555474329,0.379178,710.145,0.184452,0.100002,0.148817,1
0.0256247,3,-0.0344936,0.0662426,0.0183926,8,0.221936,0.214743,7.5,115.033,35,6.16005,802.802,0.667283,0.114245459661697,0.459629,1061.41,0.140802,0.100167,0.220302,1
0.00531241,2,0.125281,0.0555719,0.0196361,9,0.296564,0.329727,7.5,115.225,36,3.51,468.312,-0.099104,0.107245740229472,0.275748,750.128,0.241673,0.100126,0.105661,1
0.0193343,2,-0.145337,0.0582169,0.0129121,14,0.3391,0.227491,7.5,36.3464,38,2.81,106.889,0.12634,0.216345896578832,0.142091,647.675,0.333634,0.100017,0.0713069,1
0.0207811,1,0.287516,0.0366012,0.0220534,8,0.192846,0.257744,7.5,109.42,39,8.25009,955.651,-0.146776,0.0791715972141871,0.595317,1289.37,0.112366,0.100039,0.34548,1
0.0116565,2,0.188598,0.0354967,0.0242943,15,0.25268,0.22333,7.5,63.8707,41,4.09,267.164,-0.0398408,0.129389050301416,0.280328,777.616,0.234919,0.100167,0.130587,1
0.018925,2,-0.281431,0.0253401,0.0212434,23,0.156675,0.322295,7.5,42.1043,42,10.2601,257.385,0.0794377,0.0942075831330207,0.486982,1402.53,0.160544,0.100042,0.240193,1
0.0115931,2,-0.0777651,0.0246007,0.0116382,20,0.43126,0.488644,7.5,72.6655,43,2.42,165.508,0.0847656,0.122133375159889,0.12889,582.597,0.432203,0.100348,0.0646628,1
0.0111491,4,-0.0072354,0.0253137,0.0231554,20,0.220014,0.499561,7.5,67.3291,44,5.10002,242.893,-0.0726216,0.100218097249766,0.233163,885.642,0.272437,0.100187,0.0834265,1
0.0127641,4,0.0108382,0.057246,0.0245893,13,0.374654,0.104353,7.5,45.7112,45,2.7,160.953,0.0199387,0.181253410701043,0.180422,653.757,0.279442,0.1003,0.080716,1
0.0107127,1,0.00290213,0.0251115,0.0240722,21,0.318848,0.112081,7.5,95.0155,46,6.32005,892.843,-0.805286,0.127016134515442,0.560104,1107.82,0.104421,0.100023,0.237109,1
0.00547518,1,-0.168549,0.0246037,0.0193015,11,0.397215,0.107771,7.5,53.3986,47,3.51,240.374,0.133758,0.171230059660973,0.352132,753.486,0.218282,0.100163,0.18632,1
0.00462125,2,0.109846,0.0746106,0.0246941,10,0.357138,0.496125,7.5,30.3771,49,2.3,76.0221,0.343081,0.174557762711369,0.0793494,598.572,0.393252,0.100322,0.0295338,1
0.00736592,2,-0.000895103,0.0424302,0.0146059,16,0.216847,0.363214,7.5,116.724,50,5.50003,560.976,0.13627,0.107917259079776,0.327389,911.546,0.20444,0.100157,0.0990651,1
0.00635675,2,0.1383,0.0304561,0.0195852,30,0.488758,0.259464,7.5,84.0548,51,2.02,244.941,0.331003,0.161864695260187,0.130547,560.274,0.337632,0.100293,0.0199358,1
0.0175736,1,-0.156589,0.0593264,0.0111546,14,0.245287,0.222288,7.5,40.2155,52,3.8,133.247,0.040919,0.174462985862443,0.171818,733.473,0.296382,0.100103,0.0826047,1
0.0158219,3,-0.0764594,0.0362963,0.0152029,19,0.312497,0.352631,7.5,64.5268,53,3.29,184.023,0.063701,0.135506995909441,0.165342,660.849,0.344031,0.100014,0.0683953,1
0.00605056,4,-0.197654,0.0514048,0.0151672,9,0.394337,0.165153,7.5,68.5118,55,2.93,249.393,0.171974,0.174140556466981,0.264504,664.341,0.270314,0.100304,0.156126,1
0.0019116,3,0.256773,0.0235234,0.0240659,15,0.20999,0.16283,7.5,113.094,56,11.0502,1579.57,0.128109,0.112508683790542,0.695564,1576.31,0.0702855,0.100068,0.399627,1
0.0273436,4,-0.207299,0.0288279,0.0108515,28,0.437639,0.182992,7.5,102.006,57,3.15,437.233,-0.0312991,0.164980001676062,0.346421,706.887,0.229508,0.100281,0.190043,1
0.00357134,3,-0.0722835,0.0407898,0.0228735,18,0.231253,0.452709,7.5,89.9654,58,4.56001,316.349,0.0280199,0.108358794645182,0.227721,810.033,0.279089,0.100038,0.10019,1
0.00966404,2,-0.298986,0.0354215,0.0160577,20,0.257461,0.128547,7.5,37.3004,59,4.57001,155.628,0.0821101,0.169011860189336,0.284391,823.956,0.235163,0.100017,0.173814,1
0.00654805,2,-0.0826561,0.0303612,0.0123639,11,0.480732,0.352835,7.5,108.07,60,2.53,326.213,0.205738,0.128324158832757,0.257389,608.275,0.325869,0.10027,0.12023,1
0.0262302,4,-0.173613,0.0465378,0.0224535,22,0.351886,0.454062,7.5,75.1691,61,3.14,246.418,-0.0860318,0.149425921403107,0.234164,679.758,0.299388,0.100046,0.126578,1
0.0218483,4,0.143392,0.0434022,0.017967,25,0.357417,0.19628,7.5,128.307,63,3.54,658.231,-0.316489,0.176801042943265,0.36962,816.667,0.191379,0.100081,0.139294,1
0.00154241,4,-0.203366,0.0656301,0.0132797,8,0.458037,0.312647,7.5,81.1283,66,2.37,246.517,0.136067,0.174056365581836,0.226512,699.154,0.323622,0.100241,0.145745,1
0.0174637,1,-0.248128,0.0207371,0.0114144,12,0.457045,0.414318,7.5,61.8605,67,2.61,181.805,-0.0241638,0.16839869252693,0.229753,721.787,0.334785,0.100297,0.133964,1
0.0167118,2,0.0260082,0.0727383,0.0139554,15,0.222126,0.145883,7.5,70.0963,68,4.42001,337.296,0.219759,0.180596170461594,0.277897,941.657,0.203882,0.100006,0.144151,1
0.0232701,3,0.0457947,0.0777807,0.0240332,28,0.397315,0.244783,7.5,40.3434,69,2.59,145.212,-0.166438,0.189399994927341,0.235573,714.772,0.272858,0.100114,0.0919379,1
0.00631523,3,0.291174,0.051004,0.0197628,23,0.215173,0.325267,7.5,81.0516,71,4.21,331.452,0.155476,0.138373486231942,0.297448,923.994,0.240356,0.100195,0.154348,1
0.000696289,3,0.0558954,0.0711764,0.0111469,15,0.158396,0.282046,7.5,90.224,72,5.81004,446.532,0.169927,0.105525669580515,0.31433,1052.37,0.198513,0.10015,0.140233,1
0.0185213,2,0.285664,0.0213973,0.0127694,12,0.281345,0.312914,7.5,70.1727,73,4.11,312.247,-0.286382,0.117833795711584,0.350928,855.097,0.221011,0.100248,0.145844,1
0.0077583,3,-0.289941,0.0485891,0.0105712,9,0.242662,0.202632,7.5,53.3871,74,4.75001,228.521,0.183441,0.144008873042631,0.307118,966.833,0.229397,0.100094,0.1977,1
0.00797619,2,0.0333018,0.0377717,0.0165349,32,0.172535,0.224802,7.5,123.885,75,13.3802,1568.76,-0.505416,0.0858207710226803,0.669908,2124.73,0.0775194,0.100064,0.346555,1
0.0113068,2,-0.144847,0.0717645,0.0246752,15,0.454171,0.206941,7.5,117.868,76,2.25,375.528,-0.0930068,0.187549769300837,0.1901,664.688,0.308146,0.100077,0.104016,1
0.0245833,2,-0.252198,0.0434957,0.0134433,18,0.419112,0.226515,7.5,62.0456,77,2.61,190.694,0.19999,0.253767519405707,0.205251,698.025,0.319826,0.100201,0.129636,1
0.0127592,2,-0.156457,0.0718587,0.0170355,21,0.269231,0.380325,7.5,86.3535,80,3.63,314.443,0.0431136,0.14779115362205,0.226134,799.607,0.269548,0.100053,0.127087,1
0.00235637,2,-0.136677,0.0793889,0.0178473,22,0.433018,0.16875,7.5,126.822,81,2.38,435.348,0.295366,0.181966614866356,0.212593,692.559,0.286553,0.100272,0.107929,1
0.00555741,1,0.0884539,0.0220036,0.0111004,8,0.483438,0.328442,7.5,99.9198,82,2.79,385.018,0.286054,0.121872461387835,0.341984,761.413,0.255317,0.100286,0.0911176,1
0.0253846,2,-0.0370685,0.0360748,0.0187177,25,0.36774,0.128622,7.5,92.9493,83,4.16,558.99,-0.531475,0.153994269253138,0.428797,954.895,0.163442,0.100197,0.173054,1
0.018391,1,-0.27425,0.0457061,0.0124513,13,0.333268,0.278565,7.5,129.06,84,3.9,561.916,-0.105227,0.150042027406513,0.351057,906.434,0.225661,0.100154,0.2063,1
0.0243384,4,-0.0512883,0.0687062,0.0194421,17,0.208002,0.286647,7.5,25.1222,85,4.90002,102.676,0.0575926,0.134202326875367,0.293257,973.749,0.240174,0.100062,0.110007,1
0.00883387,4,-0.172759,0.0674373,0.0246405,27,0.280054,0.42117,7.5,79.5858,87,4.1,346.066,-0.0877464,0.117881483265438,0.326557,921.194,0.226028,0.100188,0.159448,1
0.0277306,4,0.0874331,0.0652962,0.0121734,26,0.439944,0.385583,7.5,48.8852,89,2.14,145.704,0.254222,0.21906156672222,0.140422,647.49,0.330474,0.100406,0.0450462,1
0.0204297,4,0.0195539,0.0360014,0.0197694,29,0.187346,0.173908,7.5,31.4091,90,7.43008,177.926,-0.14493,0.0905867963474917,0.432802,1293.67,0.173189,0.100008,0.172043,1
0.00739732,1,-0.08294,0.0383674,0.0126684,12,0.282916,0.499922,7.5,44.8322,91,3.44,121.634,0.103065,0.108136835408833,0.133395,773.882,0.361627,0.100013,0.0609047,1
0.0112652,4,-0.233138,0.0681327,0.0197711,21,0.430844,0.404731,7.5,123.711,92,2.37,377.565,0.203328,0.181207243138131,0.188868,695.251,0.321953,0.100163,0.115008,1
0.00225043,1,-0.110822,0.0512966,0.0125641,32,0.438167,0.441297,7.5,69.4501,93,2.28,182.353,0.128087,0.15842673075457,0.140584,682.635,0.374176,0.100149,0.0621548,1
0.00445414,3,-0.297215,0.0266431,0.023354,30,0.491175,0.356243,7.5,46.7771,94,2.17,130.895,0.0248345,0.284449195455775,0.147544,650.597,0.350651,0.100022,0.0907415,1
0.0189853,4,0.0658267,0.0285634,0.01021,28,0.463005,0.231841,7.5,40.4599,95,2.13,102.544,0.117436,0.203745862123527,0.105761,638.673,0.388568,0.100388,0.0243458,1
0.0220345,2,0.149814,0.0669447,0.0170974,10,0.167837,0.480078,7.5,73.636,97,4.66001,286.008,0.24567,0.117422648552715,0.223719,929.758,0.252582,0.100005,0.109004,1
0.0231623,2,-0.214448,0.0722479,0.0214799,21,0.31442,0.466324,7.5,23.0069,98,2.97,65.2278,-0.147219,0.213803252544602,0.164553,743.409,0.346653,0.100185,0.0914916,1
0.0206355,3,-0.264673,0.0224233,0.018358,17,0.177323,0.413784,7.5,94.9633,99,11.9402,805.822,-0.178246,0.0818331049168559,0.598374,1875.48,0.115634,0.100023,0.313998,1
0.0175311,4,-0.165391,0.0574098,0.0100732,25,0.373469,0.428195,7.5,94.6371,100,2.73,283.387,0.194608,0.174711068151146,0.185859,716.812,0.327609,0.100001,0.103476,1
0.0182063,2,-0.0598167,0.0654956,0.0203295,15,0.39085,0.251705,7.5,91.3401,103,2.45,267.798,-0.0808708,0.158768567137375,0.141183,680.122,0.335483,0.100265,0.0644947,1
0.0199381,3,0.257216,0.0457865,0.0120456,22,0.454223,0.244594,7.5,77.0085,104,1.97,233.219,0.329444,0.223808647041803,0.11534,646.42,0.325074,0.100355,0.0110513,1
0.0238887,3,0.0122119,0.0604796,0.0222908,18,0.161678,0.226261,7.5,89.4397,105,10.9702,893.271,-0.0442537,0.0952578877290655,0.611321,1757.09,0.0982239,0.1,0.310785,1
0.00205308,4,-0.104051,0.0626701,0.0138139,15,0.457975,0.261857,7.5,89.5259,106,2.14,238.572,0.144506,0.16385784333968,0.138717,637.668,0.368881,0.100205,0.0684861,1
0.0105041,2,0.154276,0.0319516,0.0248138,18,0.236319,0.470054,7.5,38.3624,107,3.83,113.238,-0.122988,0.15126145114951,0.162613,814.687,0.332927,0.100177,0.0649815,1
0.0021385,4,0.00687337,0.0363424,0.0176576,28,0.432804,0.392696,7.5,71.5124,108,2.26,170.647,0.0370643,0.159820589500097,0.0987883,641.845,0.411389,0.100069,0.0200371,1
0.0017285,1,-0.138377,0.0341503,0.0101476,24,0.408988,0.195029,7.5,63.4158,109,2.69,187.099,-0.0798481,0.171037551847144,0.194377,720.962,0.333432,0.100279,0.103919,1
0.000129325,1,0.104154,0.0493939,0.0247148,23,0.182678,0.480008,7.5,111.221,110,6.33005,580.526,0.187294,0.092393943490805,0.400884,1190.65,0.188232,0.100152,0.184007,1
0.0126895,2,-0.13954,0.0712724,0.0239002,18,0.397554,0.214364,7.5,38.4467,113,2.34,114.227,0.369342,0.240253444111052,0.126297,664.197,0.330476,0.100087,0.0698397,1
0.0240546,1,-0.181468,0.0239597,0.0121904,26,0.161565,0.300997,7.5,102.19,114,15.8803,1218.52,0.234072,0.0708419357158753,0.67492,2273.09,0.0822781,0.100009,0.338282,1
0.0256649,2,-0.22466,0.0630682,0.0176182,25,0.325565,0.239256,7.5,130.735,115,3.96,650.162,-0.135384,0.172362741556043,0.377504,894.298,0.197332,0.100037,0.217863,1
0.0161987,4,-0.234864,0.0423878,0.0201407,31,0.380283,0.400044,7.5,102.359,116,3.12,357.452,0.0981283,0.160284136765187,0.272234,774.197,0.281523,0.100216,0.151968,1
0.00936261,4,-0.0948054,0.0518451,0.0186679,13,0.419178,0.30552,7.5,67.5296,117,2.38,178.71,-0.370983,0.149350899812159,0.144379,651.923,0.371281,0.100159,0.0770742,1
0.0231583,3,-0.133147,0.0266569,0.0182449,25,0.391042,0.10411,7.5,112.353,121,4.90002,911.633,-0.223832,0.174746854408279,0.532013,1056.24,0.120925,0.100019,0.25421,1
0.000407157,2,-0.0348567,0.046231,0.0158467,8,0.371217,0.420454,7.5,68.0776,122,2.82,187.823,0.125137,0.112269194702161,0.185619,730.328,0.355951,0.100107,0.0960171,1
0.0294366,4,-0.288753,0.0388251,0.0187458,30,0.229301,0.377914,7.5,26.9073,123,4.88002,86.4838,-0.0646556,0.157992131954929,0.267348,986.233,0.305528,0.100103,0.146785,1
0.00967689,1,-0.108056,0.0372227,0.0113935,8,0.241554,0.431712,7.5,24.8396,124,4.21,70.0703,0.0810119,0.0963978976780672,0.183081,858.718,0.348165,0.100116,0.108793,1
0.00842936,3,0.192611,0.0397473,0.0226086,16,0.168582,0.408471,7.5,58.7875,125,5.77004,245.915,-0.0405878,0.0968671394817501,0.327432,1047.8,0.234589,0.100032,0.154024,1
0.0199957,2,-0.00076487,0.0765985,0.015524,16,0.267307,0.112179,7.5,110.393,126,4.87002,795.207,0.317285,0.191286744948197,0.427951,1011.69,0.136245,0.100044,0.230425,1
0.0289069,2,-0.275639,0.0227236,0.0168586,25,0.229005,0.271525,7.5,64.0091,128,7.15007,371.235,0.0263261,0.119297512410438,0.46752,1272.93,0.169276,0.100077,0.253564,1
0.0135733,3,0.0450327,0.0415902,0.0197713,21,0.453632,0.149906,7.5,101.225,129,2.53,403.268,0.100419,0.162071706206514,0.248908,711.491,0.246372,0.100053,0.104034,1
0.0166437,2,0.180117,0.0734998,0.0159135,18,0.331906,0.342013,7.5,50.833,130,2.44,151.118,0.100635,0.212328057979144,0.109737,663.048,0.330411,0.100128,0.027837,1
0.0141026,3,0.182403,0.0757568,0.0183586,18,0.382242,0.315124,7.5,31.5558,132,2.11,88.8851,0.110468,0.240730141908256,0.0801067,633.483,0.34904,0.10022,0.0237752,1
0.0200895,2,-0.0833711,0.0367207,0.0190235,8,0.243545,0.363914,7.5,46.0014,134,4.62001,162.859,0.151899,0.0965584671054664,0.25978,937.796,0.277325,0.100083,0.129165,1
0.00720965,4,0.195597,0.0304621,0.0127714,26,0.163645,0.147863,7.5,93.2802,136,15.8703,1542.78,0.228575,0.107031114770862,0.741238,2340.14,0.0593206,0.100012,0.425066,1
0.0264656,2,0.299012,0.0735946,0.0162781,9,0.37839,0.182792,7.5,25.9369,137,2.06,77.368,0.0809915,0.303421631488785,0.0868992,644.808,0.330589,0.100522,0.0272109,1
0.0128981,4,-0.0823618,0.0633498,0.0225577,27,0.385941,0.451999,7.5,60.4444,139,2.67,197.967,0.29787,0.159629940634535,0.200063,724.881,0.300133,0.100203,0.0964991,1
8.18778e-05,4,-0.178085,0.0483766,0.0106832,8,0.451996,0.41066,7.5,32.9231,140,2.33,82.4901,0.0154969,0.188092220994359,0.176932,672.205,0.39232,0.100201,0.107445,1
0.00716529,4,-0.0107573,0.0664739,0.0135568,19,0.469299,0.385453,7.5,128.718,141,1.96,320.895,0.210164,0.166448938888114,0.087647,618.877,0.393671,0.100043,0.0278155,1
0.0027865,3,-0.166059,0.0263654,0.0236611,31,0.231338,0.496928,7.5,25.3592,142,4.73001,72.8141,0.194482,0.0956387070931824,0.212908,897.568,0.342283,0.100183,0.125542,1
0.0135502,4,0.0175488,0.0269185,0.0143553,20,0.22629,0.143911,7.5,131.234,143,15.7703,2692.55,-0.0905067,0.10059689505453,0.763334,2531.47,0.0478378,0.10005,0.441943,1
0.018291,4,-0.169181,0.0499596,0.0231304,20,0.161376,0.493049,7.5,117.863,144,10.4901,944.833,0.258411,0.0748933589277615,0.567692,1647.61,0.122469,0.100077,0.263306,1
0.0233952,4,-0.193162,0.06342,0.0199047,15,0.395976,0.288614,7.5,50.5483,145,2.53,159.237,0.166615,0.219672619493977,0.17593,687.857,0.311451,0.100014,0.0935633,1
0.0277515,4,0.0173093,0.0340469,0.022566,15,0.307406,0.1803,7.5,29.0867,146,3.6,100.066,0.104026,0.172673333571014,0.227213,836.286,0.285719,0.100199,0.0608913,1
0.010606,3,0.25215,0.058165,0.0223875,27,0.297789,0.314747,7.5,113.424,147,3.12,429.997,-0.0530394,0.163850750664085,0.242516,755.997,0.259514,0.100289,0.105135,1
0.0208689,4,-0.14246,0.0661966,0.0100239,18,0.497983,0.386506,7.5,104.156,148,2.01,281.213,0.116046,0.207403745788829,0.152307,648.787,0.364719,0.100378,0.0816102,1
0.00266463,1,0.0835155,0.0499387,0.0143126,28,0.448005,0.277189,7.5,78.0684,149,2.08,208.526,0.354054,0.169557785158952,0.102659,654.599,0.368385,0.100304,0.0245407,1
0.00931656,1,-0.268649,0.0532752,0.0248348,27,0.295833,0.405293,7.5,125.282,150,4.21,543.824,0.342757,0.122583390708482,0.347657,919.125,0.226259,0.100117,0.199813,1
0.019755,3,-0.0765393,0.0421843,0.0180208,24,0.456668,0.36647,7.5,28.2418,151,2.2,72.0736,-0.00426018,0.216535478686103,0.124366,643.184,0.385736,0.100347,0.0556523,1
0.0292362,1,0.0737991,0.0395965,0.0222185,9,0.284964,0.368184,7.5,56.5622,153,3.56,183.727,0.491622,0.107358739284901,0.205246,796.407,0.302762,0.100249,0.0728111,1
0.00510928,4,-0.161694,0.0521809,0.0124798,29,0.21176,0.193026,7.5,47.4728,155,5.43003,227.761,0.100605,0.131803571888393,0.330672,1022.02,0.204819,0.10017,0.169677,1
0.0110618,2,0.205109,0.0704537,0.0221254,18,0.398132,0.123722,7.5,127.136,156,2.38,559.683,-0.661236,0.288145286494234,0.207429,678.492,0.223684,0.100378,0.118999,1
0.00926161,1,-0.227742,0.0694427,0.0210903,15,0.25644,0.174946,7.5,40.8947,157,3.63,145.606,0.337037,0.213691957674932,0.188626,827.26,0.276143,0.100225,0.116075,1
0.0150889,1,-0.153603,0.0663483,0.0148164,21,0.181742,0.390491,7.5,48.5204,158,5.44003,215.766,0.127111,0.117250302973754,0.289456,1028.24,0.220903,0.100136,0.142172,1
0.0251037,1,0.00730256,0.0630635,0.0131874,16,0.253749,0.481566,7.5,80.5688,160,3.41,248.851,-0.364708,0.133926730993604,0.115632,770.067,0.318326,0.100225,0.0378663,1
0.00805092,4,0.272019,0.074844,0.0100647,14,0.473017,0.297061,7.5,47.1864,162,1.65,124.262,0.677704,0.214830209979644,0.036097,590.926,0.372596,0.100021,-0.00999558,1
0.00256431,1,-0.212627,0.048928,0.018305,9,0.467848,0.102287,7.5,65.85,164,2.61,254.836,0.042993,0.221081335039246,0.287989,723.873,0.254204,0.100281,0.174891,1
0.0271275,4,0.101731,0.0749712,0.0248145,9,0.480881,0.181417,7.5,115.701,165,2.11,421.741,0.322912,0.191932911258722,0.211881,658.408,0.269274,0.100054,0.0828828,1
0.0186862,4,-0.112965,0.0664581,0.0228234,12,0.30011,0.15021,7.5,126.131,166,4.76001,837.43,0.327985,0.143846691243642,0.450755,1006.28,0.147863,0.100073,0.23544,1
0.0018473,1,0.273633,0.0333407,0.0189721,22,0.20965,0.472925,7.5,119.182,168,4.99002,527.421,0.199837,0.116631771133197,0.35443,965.398,0.222003,0.100147,0.175496,1
0.01581,2,-0.190912,0.0238286,0.0141738,22,0.423174,0.175729,7.5,23.5349,169,2.54,63.3937,0.213317,0.257806991901402,0.153795,672.754,0.365378,0.100324,0.09693,1
0.019712,4,-0.0152718,0.0454061,0.0173463,11,0.392858,0.374427,7.5,111.342,170,2.76,353.079,0.631167,0.12385730342257,0.205928,709.868,0.310276,0.100298,0.0863256,1
0.00239747,4,-0.0912547,0.0607174,0.0146495,21,0.272139,0.222886,7.5,79.6192,171,3.74,298.327,0.266415,0.143091922853496,0.22868,814.724,0.262509,0.100265,0.107638,1
0.0257517,4,0.204948,0.0302944,0.0189378,17,0.211716,0.46928,7.5,131.58,173,5.94004,698.61,-0.0807813,0.101634660928829,0.429574,1081.71,0.185006,0.10013,0.200244,1
0.0219816,3,-0.242763,0.0761404,0.0174705,12,0.409142,0.128215,7.5,107.885,1,2.74,458.736,0.0966263,0.235063603847813,0.278909,672.498,0.230988,0.10012,0.173108,1
0.0269732,4,0.159947,0.0566985,0.0101608,13,0.155641,0.149056,7.5,47.2957,2,8.7101,378.675,-0.27241,0.166637204684363,0.549798,1334.56,0.122579,0.100044,0.275017,1
0.00976629,3,-0.282219,0.0336037,0.0150895,23,0.357599,0.226488,7.5,46.6254,3,3.08,148.74,-0.045904,0.220339010398041,0.204787,685.142,0.30767,0.100051,0.133446,1
0.00887703,3,0.193897,0.0534876,0.0169,10,0.301484,0.437028,7.5,75.542,4,2.97,239.232,-0.576551,0.132152554839102,0.178165,669.272,0.310876,0.100358,0.0648574,1
0.0140866,1,-0.213745,0.0657268,0.0161229,30,0.473939,0.127857,7.5,120.951,5,2.34,453.357,0.374979,0.24578743866007,0.238541,638.434,0.262792,0.100409,0.148365,1
0.00393063,1,-0.249365,0.0304731,0.0165517,24,0.492503,0.306653,7.5,108.185,6,2.36,329.302,0.0320886,0.193705830194126,0.222991,630.016,0.322737,0.10014,0.134179,1
0.020607,2,0.245681,0.0265262,0.0191706,21,0.429177,0.131591,7.5,111.051,8,2.72,577.995,-1.06009,0.286560533835961,0.301126,674.559,0.188876,0.100209,0.140367,1
0.0146387,1,0.266247,0.0293073,0.0152138,26,0.364129,0.343141,7.5,119.82,9,2.69,420.108,0.115851,0.128589928725913,0.202496,660.271,0.27997,0.100063,0.062788,1
0.00969126,4,-0.204808,0.0789989,0.0209768,31,0.1891,0.236568,7.5,86.5545,11,7.91009,661.324,0.231544,0.100630945382152,0.547829,1261.07,0.128561,0.100131,0.229014,1
0.0102374,4,-0.0994797,0.0256345,0.0186976,30,0.447503,0.33547,7.5,128.717,12,2.6,391.821,0.0774551,0.14064470050089,0.219618,640.392,0.323052,0.100243,0.105985,1
0.00745418,2,-0.01399,0.0457414,0.0243969,22,0.321605,0.333985,7.5,26.0424,1,2.97,75.9061,0.0931138,0.155949712431633,0.121608,2083.71,0.336807,0.100071,0.0498806,1
0.0157127,3,0.236161,0.0579254,0.013453,9,0.312405,0.138614,7.5,55.1844,2,2.99,218.415,-0.0715185,0.224983805754438,0.231837,2108,0.24822,0.100146,0.14455,1
0.0144956,1,0.233737,0.0263168,0.021788,28,0.397713,0.465268,7.5,124.821,3,2.39,375.697,0.356419,0.131370181222855,0.145721,1883.88,0.327129,0.100369,0.0231634,1
0.00345573,2,-0.177608,0.0217792,0.0105442,24,0.470229,0.244934,7.5,102.189,4,2.67,341.435,-0.0730257,0.154363091818164,0.270928,2001.45,0.293634,0.100009,0.144225,1
0.0201526,4,-0.194998,0.0621956,0.0203763,14,0.38388,0.117443,7.5,107.613,5,3.27,552.902,0.4681,0.187548630222544,0.342022,2263.62,0.191355,0.10022,0.177694,1
0.000958072,4,0.152858,0.0302051,0.0116251,21,0.159844,0.411316,7.5,95.3308,7,7.83008,549.728,-0.15572,0.0959260750997823,0.445613,3924.07,0.170125,0.100003,0.209757,1
0.0235774,3,-0.206627,0.061871,0.01494,28,0.285595,0.138691,7.5,42.996,9,4.14,190.554,-0.0378163,0.195621639506754,0.333276,2533.52,0.221679,0.100149,0.153806,1
0.0127367,4,0.230594,0.0264479,0.0165522,24,0.342939,0.198657,7.5,124.349,10,3.62,656.164,0.0773163,0.167812192196654,0.36249,2391.69,0.186148,0.100129,0.154857,1
0.0146625,1,-0.29943,0.0422524,0.0145019,19,0.359411,0.196416,7.5,61.2711,11,3.12,212.923,-0.0276438,0.205240827969424,0.233776,2148.66,0.28305,0.100267,0.153513,1
0.0145401,4,-0.194383,0.0285147,0.0114663,12,0.384459,0.202429,7.5,64.2798,12,3.37,240.328,0.186276,0.158139070257823,0.310444,2249.37,0.262935,0.10021,0.169263,1
0.00754921,3,0.195691,0.073108,0.0243849,24,0.386467,0.440322,7.5,99.565,13,2.18,288.985,0.288458,0.183829218773428,0.116033,1798.52,0.339181,0.100353,0.0236984,1
0.00932099,1,-0.230903,0.0681924,0.0166651,9,0.437852,0.328257,7.5,109.771,17,2.41,337.247,0.123599,0.168300514709749,0.212955,1926.11,0.320038,0.100229,0.133038,1
0.00190365,2,-0.110788,0.0270437,0.0121981,18,0.197739,0.348759,7.5,109.782,19,8.80011,779.636,0.283614,0.0783104189563262,0.515471,4335.13,0.13825,0.100083,0.228612,1
0.0100852,3,0.00131985,0.0471668,0.0203439,22,0.434019,0.435517,7.5,22.9191,22,2.17,58.7909,-0.174478,0.195899354735627,0.0795419,1760.13,0.384024,0.100416,0.0176752,1
0.0217698,1,-0.0762677,0.0320442,0.0161756,9,0.408713,0.12806,7.5,39.7572,23,2.94,137.098,0.260585,0.171250243309201,0.259065,2109.57,0.285212,0.100257,0.12413,1
0.017593,2,-0.276601,0.0475796,0.0190244,27,0.352613,0.225456,7.5,128.137,24,3.86,625.721,-0.261042,0.166684967829213,0.378852,2472.03,0.20128,0.100193,0.212876,1
0.0297142,2,0.130278,0.0793925,0.023924,16,0.215867,0.353609,7.5,46.577,26,4.14,204.013,0.0665458,0.165356821364738,0.279905,2527.9,0.224023,0.100025,0.119626,1
0.00157291,2,-0.207999,0.0314131,0.0249283,24,0.252424,0.374184,7.5,106.185,27,5.79004,536.8,0.0875725,0.0924983453329991,0.416447,3183.97,0.194329,0.100142,0.214347,1
0.00984513,2,0.245261,0.0480011,0.0192687,26,0.480858,0.487848,7.5,103.323,28,1.76,262.258,-0.0110109,0.182906719201071,0.0552976,1648.64,0.387788,0.100336,-0.0296171,1
0.0217571,1,-0.11941,0.0209104,0.0143614,28,0.318863,0.376516,7.5,58.1708,30,3.44,161.396,-0.0669742,0.130131565811045,0.18049,2265,0.353647,0.100021,0.0968929,1
0.0158925,2,-0.291896,0.0207576,0.0117459,24,0.260087,0.415065,7.5,108.489,31,6.01004,550.546,0.111254,0.105811729913307,0.432452,3311.74,0.193373,0.100031,0.230532,1
0.011878,1,-0.155441,0.030051,0.0228004,30,0.326044,0.361009,7.5,55.7018,32,3.41,166.935,0.435247,0.135568633715763,0.20927,2278.2,0.328191,0.100262,0.109234,1
0.0170935,3,0.175079,0.047335,0.0248401,17,0.211751,0.263754,7.5,93.1142,33,5.62003,514.908,0.330302,0.116308462285669,0.41995,3162.88,0.177601,0.100113,0.198587,1
9.17734e-06,2,0.234241,0.0253132,0.0157513,12,0.44161,0.312423,7.5,62.376,34,2.27,194.988,-0.092704,0.145419603216533,0.17603,1841.51,0.314901,0.100345,0.0406857,1
0.00826283,4,-0.184009,0.0514032,0.0194296,11,0.396632,0.407905,7.5,128.392,35,2.76,400.643,0.247421,0.121175790070534,0.224728,2028.38,0.314712,0.100107,0.133956,1
0.0230726,1,-0.10571,0.0569467,0.010153,16,0.34572,0.245179,7.5,26.1001,36,2.69,71.5152,-0.104371,0.216551988011685,0.115168,1950.15,0.35831,0.10008,0.0505932,1
0.00233349,3,0.100684,0.0783444,0.0224653,26,0.277882,0.217989,7.5,104.233,37,3.49,445.139,0.458688,0.159939251602011,0.27022,2363.39,0.229927,0.100095,0.131591,1
0.0150622,1,0.248404,0.0691904,0.0172495,26,0.419103,0.135014,7.5,102.854,38,2.08,374.09,0.0905092,0.238897462743574,0.143311,1775.98,0.269991,0.1001,0.0732472,1
0.00597574,1,-0.178599,0.0532556,0.0229363,14,0.481808,0.470924,7.5,71.9178,39,2.1,191.251,0.143121,0.167764302460282,0.14582,1813.57,0.369711,0.100222,0.0833088,1
0.0268054,3,0.252129,0.0568258,0.0240025,11,0.457423,0.477675,7.5,32.6781,40,1.81,74.1882,-0.0621877,0.208391769864258,0.0594792,1641.62,0.433734,0.100377,-0.0132791,1
0.0134647,1,0.23354,0.0690018,0.0117129,24,0.265686,0.348217,7.5,99.8569,41,3.11,341.008,0.538305,0.143805173582602,0.191681,2159.03,0.2876,0.100117,0.0923158,1
0.0281041,2,0.153128,0.0711693,0.017507,17,0.332956,0.364719,7.5,27.721,43,2.49,83.6981,-0.15818,0.250597358615689,0.113206,1888.69,0.325696,0.100242,0.039201,1
0.0249055,3,0.126227,0.0717503,0.0104851,19,0.48493,0.426794,7.5,107.314,44,1.78,281.653,0.00489042,0.220626858215975,0.0728622,1660.49,0.374827,0.100281,0.0172887,1
0.00667907,1,0.00417656,0.0566504,0.0148295,9,0.336732,0.260021,7.5,39.7653,45,2.8,113.667,0.301841,0.119206580185179,0.131929,2023.45,0.343379,0.100055,0.0325311,1
0.00287421,2,-0.254802,0.0472054,0.0228408,25,0.243174,0.205017,7.5,89.7955,49,5.98004,546.517,0.140863,0.119645516201268,0.448056,3300.01,0.161314,0.100081,0.225945,1
0.0115059,1,0.0223616,0.0469601,0.0108952,22,0.226161,0.417816,7.5,36.2345,50,4.03,114.991,-0.135047,0.140340509617041,0.143548,2434.91,0.309265,0.100047,0.047699,1
0.0130198,2,0.118395,0.0303644,0.0184775,13,0.348488,0.409918,7.5,84.5641,51,2.97,265.394,0.346341,0.12739312322152,0.198716,2086.54,0.312676,0.10003,0.0700403,1
0.0263108,1,0.048887,0.0643199,0.0104148,16,0.327727,0.165068,7.5,51.4013,52,2.75,160.505,0.0958302,0.178796788404902,0.131688,2058.06,0.314766,0.100192,0.0604571,1
0.0164456,4,0.0333025,0.02415,0.0188532,27,0.233715,0.478396,7.5,109.666,53,5.40003,484.597,0.0101126,0.103965942516256,0.328724,2985.23,0.222286,0.100127,0.132066,1
0.00865262,4,-0.0249709,0.0341353,0.0122621,23,0.39324,0.242135,7.5,105.882,54,2.88,363.639,-0.117986,0.13230257035504,0.220834,2072.79,0.286049,0.100143,0.0891606,1
0.0274203,4,0.214888,0.055173,0.0142922,21,0.437942,0.418468,7.5,105.331,55,2,293.165,0.427185,0.21407298816504,0.103371,1732.86,0.353821,0.100385,0.00692165,1
0.0279591,3,0.226986,0.0650513,0.020748,28,0.484029,0.165408,7.5,130.265,56,2.01,504.569,1.59115,0.303843106929406,0.195184,1748.85,0.254326,0.100419,0.109122,1
0.00597309,1,-0.0495084,0.0361962,0.0149987,14,0.39184,0.144607,7.5,104.62,57,3.81,601.807,0.502116,0.13277214504373,0.412427,2632.71,0.17064,0.100059,0.175233,1
0.018149,4,0.152759,0.0374905,0.0131319,11,0.283464,0.20748,7.5,107.644,59,4.74001,630.258,0.187999,0.135885113200757,0.425193,3013.12,0.167557,0.100005,0.200861,1
0.0173687,2,0.0400286,0.0386584,0.0138005,16,0.368077,0.424826,7.5,29.6542,60,2.48,69.8141,-0.0292537,0.155869025427178,0.068727,2015.7,0.416778,0.100021,0.00938404,1
0.00858648,4,0.190835,0.0301207,0.0124121,8,0.388409,0.261938,7.5,116.276,61,3.72,640.946,0.395425,0.13710304867441,0.435015,2561.84,0.178374,0.100229,0.169673,1
0.0210272,1,0.210386,0.0227196,0.0150404,10,0.4317,0.127924,7.5,47.709,64,2.66,190.801,-0.281238,0.230064490745789,0.273884,2128.79,0.245629,0.100136,0.124721,1
0.0183257,3,0.2132,0.0426469,0.0196224,29,0.433246,0.345536,7.5,34.9169,65,1.97,85.0268,0.208548,0.234424947709472,0.0596825,1797.16,0.404067,0.100301,-0.00986469,1
0.0269271,4,-0.0606243,0.0237234,0.0142446,11,0.198156,0.342414,7.5,113.432,66,11.4702,1111.05,0.11317,0.0783459861064291,0.623371,5732.31,0.100245,0.100089,0.30209,1
0.0104885,1,-0.285532,0.0290049,0.0211657,14,0.308821,0.486576,7.5,62.024,67,3.72,202.799,0.0637551,0.125971919981519,0.236705,2480.93,0.300524,0.100165,0.149323,1
0.0273048,3,0.259365,0.066943,0.0126728,14,0.263976,0.312845,7.5,118.82,68,3.29,458.384,0.0681908,0.168532877062779,0.23775,2320.31,0.254901,0.100241,0.120994,1
0.0121204,2,-0.0473607,0.0706041,0.0245565,32,0.261506,0.322852,7.5,100.106,69,4.76001,531.217,0.0971231,0.105826661659131,0.393579,2906.77,0.185059,0.100104,0.170375,1
0.00544914,3,-0.0139919,0.0608506,0.0217476,17,0.160736,0.105056,7.5,48.8222,70,7.67008,348.306,-0.000984407,0.155734120234929,0.436508,4066.92,0.137513,0.100004,0.239452,1
0.0192494,2,-0.224414,0.0396186,0.0168526,13,0.354543,0.319139,7.5,96.0194,71,3.34,329.433,0.0239967,0.151718193492741,0.271313,2343.81,0.286424,0.100173,0.15814,1
0.024008,2,0.196833,0.064917,0.0224561,30,0.485484,0.115966,7.5,79.9235,74,1.96,296.152,0.0407411,0.383081663328835,0.167435,1817.15,0.266055,0.100495,0.0799405,1
0.0205071,4,-0.283101,0.0320223,0.0149785,20,0.249272,0.259921,7.5,65.5542,75,5.78004,335.298,-0.182271,0.135000459082732,0.410138,3210.13,0.192074,0.100145,0.234492,1
0.0195683,2,0.133694,0.0305928,0.0215854,32,0.270082,0.407659,7.5,96.8681,76,4.15,383.886,0.0228899,0.124209169150058,0.293726,2536.75,0.248058,0.100209,0.119104,1
0.0298554,1,-0.125069,0.0468678,0.0190673,9,0.44954,0.492788,7.5,35.8348,77,2.23,87.0307,0.151535,0.156412913821196,0.132734,1810.47,0.404935,0.10025,0.0790796,1
0.0283609,1,-0.0627944,0.0683259,0.0218379,12,0.252559,0.313845,7.5,70.9063,78,3.58,243.819,0.470537,0.140900224064636,0.164852,2329.34,0.285804,0.10018,0.0628239,1
0.0227147,2,-0.209597,0.0561075,0.0240899,13,0.438219,0.489651,7.5,114.158,79,2.35,328.999,-0.178914,0.166752987646161,0.173999,1853.9,0.34106,0.100196,0.114905,1
0.0145275,3,0.0863365,0.0678374,0.0199039,14,0.177932,0.44364,7.5,100.617,80,4.91002,412.897,0.0137121,0.132524829447568,0.257324,2793.83,0.239434,0.100158,0.11852,1
0.00504053,2,-0.0118526,0.0259792,0.0165763,9,0.475058,0.264496,7.5,40.7212,81,2.26,96.55,0.136458,0.14277440139604,0.15318,1836.19,0.41428,0.100128,0.0681124,1
0.0296509,4,0.255184,0.0328749,0.0208257,15,0.478121,0.226891,7.5,30.873,83,1.91,84.8493,0.308888,0.223842948981776,0.10514,1690.11,0.358044,0.100308,-0.0121765,1
0.00223772,3,-0.116401,0.0385508,0.0223502,23,0.426691,0.483251,7.5,108.997,84,2.42,276.69,0.0840748,0.13187337488747,0.146484,1875.72,0.387778,0.100344,0.0748811,1
0.028232,4,-0.267881,0.056474,0.0245442,29,0.343878,0.17668,7.5,100.839,85,4.40001,590.183,0.0855828,0.14803525232676,0.455497,2677.42,0.167878,0.100158,0.21866,1
0.013338,4,0.0971504,0.0597933,0.0228618,27,0.325496,0.114039,7.5,24.1715,86,3.23,94.7865,0.194934,0.220460811349277,0.266967,2257.07,0.250319,0.100062,0.0920662,1
0.0105954,3,0.122976,0.0236122,0.0151529,30,0.259155,0.195849,7.5,116.149,87,7.22007,1004.79,0.0659631,0.120562037045301,0.568341,3846.35,0.113431,0.100028,0.23984,1
0.0264518,4,-0.0498535,0.0721539,0.01093,29,0.246718,0.219958,7.5,65.4727,88,5.11002,351.676,-0.339248,0.130543005834554,0.41149,2892.38,0.18288,0.100134,0.14974,1
0.0198628,3,0.0492847,0.0405824,0.0185911,30,0.490762,0.130656,7.5,100.285,89,2.49,437.666,0.398967,0.19516854030234,0.287389,1949.67,0.225403,0.100276,0.10372,1
0.0223406,3,0.080129,0.054049,0.0226914,16,0.326789,0.221647,7.5,58.5155,90,2.91,191.13,0.249708,0.184855662323053,0.169685,2064.95,0.30073,0.10013,0.0667426,1
0.00262863,3,-0.29697,0.0708853,0.0197525,13,0.476353,0.328363,7.5,109.373,91,2.16,334.597,0.643111,0.227117011595881,0.189589,1848.55,0.32076,0.100028,0.125252,1
0.00960108,2,0.0885538,0.0750959,0.0132263,13,0.439578,0.182443,7.5,86.1392,92,2.04,263.757,0.327033,0.177819474978432,0.117299,1739.36,0.320718,0.100105,0.0515348,1
0.0167269,2,0.252433,0.0458075,0.0228688,15,0.206084,0.351371,7.5,58.691,93,4.24,215.894,-0.0065239,0.137642902527693,0.25244,2529.16,0.266901,0.100081,0.115507,1
0.0159691,2,-0.0228049,0.0738549,0.0156729,30,0.410124,0.185253,7.5,58.4155,94,2.33,186.442,-0.359644,0.243974387461974,0.149293,1866.07,0.307895,0.100173,0.0728464,1
0.000159735,2,-0.171761,0.0706419,0.0128835,32,0.156175,0.219242,7.5,66.5928,1,8.06009,462.066,-0.113148,0.0955379661582465,0.47592,4044.29,0.141447,0.100046,0.21828,1
0.00352304,4,0.0641036,0.0667465,0.0177486,29,0.236307,0.347793,7.5,59.6468,2,4.13,249.021,-0.175563,0.122720546106763,0.264855,2498.93,0.235313,0.100144,0.102625,1
0.0104659,2,-0.230947,0.0776492,0.0195491,22,0.20721,0.121795,7.5,69.9583,3,5.76004,449.134,-0.605318,0.171095079455102,0.415348,3181.7,0.153064,0.100171,0.240592,1
0.00714049,3,0.274655,0.0616682,0.0196674,17,0.274471,0.47505,7.5,40.351,6,2.77,117.372,-0.00947084,0.162095703979436,0.113273,2007.58,0.338276,0.100303,0.038164,1
0.00738049,1,0.046965,0.0326941,0.0169688,22,0.368662,0.347756,7.5,118.053,8,2.88,375.34,0.479153,0.123188851241879,0.188709,2090.54,0.30921,0.100215,0.0575852,1
0.0183294,1,0.0769637,0.0470704,0.0178764,24,0.426721,0.24467,7.5,123.739,9,2.4,413.474,-0.12037,0.131890346718821,0.184042,1907.01,0.293674,0.100032,0.0579241,1
0.0141877,4,0.0251734,0.0788845,0.0207028,31,0.379894,0.39846,7.5,94.3261,10,2.74,366.118,-0.066927,0.156297306816,0.245799,2055.74,0.252957,0.100085,0.100185,1
0.0164743,3,0.209881,0.0505507,0.0231182,16,0.15571,0.346237,7.5,66.9267,11,6.50005,341.51,0.0688587,0.113022763274539,0.406229,3469.02,0.192334,0.100044,0.212108,1
0.0134879,4,-0.0175546,0.0592068,0.0127162,20,0.228729,0.110456,7.5,28.0873,12,4.82002,138.047,0.040688,0.192830411855583,0.309763,2797.11,0.199656,0.10003,0.150117,1
0.0277346,3,-0.0738309,0.0481009,0.0142559,15,0.383468,0.458072,7.5,41.3383,14,2.52,107.183,-0.0056224,0.162120698907929,0.117612,1916.28,0.379135,0.100207,0.0537638,1
0.0260396,2,0.122897,0.03679,0.0132727,17,0.437855,0.274379,7.5,28.4918,15,2.07,68.1589,-0.0262822,0.21866584372481,0.0721935,1766.7,0.41056,0.100118,0.00386578,1
0.0115091,1,0.0939283,0.0736579,0.0240241,21,0.447242,0.238967,7.5,80.8103,17,1.96,228.135,0.431399,0.174665616089555,0.0937933,1727.7,0.34782,0.100095,0.0265051,1
0.0237971,3,-0.225063,0.0444149,0.0199684,20,0.295983,0.164071,7.5,88.1729,1,5.25003,564.009,-0.274713,0.152071245145975,0.463393,964.336,0.153572,0.100136,0.2318,1
0.00481215,2,-0.10548,0.0415106,0.0235124,28,0.339806,0.134658,7.5,29.7746,2,3,90.2769,-0.193529,0.177552837984977,0.160811,679.654,0.324334,0.100243,0.0828062,1
0.0253825,2,-0.0736108,0.0552063,0.0249997,12,0.466882,0.340525,7.5,45.8294,5,2.11,117.193,0.239127,0.176807166597343,0.129457,587.7,0.384162,0.100139,0.0608062,1
0.0211618,3,-0.0950482,0.0679751,0.0135761,20,0.291651,0.37671,7.5,123.884,6,3.42,435.934,-0.0174935,0.15473519652777,0.220052,738.516,0.27925,0.100168,0.117252,1
0.0227801,1,-0.163397,0.0769752,0.0106704,27,0.398242,0.200041,7.5,113.33,7,2.57,386.534,0.493045,0.223166304675448,0.214645,664.479,0.288075,0.100156,0.123266,1
0.00627458,4,0.108518,0.0469527,0.010981,28,0.488,0.276482,7.5,112.519,9,1.95,316.796,0.676028,0.166916197521752,0.114814,586.23,0.349591,0.100333,0.0378087,1
0.00547983,4,-0.0810942,0.0764742,0.010576,21,0.37942,0.376984,7.5,59.3374,10,2.39,171.777,0.156872,0.192322660000347,0.119496,633.459,0.33948,0.10018,0.0454435,1
0.0253101,1,0.18938,0.0723909,0.0180174,11,0.354949,0.318245,7.5,23.0048,11,2.23,61.5419,0.0166169,0.157565397157198,0.0762852,595.856,0.366945,0.100066,0.019659,1
0.000530515,3,-0.0977048,0.0710759,0.0219136,29,0.428118,0.41883,7.5,131.787,1,2.31,381.897,0.0215112,0.167904458501817,0.167099,1168.19,0.339513,0.100291,0.0888091,1
2.60766e-05,1,-0.0236986,0.0327113,0.0132515,21,0.32184,0.138063,7.5,130.796,2,6.18005,1215.46,0.0169344,0.129347569881761,0.562225,2034.89,0.105738,0.100163,0.214508,1
0.0014092,1,0.180883,0.0572352,0.0155777,29,0.319783,0.192727,7.5,107.343,3,3.02,425.905,0.0599375,0.147715911732948,0.232546,1275.32,0.247247,0.1,0.107134,1
0.00363519,2,0.267346,0.0322127,0.0130612,22,0.351324,0.447683,7.5,40.0039,4,2.35,99.6612,0.166698,0.156643748641235,0.0658926,1128.18,0.394443,0.10017,-0.00681376,1
0.00590523,2,0.00771832,0.0263029,0.016607,13,0.307633,0.262502,7.5,44.275,5,3.49,135.053,-0.0507839,0.107674730091962,0.180575,1340.18,0.322189,0.100182,0.0678647,1
0.0171308,1,0.277152,0.0507428,0.0129695,30,0.351665,0.321752,7.5,90.5044,8,2.41,274.638,-0.0885257,0.150600074901996,0.130626,1159.56,0.323818,0.100167,0.0383053,1
0.0178105,2,0.229168,0.0417637,0.0231353,28,0.19552,0.214016,7.5,90.5631,9,7.56008,694.023,0.0184423,0.112756970500204,0.552233,2326.45,0.128109,0.100077,0.272371,1
0.013701,4,0.121896,0.0207976,0.0197983,24,0.313465,0.235727,7.5,47.0212,10,3.37,156.593,0.126402,0.154299585760406,0.206482,1340.97,0.295001,0.100146,0.0805825,1
0.0270457,2,-0.274419,0.0537214,0.0142324,9,0.445735,0.468194,7.5,113.651,11,2.5,353.181,0.145542,0.169432448252551,0.231303,1219.06,0.316392,0.100226,0.154394,1
0.0191802,4,-0.0602358,0.0420332,0.0163866,18,0.339367,0.26446,7.5,131.252,12,3.88,614.986,0.299569,0.130126069162874,0.35157,1500.47,0.209784,0.100199,0.134861,1
0.00215036,1,0.00517447,0.0428068,0.02449,27,0.498822,0.455274,7.5,32.9197,13,1.93,78.1352,-0.0371603,0.184214975620239,0.0833466,1062.86,0.414342,0.100249,0.0152937,1
0.0265311,4,-0.121945,0.0493966,0.0180204,28,0.183265,0.211051,7.5,97.577,14,15.6603,1419.92,-0.102322,0.0899749973457278,0.737124,4189.8,0.0674239,0.100014,0.384284,1
0.0109496,4,0.19562,0.0603468,0.0208055,9,0.340346,0.448156,7.5,111.628,16,2.69,368.282,0.228141,0.133472663152665,0.190339,1225.97,0.297424,0.100026,0.0515118,1
0.0206255,3,0.0246378,0.0793558,0.0175722,27,0.171692,0.348807,7.5,123.247,17,7.82008,936.863,0.129441,0.0931671262370642,0.521464,2360.26,0.129087,0.100026,0.216201,1
0.0176466,2,-0.144105,0.0352444,0.0107968,20,0.337364,0.491427,7.5,56.5558,20,3.02,147.817,0.0344995,0.133620662168404,0.147223,1273.53,0.376102,0.100203,0.0778573,1
0.0279394,4,-0.0159539,0.0747563,0.0193721,25,0.252554,0.111714,7.5,48.581,21,6.09004,349.511,-0.219565,0.155176802465385,0.518996,2006.17,0.136518,0.100119,0.17766,1
0.00363982,1,0.136996,0.0690689,0.0166467,25,0.427606,0.253474,7.5,33.6833,22,1.97,90.76,0.36527,0.197434777530645,0.0702198,1080.13,0.364935,0.100237,0.00592053,1
0.0277262,2,0.207002,0.0264907,0.0162731,22,0.421725,0.242474,7.5,81.1851,23,2.41,274.906,-0.106951,0.174269837312698,0.187937,1169.45,0.289875,0.100058,0.0567077,1
0.00383091,2,0.0527485,0.077237,0.0133565,26,0.172494,0.449807,7.5,29.373,24,4.60001,102.268,-0.087844,0.127483987197879,0.198975,1582.58,0.282172,0.100146,0.0768794,1
0.00794954,3,0.286587,0.0614827,0.0157918,8,0.310744,0.222648,7.5,26.6388,25,2.61,80.7076,0.149192,0.182798057609345,0.144345,1183.4,0.324342,0.100169,0.0722925,1
0.00818994,3,0.129246,0.0758072,0.0208718,25,0.17419,0.246076,7.5,26.6009,27,5.16002,117.464,-0.0398261,0.123591121588327,0.326255,1688.36,0.222466,0.100139,0.132569,1
0.00738358,4,0.196249,0.0477807,0.0236316,11,0.272888,0.472499,7.5,36.5727,28,3.07,102.23,0.0705327,0.139097363798207,0.132845,1251,0.351137,0.100052,0.0471403,1
0.0262584,2,-0.245727,0.0627325,0.0248882,20,0.180669,0.493102,7.5,63.8895,29,6.56006,325.281,-0.170741,0.0999138428663933,0.399338,2023.04,0.19297,0.10015,0.208472,1
0.00721631,4,-0.0440434,0.0527022,0.0213619,14,0.173175,0.488223,7.5,114.087,30,5.94004,504.385,-0.146641,0.111719736892318,0.285008,1856.39,0.222277,0.100173,0.116179,1
0.0135314,3,0.216876,0.0702271,0.0206763,24,0.352964,0.20953,7.5,39.0392,31,2.38,122.351,0.00327649,0.261231456444135,0.135777,1146.52,0.313666,0.100208,0.0471151,1
0.0106547,3,-0.089358,0.034602,0.0233469,24,0.293307,0.219548,7.5,131.494,33,5.94004,926.151,0.267522,0.107236979390633,0.507994,1956.75,0.139378,0.100069,0.227332,1
0.0150423,4,-0.0453971,0.0262937,0.0195123,27,0.287713,0.339649,7.5,103.457,35,4.68001,463.448,-0.0700432,0.11661588744582,0.348048,1659.59,0.219087,0.100044,0.138396,1
0.00950539,4,0.0504151,0.0217149,0.0111532,21,0.434981,0.436136,7.5,110.953,36,2.44,302.677,0.206339,0.139071292945274,0.158747,1173.94,0.359785,0.10005,0.0540341,1
0.0268449,4,-0.0276066,0.0538807,0.0112881,19,0.190935,0.40435,7.5,61.5531,37,5.80004,300.497,-0.267125,0.123767233181334,0.324845,1856.92,0.201159,0.100106,0.148834,1
0.0188575,2,-0.28595,0.064942,0.0219971,13,0.27008,0.137818,7.5,42.7658,38,3.69,169.146,-0.203171,0.202532581874027,0.223935,1411.69,0.248479,0.100181,0.14493,1
0.0212939,2,0.0388667,0.056968,0.0128597,10,0.152205,0.395177,7.5,30.268,39,5.37003,116.72,0.153431,0.120657431060643,0.176939,1716.46,0.254716,0.100126,0.0620587,1
0.0071983,4,0.201394,0.0390602,0.017374,22,0.218051,0.355441,7.5,98.679,40,4.93002,451.789,0.369034,0.121716953328598,0.345864,1673.89,0.21458,0.100145,0.153617,1
0.0138839,4,-0.0524059,0.0388495,0.0142068,9,0.153253,0.416414,7.5,29.2666,41,6.29005,109.18,-0.0841316,0.105887962114088,0.206538,1883.19,0.263268,0.100115,0.0591561,1
0.00194155,3,-0.22368,0.0649362,0.0218437,29,0.195543,0.278251,7.5,73.5486,42,6.90006,459.7,-0.193684,0.0914306642090158,0.466825,2121.03,0.157055,0.100065,0.216312,1
0.00150562,4,-0.189142,0.0524703,0.0127794,18,0.288603,0.285343,7.5,55.7002,43,3.42,169.443,0.138687,0.141551456627525,0.176763,1337.71,0.323362,0.100274,0.0931999,1
0.00106335,2,-0.122833,0.0690753,0.0204652,17,0.495403,0.15972,7.5,43.0898,45,1.92,114.777,0.0835908,0.242979281506077,0.114025,1068.83,0.369273,0.100267,0.0545353,1
0.00918019,1,-0.231539,0.0767576,0.0176045,18,0.423804,0.376536,7.5,52.072,46,2.23,154.923,0.346955,0.240776551999122,0.140771,1146.22,0.33023,0.100152,0.0812106,1
0.00752736,1,-0.0201309,0.0686225,0.0173327,20,0.290144,0.212437,7.5,51.8031,47,3.09,166.886,0.11608,0.185671097485928,0.133472,1252.22,0.305453,0.100309,0.0550475,1
0.00278416,2,0.124784,0.0341134,0.0141006,30,0.191642,0.163292,7.5,121.14,48,12.5202,1737.04,-0.118106,0.0898279124397059,0.694911,3443.94,0.0684142,0.1,0.371239,1
0.0167338,3,0.0736355,0.045258,0.0173908,22,0.480434,0.226394,7.5,74.2424,49,2.01,204.68,0.507308,0.182865191084733,0.11578,1090.58,0.356878,0.100294,0.0341552,1
0.000781875,3,0.209391,0.0508475,0.0108205,14,0.395353,0.174093,7.5,85.6824,51,2.43,321.116,0.449338,0.194790436898116,0.189859,1184.3,0.262629,0.100333,0.0915684,1
0.00111323,4,0.263487,0.0590812,0.0197415,13,0.209538,0.349491,7.5,22.4266,52,3.57,70.5955,0.206866,0.158878246309972,0.164132,1360.45,0.312019,0.100121,0.0906456,1
0.0199614,4,-0.180179,0.0442136,0.0103454,31,0.243165,0.191339,7.5,111.53,53,9.02011,1145.14,-0.269722,0.120478822362629,0.630437,2723.85,0.0955746,0.100033,0.317389,1
0.0171413,4,0.0613564,0.0588335,0.0126532,17,0.254315,0.428812,7.5,112.911,54,3.73,400.461,-0.112975,0.148377172133563,0.209429,1409.91,0.277157,0.100203,0.069421,1
0.0232048,2,0.0731174,0.0644353,0.0103202,23,0.483247,0.436054,7.5,60.0678,55,1.83,149.784,0.438287,0.21795452687902,0.0642791,1063.52,0.395552,0.100544,5.1856e-06,1
0.00553832,4,-0.28738,0.0238729,0.0240819,22,0.43916,0.407097,7.5,105.815,56,2.75,340.262,0.119323,0.152475063343825,0.245947,1266.98,0.305869,0.100261,0.148603,1
0.00488524,4,0.131261,0.0692971,0.0241707,12,0.171588,0.235667,7.5,69.6269,59,5.10002,315.915,0.0199856,0.142025673115556,0.296371,1685.59,0.216428,0.100101,0.151936,1
0.00589058,2,-0.111912,0.0595629,0.0124279,9,0.212885,0.1597,7.5,86.1226,61,6.24005,569.112,-0.427505,0.115491545912786,0.435948,1950.73,0.14865,0.100133,0.238496,1
0.0272927,3,0.252836,0.0505695,0.0135171,15,0.340784,0.291615,7.5,90.1287,62,2.64,306.653,-0.245625,0.168885235533506,0.176339,1217.17,0.289314,0.100342,0.0721723,1
0.0112238,1,-0.127317,0.0216135,0.0150171,15,0.40822,0.114141,7.5,32.2648,64,2.93,105.031,-0.0280007,0.204410377217213,0.238113,1272.08,0.301943,0.100195,0.116912,1
0.00382863,2,0.215871,0.0504967,0.0223052,32,0.341444,0.435248,7.5,55.8198,65,2.55,161.379,0.135632,0.17355267917439,0.134424,1201.33,0.340289,0.100285,0.0424012,1
0.00804099,2,-0.168258,0.0402313,0.0129804,31,0.438732,0.499468,7.5,57.0155,66,2.32,143.066,0.47926,0.159883736392265,0.137647,1160.79,0.391192,0.10006,0.0746571,1
0.0257782,3,0.160606,0.0660902,0.0153899,15,0.456894,0.435706,7.5,74.4841,67,1.86,198.464,0.28159,0.188491952173454,0.0720266,1056.2,0.368352,0.100049,-0.00393474,1
0.00562548,1,-0.0100786,0.0674478,0.015894,17,0.272716,0.283199,7.5,59.4287,68,3.21,185.426,-0.070993,0.164892683133993,0.122843,1276.15,0.314451,0.100013,0.0438067,1
0.0205802,4,0.283465,0.0395741,0.01131,11,0.181684,0.185587,7.5,100.909,69,9.39012,1048.25,0.0641067,0.124223509622708,0.632743,2818.21,0.0945221,0.100092,0.374218,1
0.00378126,4,-0.167492,0.0385051,0.0160328,21,0.257568,0.105825,7.5,64.0591,70,6.02004,458.242,0.282144,0.15192870181037,0.462376,1943.57,0.137221,0.100061,0.242454,1
0.0287399,3,0.000149898,0.0549296,0.0224464,13,0.431896,0.107373,7.5,31.7748,71,2.28,92.9908,-0.347831,0.204779245561434,0.135565,1125.75,0.335866,0.100197,0.0569789,1
0.00273053,4,-0.195764,0.0550629,0.012784,16,0.324217,0.15127,7.5,93.9398,73,3.83,450.675,0.171794,0.147531965615501,0.340123,1471.42,0.204675,0.100094,0.182914,1
0.0295533,3,-0.291104,0.0324594,0.0218167,23,0.184636,0.376382,7.5,126.069,74,15.3003,1572.45,0.301451,0.0672886049352017,0.711541,4055.73,0.0786903,0.100051,0.40246,1
0.0119236,4,-0.0534455,0.0521166,0.0234653,19,0.417719,0.498893,7.5,128.096,75,2.31,327.446,0.526633,0.148054892826303,0.116204,1152.12,0.384381,0.100161,0.0517141,1
0.0203894,3,-0.202239,0.0757165,0.0107333,29,0.474932,0.424799,7.5,41.7323,76,2.01,116.483,0.239486,0.319350170620413,0.133523,1117.2,0.351961,0.100142,0.0746124,1
0.0204639,4,-0.285477,0.0615061,0.0186725,31,0.434194,0.279824,7.5,22.7496,77,2.2,62.3864,-0.0195462,0.409508157901274,0.118814,1137.35,0.358962,0.100345,0.0762723,1
0.0132745,3,0.00142495,0.0360116,0.0133419,30,0.358781,0.405251,7.5,72.4785,79,2.79,194.308,0.177421,0.156009567658565,0.128906,1240.07,0.366883,0.100263,0.0418935,1
0.0219797,4,0.0536148,0.0351238,0.0169934,16,0.363838,0.264749,7.5,130.94,82,3.38,564.523,-0.238349,0.119909251803824,0.30771,1398.57,0.227773,0.100102,0.12701,1
0.0210187,2,0.126572,0.0535174,0.0112561,30,0.258916,0.142642,7.5,63.818,83,4.35,323.568,0.130244,0.192234038124919,0.346558,1597.12,0.193965,0.100248,0.163614,1
0.00171346,4,-0.0981204,0.0273978,0.0216094,31,0.396524,0.475805,7.5,94.3013,84,2.73,245.476,0.428808,0.124271460145813,0.172197,1223.7,0.376999,0.100038,0.0777099,1
0.0277851,4,0.0259638,0.03335,0.0181056,11,0.461715,0.12042,7.5,111.464,85,3.68,793.516,-0.312206,0.15236745710303,0.479421,1545.39,0.1379,0.100073,0.203247,1
0.0108991,1,-0.12155,0.0622868,0.0146094,25,0.180628,0.463006,7.5,105.16,86,6.65006,595.537,-0.0146978,0.0873145488899203,0.406991,2104.57,0.173276,0.10003,0.187389,1
0.00010236,4,-0.0232848,0.0699231,0.0198291,20,0.453941,0.227746,7.5,67.0298,87,2.01,174.24,0.045897,0.186719939547389,0.0887291,1095.21,0.378129,0.100196,0.0307046,1
0.003838,1,0.0245341,0.0209582,0.0190968,8,0.353985,0.452205,7.5,115.99,88,4.43001,565.779,0.0250775,0.0876197717842561,0.429226,1659.87,0.201702,0.100292,0.13126,1
0.014407,1,0.102662,0.0729706,0.0222602,32,0.323626,0.410234,7.5,106.069,90,2.98,391.273,0.513845,0.138459290953154,0.229054,1319.97,0.266119,0.100069,0.0963748,1
0.0110451,1,0.181883,0.021242,0.0116899,32,0.459408,0.141415,7.5,57.092,92,2.23,195.853,0.404021,0.209246116913574,0.166705,1146.46,0.286892,0.100324,0.0529894,1
0.00743285,1,0.0575966,0.050171,0.0185314,32,0.34999,0.166693,7.5,88.2095,93,3.03,343.528,0.384846,0.136099861279767,0.230723,1295.42,0.252403,0.100201,0.0969421,1
0.0213299,3,0.0725262,0.0561195,0.0191898,8,0.415829,0.27381,7.5,119.438,95,2.79,483.755,0.141372,0.128649569640105,0.293722,1269.32,0.242435,0.100094,0.121657,1
0.00345311,3,0.0867322,0.0487852,0.0142064,10,0.321097,0.191288,7.5,67.6482,96,3.29,264.435,-0.143108,0.127354621515983,0.246183,1357.33,0.251665,0.10028,0.110411,1
0.00379384,4,-0.0825785,0.071974,0.0192285,19,0.277208,0.241654,7.5,25.7311,97,3.28,91.1659,0.206918,0.190492439902972,0.16293,1306.76,0.277185,0.100109,0.0721064,1
0.0176939,1,0.169202,0.0597205,0.0136635,19,0.476524,0.216549,7.5,77.4387,98,1.87,226.231,0.280132,0.165850165393456,0.0979124,1072.27,0.337204,0.100419,0.0245851,1
0.017793,2,0.015727,0.0540999,0.0120055,18,0.404171,0.18505,7.5,50.0878,99,2.37,141.097,-0.0996995,0.196265347855486,0.121471,1148.55,0.349357,0.100319,0.0367928,1
0.021488,3,0.0181344,0.0718077,0.0188676,32,0.276895,0.146318,7.5,106.36,100,6.10004,890.607,-0.235871,0.164959158191421,0.55426,2010.87,0.117196,0.100035,0.239746,1
0.0147182,3,-0.127531,0.0558237,0.0191677,10,0.409949,0.349933,7.5,67.4726,101,2.49,185.963,0.0313245,0.145577423397055,0.171483,1187.12,0.357135,0.100337,0.102214,1
0.0204447,3,0.167352,0.0432549,0.023631,16,0.455649,0.326388,7.5,117.742,103,2.14,363.593,0.0553921,0.165430208321375,0.156758,1137.46,0.31868,0.100316,0.0430006,1
0.019272,4,0.245522,0.0576515,0.0243535,20,0.41308,0.398625,7.5,50.4048,104,2.01,138.813,0.233832,0.220607438224983,0.0793889,1091.82,0.357797,0.100444,-0.00587189,1
0.0124365,2,0.0562653,0.0783743,0.0170291,20,0.19946,0.493949,7.5,52.511,105,4.32,216.654,-0.0244797,0.136786446045546,0.232731,1579.8,0.237903,0.100057,0.0992004,1
0.0249778,3,0.116465,0.0272402,0.0199829,11,0.242575,0.116939,7.5,84.5532,106,10.4301,1236.65,-0.518978,0.131238511205098,0.686587,3103.93,0.0671081,0.100051,0.375188,1
0.015355,1,0.0683434,0.0574075,0.014598,27,0.350285,0.46347,7.5,26.9038,107,2.57,77.1456,-0.13419,0.170363483093563,0.112238,1204.81,0.343434,0.100386,0.0373156,1
0.0197139,4,-0.0176145,0.0598381,0.0150056,25,0.337473,0.423463,7.5,112.294,109,3.05,378.076,0.0680808,0.1559026457544,0.207158,1323.27,0.292315,0.100324,0.0791697,1
0.026205,1,-0.118287,0.0386781,0.0236182,28,0.227898,0.474448,7.5,57.8614,110,5.17002,232.001,0.156435,0.0978500886474585,0.304526,1714.19,0.244879,0.100088,0.136494,1
0.0147359,3,0.197573,0.0365684,0.0239025,18,0.407949,0.213493,7.5,26.7121,112,2.19,72.0986,0.0613038,0.220993512883465,0.0965673,1107.34,0.363456,0.1,0.00737602,1
0.0268947,4,-0.169854,0.0752851,0.0150742,10,0.290482,0.259258,7.5,30.9574,113,3.27,104.868,-0.0212592,0.226435265713568,0.198234,1299.4,0.289988,0.100135,0.0992053,1
0.0198793,2,-0.206715,0.068809,0.0101076,13,0.327325,0.253745,7.5,116.06,114,3.2,413.839,-0.117347,0.168973902387654,0.243875,1306.24,0.275355,0.100086,0.147675,1
0.00428204,3,0.0789007,0.0358083,0.0138806,8,0.485416,0.270288,7.5,82.6396,115,2.47,290.973,0.0741172,0.128977072245402,0.275101,1210.05,0.279733,0.100401,0.0902393,1
0.0101984,2,0.148415,0.067176,0.0194717,8,0.354472,0.251652,7.5,57.8696,116,2.56,194.674,-0.285945,0.14331246924348,0.170122,1205.89,0.291977,0.100124,0.0749786,1
0.00222913,2,0.0713695,0.0536265,0.0103032,30,0.403264,0.420995,7.5,36.1858,117,2.21,90.9793,0.221362,0.184200526866242,0.0769273,1143.04,0.391609,0.100366,0.0151059,1
0.00199767,2,0.0853857,0.032076,0.0138865,30,0.371846,0.478542,7.5,97.1158,118,2.64,266.009,-0.123847,0.157554377021987,0.136889,1213.02,0.358758,0.10017,0.0363721,1
0.00368706,1,0.0329236,0.0265405,0.0242932,25,0.485391,0.148473,7.5,100.595,119,2.61,437.109,0.105659,0.137234423579295,0.291983,1285.4,0.225886,0.100054,0.0959432,1
0.00189255,4,0.227604,0.0245397,0.0108397,18,0.42444,0.287537,7.5,24.2776,121,2.09,58.4824,-0.0927191,0.170111043493628,0.0733818,1101.42,0.407241,0.1,-0.00276947,1
0.0175517,3,0.254119,0.0218906,0.0152738,11,0.395637,0.177891,7.5,36.741,122,2.63,128.027,0.0928914,0.199254105958837,0.2201,1246.67,0.282405,0.100312,0.0864286,1
0.0244699,3,0.109781,0.0213505,0.0199142,13,0.211166,0.345395,7.5,64.5301,123,6.01004,306.542,-0.0424863,0.09897806171358,0.373461,1933.12,0.206631,0.100059,0.172472,1
0.0279987,4,0.0339312,0.0297415,0.0172949,31,0.256886,0.209517,7.5,24.7262,124,4.22,80.2286,0.107584,0.156952377710821,0.226173,1519.85,0.302497,0.100052,0.0856451,1
0.0025371,3,0.219353,0.0307582,0.0167936,23,0.22287,0.1254,7.5,121.149,125,9.54012,1665.95,0.871445,0.138069759154297,0.66234,2913.88,0.0713891,0.100071,0.365929,1
0.0111697,3,0.0495556,0.0385521,0.0115643,28,0.358079,0.261984,7.5,84.5906,126,2.87,270.477,-0.0833789,0.152817349859023,0.177175,1268.9,0.307569,0.10025,0.0710514,1
0.0123317,2,0.0637003,0.0523285,0.0212788,10,0.385674,0.117684,7.5,53.8302,127,2.72,201.301,0.373356,0.172793500017238,0.217805,1258.35,0.262693,0.100138,0.120157,1
0.00571559,2,0.175736,0.0785209,0.0153181,25,0.236014,0.307873,7.5,69.0105,128,3.57,265.154,0.208744,0.158273422633074,0.232101,1405.26,0.255575,0.1001,0.115981,1
0.00800703,1,-0.0759931,0.0738199,0.0147927,26,0.410441,0.272489,7.5,69.1866,129,2.28,197.491,0.215184,0.187524896292148,0.129449,1166.83,0.344937,0.100368,0.0596635,1
0.0139444,3,0.050019,0.0643307,0.021383,11,0.467459,0.163996,7.5,127.928,130,2.39,546.063,-0.269388,0.160096584655066,0.257482,1210.65,0.230737,0.100398,0.121611,1
0.0218196,4,0.0364135,0.0462591,0.0193906,10,0.269379,0.117466,7.5,105.981,131,7.40007,1187.8,-0.462385,0.13945338095097,0.599163,2327.18,0.0875466,0.10002,0.297165,1
0.00900373,1,0.0655786,0.0331561,0.0216113,24,0.185269,0.300617,7.5,33.4209,132,5.76004,136.741,-0.147785,0.102692001811547,0.281914,1850.07,0.239776,0.100004,0.108185,1
0.0119033,2,-0.0839556,0.049634,0.0201972,17,0.33434,0.457574,7.5,67.5553,133,2.88,184.561,-0.0502553,0.139662527362923,0.131059,1255.18,0.360297,0.10034,0.0592571,1
0.000819737,2,-0.126478,0.038479,0.0233489,17,0.248192,0.331675,7.5,30.7645,134,4.06,95.2114,-0.0500511,0.1396319933935,0.175838,1465.15,0.317497,0.100164,0.0738007,1
0.014048,1,-0.189989,0.0710597,0.0149472,22,0.394742,0.196568,7.5,120.329,135,2.69,423.331,0.060975,0.198533160219778,0.233338,1262.73,0.279707,0.10031,0.129839,1
0.0262929,1,0.159028,0.0657865,0.0173596,19,0.374602,0.208811,7.5,82.5062,136,2.34,264.912,0.558365,0.14793562815831,0.133122,1188.95,0.305588,0.100019,0.0599176,1
0.0222665,1,0.124696,0.0630311,0.0111518,29,0.485219,0.333116,7.5,26.1491,137,1.78,67.0024,0.185101,0.224026592955599,0.057417,1077.57,0.384468,0.100421,-0.00802302,1
0.00358428,3,-0.224337,0.0420572,0.0233493,25,0.375913,0.241279,7.5,84.3195,138,3.04,287.159,-0.106774,0.17731692206417,0.245482,1360.7,0.28837,0.10011,0.140247,1
0.0202798,2,0.162499,0.0672044,0.015374,14,0.336778,0.357875,7.5,28.2871,139,2.36,76.8739,-0.270334,0.218704058308839,0.0682145,1185.21,0.361793,0.100226,0.018801,1
0.0151775,1,0.247015,0.0231144,0.0147827,18,0.396781,0.136758,7.5,79.5187,140,2.87,366.71,-0.588594,0.213032420827799,0.287031,1331.64,0.213307,0.100274,0.145291,1
0.0103081,3,0.248074,0.0647,0.0220186,27,0.311558,0.439601,7.5,98.5777,141,2.8,325.472,0.334147,0.167533698253046,0.195262,1329.6,0.297724,0.100203,0.0702591,1
0.0251841,3,0.294444,0.0269542,0.0187419,11,0.15285,0.372126,7.5,108.312,144,11.1002,966.82,-0.176114,0.085654882007722,0.638393,3224.79,0.10995,0.100045,0.364554,1
0.0244284,3,0.108528,0.0585925,0.0131962,18,0.365307,0.34932,7.5,108.947,147,2.51,330.375,-0.00201718,0.176679723076452,0.140868,1240.47,0.324599,0.100339,0.0463341,1
0.0229799,2,0.28955,0.0566945,0.0207356,21,0.445084,0.186288,7.5,118.201,1,2.06,439.74,-0.917775,0.296841414960147,0.165965,987.525,0.264776,0.100412,0.0859246,1
0.0146989,4,0.0208692,0.0333707,0.0137137,31,0.306512,0.257113,7.5,41.508,2,3.46,133.342,-0.166531,0.153155939530269,0.194355,1181.12,0.305824,0.100147,0.079977,1
0.008752,2,0.0900924,0.0363124,0.0232661,15,0.286022,0.393883,7.5,104.255,4,3.57,356.984,-0.186938,0.123654895999874,0.210871,1268.51,0.286847,0.100123,0.0742091,1
0.00685129,4,-0.214034,0.0440947,0.0132894,20,0.490684,0.115152,7.5,67.8821,6,2.23,218.993,0.450677,0.228677952706456,0.196798,972.213,0.304149,0.100021,0.123333,1
0.025153,2,0.101066,0.0304449,0.0105994,15,0.266876,0.271943,7.5,115.302,7,5.13002,640.821,-0.582629,0.105149565036238,0.412012,1619.55,0.176537,0.100015,0.169525,1
0.0247736,4,0.27273,0.0391247,0.0245066,21,0.188153,0.399348,7.5,96.8693,8,6.93006,594.626,0.126204,0.112293345546812,0.509541,2034.08,0.159851,0.100024,0.233496,1
0.00309951,3,0.0927829,0.0374663,0.017569,22,0.25972,0.413848,7.5,54.6012,9,3.55,158.13,0.0183926,0.129562744876775,0.145477,1242.42,0.338789,0.100017,0.0583428,1
0.0231412,2,-0.175951,0.0287653,0.0164628,20,0.394332,0.280034,7.5,91.8416,10,3.07,307.484,0.190467,0.161323495573578,0.261426,1156.03,0.293525,0.100175,0.146254,1
0.016145,4,0.14559,0.058605,0.01447,22,0.356365,0.105931,7.5,102.122,11,3.29,585.428,0.0154528,0.267951180935453,0.343646,1221.07,0.171359,0.100136,0.179237,1
0.0179263,1,0.19162,0.0600531,0.01193,25,0.286785,0.281616,7.5,90.5852,13,3.08,313.547,0.0290331,0.137710308087898,0.190402,1245.54,0.284233,0.100289,0.0938299,1
0.0167094,1,0.290297,0.0335242,0.0169551,8,0.318234,0.368153,7.5,110.543,14,3.86,539.204,-0.069399,0.110894526650544,0.393993,1356.36,0.201321,0.100102,0.151559,1
0.0105594,4,-0.0701944,0.0462284,0.023972,11,0.248997,0.176585,7.5,37.8032,16,4.18,140.842,0.149484,0.134934561251755,0.222914,1354.02,0.263664,0.100135,0.104452,1
0.00042466,1,-0.151057,0.0433355,0.0171525,30,0.233712,0.316531,7.5,122.907,17,6.44005,751.27,0.0342931,0.079597323973862,0.462666,2047.65,0.160666,0.10011,0.229046,1
0.00388174,2,0.0884849,0.0665511,0.0180539,12,0.157949,0.247704,7.5,61.4212,21,5.36003,267.64,-0.426615,0.104764154089501,0.262115,1626.29,0.225189,0.100026,0.114416,1
0.0138468,1,-0.0976292,0.0549028,0.0216087,21,0.22419,0.305436,7.5,109.665,22,5.50003,562.488,0.0792433,0.11742461159514,0.375128,1801.39,0.191565,0.10016,0.158608,1
0.00634417,3,0.118695,0.0758001,0.0112795,26,0.48736,0.460538,7.5,127.591,25,1.77,327.379,0.437626,0.194140184378488,0.0759173,1030.2,0.383242,0.100239,0.000368834,1
0.015312,1,0.0769799,0.0403851,0.0236506,15,0.482723,0.257625,7.5,113.037,26,2.2,364.257,0.208162,0.129489503391838,0.188719,982.02,0.305529,0.100362,0.059716,1
0.0281811,4,-0.281395,0.0471191,0.0140896,13,0.423764,0.274272,7.5,40.9666,28,2.52,122.468,0.0125984,0.304442335468998,0.190546,1045.68,0.329132,0.100298,0.130128,1
0.0148723,2,-0.12349,0.0752819,0.0170198,8,0.286856,0.169819,7.5,66.9595,29,3.58,284.935,0.139511,0.16235413773745,0.26019,1273.05,0.230887,0.100153,0.148748,1
0.0135117,2,-0.22534,0.0539646,0.019135,10,0.455146,0.273603,7.5,96.0853,30,2.44,296.774,0.212351,0.180629725524644,0.225711,1040,0.319001,0.100437,0.153934,1
0.0168678,1,-0.167606,0.0315422,0.0225979,9,0.210014,0.291159,7.5,88.1522,31,8.06009,607.618,-0.277,0.0895372457950767,0.507903,2259.87,0.142386,0.100045,0.265438,1
0.0224849,1,-0.205469,0.0503089,0.0240135,17,0.442112,0.193788,7.5,22.7276,32,2.22,62.1938,0.29599,0.325232013906706,0.122839,968.859,0.358948,0.100128,0.0681081,1
0.026224,4,0.172163,0.0213832,0.017368,8,0.295213,0.260588,7.5,59.5928,33,4.88002,313.624,-0.119061,0.111245129723133,0.440355,1560.98,0.186603,0.100107,0.15378,1
0.0291771,3,0.10142,0.0564191,0.0100457,26,0.479221,0.334717,7.5,106.752,34,1.94,294.201,0.384114,0.218505432656933,0.111595,948.629,0.356136,0.10005,0.0314256,1
0.00127623,2,-0.273389,0.0584854,0.0196527,25,0.450038,0.142961,7.5,63.7698,37,2.31,201.01,0.295117,0.27610780415716,0.18293,1011.78,0.311915,0.100223,0.118155,1
0.0226329,4,-0.111863,0.0319764,0.0181047,26,0.315257,0.170217,7.5,63.5763,38,4.74001,333.036,0.445907,0.142267671941292,0.417526,1728.26,0.187473,0.100107,0.185674,1
0.00780289,2,0.188748,0.0267335,0.0209228,8,0.420236,0.444361,7.5,91.9351,39,2.72,321.495,0.00569528,0.125244581108684,0.271477,1104.79,0.281362,0.100297,0.076193,1
0.019044,3,0.0709726,0.044681,0.0113769,9,0.347406,0.150845,7.5,23.0621,40,2.8,67.9851,-0.00349813,0.174683254826382,0.155602,1183.16,0.33379,0.100304,0.0719876,1
0.00148605,1,0.285296,0.0503225,0.0169517,27,0.281036,0.45497,7.5,67.4166,42,2.94,202.534,0.000671156,0.15114502950197,0.160442,1112.2,0.326906,0.100112,0.0616376,1
0.0171464,2,0.0101687,0.0437512,0.0173535,26,0.34648,0.162888,7.5,51.1842,43,3.06,175.529,-0.00981672,0.181524424859049,0.20048,1136.71,0.286664,0.100211,0.0694079,1
0.0118741,4,0.103759,0.0602094,0.02229,31,0.279009,0.323826,7.5,67.2932,44,3.91,294.592,0.390487,0.1458187392197,0.319531,1333.15,0.224108,0.100009,0.124615,1
0.0197427,2,0.21036,0.0411208,0.0132013,15,0.435235,0.259923,7.5,79.0996,46,2.17,249.222,-0.00831329,0.167483910103423,0.146993,970.837,0.311993,0.100205,0.0435368,1
0.0191465,2,-0.000426601,0.0597695,0.0189376,23,0.473275,0.16736,7.5,51.6966,51,2.04,144.201,0.078099,0.226785844419315,0.116216,938.192,0.352932,0.100352,0.0399453,1
0.0182708,3,-0.181431,0.032328,0.0125094,24,0.421526,0.391658,7.5,124.471,52,2.71,367.559,-0.183268,0.1511366541532,0.220645,1113.37,0.33252,0.100094,0.133097,1
0.00501548,4,0.131897,0.075294,0.0207672,20,0.280315,0.187034,7.5,113.83,53,3.46,506.918,-0.136519,0.156703985582879,0.275112,1239,0.22038,0.100042,0.140642,1
0.0143811,3,0.146596,0.0430503,0.0212028,17,0.28746,0.383289,7.5,42.0324,54,3.06,118.664,-0.276949,0.150130774802227,0.130199,1127.58,0.347503,0.100006,0.0211629,1
0.00714657,3,-0.285244,0.0658269,0.0162034,24,0.249981,0.261145,7.5,49.1559,55,4.03,189.537,0.32608,0.183243568898545,0.246396,1320.93,0.254806,0.100152,0.160054,1
0.00411952,2,-0.138192,0.0765148,0.0246531,24,0.17154,0.167632,7.5,129.89,56,10.5501,1521.38,0.56281,0.114458175972471,0.633921,2933.45,0.0837866,0.100039,0.363288,1
0.0246126,2,0.0581011,0.0627928,0.010211,18,0.38179,0.365658,7.5,94.9277,58,2.36,263.89,-0.119457,0.181766103301385,0.108831,1030.43,0.353555,0.100188,0.0293611,1
0.0261622,2,-0.052035,0.0728291,0.0160855,32,0.388914,0.245429,7.5,97.1131,59,2.76,371.142,-0.108557,0.1756309420619,0.248132,1157.85,0.25683,0.100055,0.126752,1
0.0274732,2,0.0535276,0.0204004,0.0154846,12,0.491244,0.293065,7.5,85.4675,61,2.42,276.441,0.239128,0.129974115203223,0.241644,1017.54,0.303602,0.100101,0.0748891,1
0.0172801,2,-0.138888,0.0385477,0.0237648,23,0.486744,0.209787,7.5,118.691,62,2.42,399.631,0.164731,0.182866326477688,0.244256,1043.39,0.292285,0.100318,0.134808,1
0.0280226,3,0.0164315,0.0263901,0.0130079,22,0.450585,0.128792,7.5,61.8537,63,2.68,235.936,0.2739,0.164583391828125,0.255468,1085.89,0.25735,0.100065,0.0997551,1
0.0259672,1,0.270356,0.0498948,0.0154732,17,0.329092,0.464893,7.5,50.2622,64,2.41,130.703,-0.0606207,0.130579664297508,0.0807334,1001.18,0.377935,0.100183,0.0219675,1
0.0252003,1,0.292699,0.0504251,0.0248059,31,0.214645,0.210594,7.5,51.4676,65,4.76001,252.332,0.147511,0.129497065338986,0.378214,1509.07,0.20012,0.100014,0.191286,1
0.0191303,2,-0.171184,0.0237664,0.0180321,22,0.362479,0.4476,7.5,121.02,66,3.33,388.67,0.135066,0.129195753863145,0.253354,1201.67,0.306306,0.100279,0.142704,1
0.0285965,3,-0.143841,0.0511715,0.0237582,11,0.203301,0.173614,7.5,96.0021,67,9.98013,1019.53,0.0845124,0.103772470887835,0.622589,2754.24,0.0924549,0.100087,0.341541,1
0.0276533,4,-0.170795,0.0417088,0.0149358,8,0.252491,0.323127,7.5,124.483,68,6.96006,885.443,-0.0847872,0.0903733765381651,0.532259,2230.42,0.137933,0.100011,0.272237,1
0.0251083,3,-0.0550351,0.0200657,0.014562,20,0.206025,0.438932,7.5,120.65,71,8.5201,814.345,0.133222,0.076523063781682,0.502087,2381.4,0.145565,0.100154,0.202101,1
0.000384594,2,0.0670276,0.0367314,0.0166494,17,0.42004,0.361456,7.5,121.189,72,2.43,350.266,0.177002,0.131455732673362,0.16063,1396.53,0.339894,0.10014,0.0516445,1
0.000113497,4,-0.263291,0.0739237,0.0212511,16,0.159712,0.215024,7.5,34.492,73,5.92004,167.511,0.0779587,0.129604134593458,0.30743,1775.87,0.20205,0.100026,0.165954,1
0.028248,3,0.166967,0.0451164,0.0204876,9,0.297938,0.123625,7.5,36.6654,74,3.46,150.329,0.275458,0.203921139627693,0.262624,1228.17,0.23996,0.10029,0.123423,1
0.0128189,2,0.094933,0.0230251,0.0114904,18,0.397769,0.237614,7.5,101.26,75,3.04,406.151,0.520443,0.117368254790858,0.283513,1147.51,0.244638,0.100024,0.113644,1
0.024142,4,-0.0431049,0.052222,0.0115242,20,0.279189,0.343374,7.5,57.158,77,3.69,202.323,0.0380805,0.181680702727946,0.21591,1273.31,0.27749,0.100126,0.0993705,1
0.00143077,3,-0.275963,0.0695826,0.0213783,30,0.457824,0.395913,7.5,125.398,79,2.28,394.084,0.437047,0.201454389814065,0.201015,1017.87,0.313168,0.100324,0.117925,1
0.0253308,3,0.00301693,0.0404061,0.0192009,11,0.41657,0.11582,7.5,86.1942,80,3.5,500.603,-0.0277783,0.150359800445028,0.401551,2219.41,0.169045,0.10008,0.176509,1
0.00954418,2,-0.248866,0.0451471,0.0181255,20,0.153902,0.125204,7.5,40.7824,81,9.95013,333.478,-0.24471,0.157446843312594,0.516304,2656.82,0.120012,0.100034,0.255617,1
0.0231374,2,-0.269398,0.0424364,0.0243228,17,0.296959,0.258317,7.5,76.4177,82,4.08,310.621,-0.184127,0.161756505923517,0.307322,1359.83,0.241723,0.100158,0.178576,1
0.0202468,4,0.180381,0.062581,0.0121318,17,0.436866,0.147145,7.5,36.6384,83,1.99,109.011,-0.528481,0.289734061986246,0.0991299,904.8,0.330533,0.100249,0.0296012,1
0.0215945,4,0.279043,0.0325739,0.013934,27,0.153443,0.275658,7.5,101.9,84,13.9202,1223.84,0.127424,0.0936132943992781,0.715308,3581.65,0.081739,0.100072,0.39736,1
1.03513e-05,4,-0.0669754,0.0233505,0.01783,22,0.246635,0.333353,7.5,96.3929,86,5.56003,462.494,0.191147,0.0927895183620992,0.361954,1920.39,0.204487,0.100013,0.139109,1
0.0146826,3,0.0566863,0.0277964,0.0206426,28,0.2964,0.235297,7.5,78.1602,87,4.15,335.573,0.0857338,0.11998214879411,0.311295,1363.96,0.228809,0.100139,0.115925,1
0.0280581,3,0.0746154,0.0400716,0.0217763,13,0.351124,0.305168,7.5,122.994,89,3.24,480.027,-0.30385,0.117025010228572,0.270866,1202.51,0.251814,0.100183,0.106847,1
0.0130501,2,-0.134514,0.0607571,0.0114524,31,0.446727,0.408008,7.5,103.625,90,2.25,280.513,0.0129518,0.18811261987411,0.158249,1034.99,0.363712,0.100364,0.0863153,1
0.0105906,2,0.245621,0.0314346,0.0245108,20,0.334815,0.327144,7.5,111.199,92,2.99,409.551,0.104206,0.142655966469972,0.227026,1120.6,0.267008,0.100245,0.0800297,1
0.0133702,1,0.279752,0.0461038,0.0128944,17,0.348325,0.31072,7.5,34.7652,97,2.28,90.7054,-0.104902,0.137134920431346,0.066958,962.36,0.376169,0.100046,0.0122901,1
0.0253853,1,-0.00984579,0.0603092,0.019132,10,0.29253,0.423748,7.5,77.1982,98,3.14,237.28,0.209982,0.111971073697162,0.133532,1288.21,0.319935,0.100241,0.0467759,1
0.00489164,4,0.291688,0.047297,0.0183699,8,0.188185,0.375054,7.5,81.7347,99,5.29003,400.295,0.200684,0.101659304585289,0.383121,1993.77,0.200549,0.100121,0.222118,1
0.0247617,4,-0.231271,0.053678,0.019506,18,0.170463,0.251983,7.5,79.3702,100,11.4002,769.18,-0.235265,0.108904111121429,0.624976,2965.9,0.101293,0.100064,0.317899,1
0.0216458,4,-0.119998,0.0578692,0.0129582,31,0.425637,0.121589,7.5,122.212,101,3.34,694.569,0.147576,0.198404417009956,0.406986,1254.24,0.172611,0.1,0.210378,1
0.0225972,2,0.0204023,0.0280755,0.0175645,31,0.246227,0.196997,7.5,89.5015,103,7.21007,676.426,0.0619399,0.11336526042881,0.522845,2104.12,0.12981,0.100007,0.2156,1
0.0288372,4,0.119222,0.07721,0.0118936,17,0.225912,0.187055,7.5,100.549,104,5.70004,705.111,0.229786,0.17624850173972,0.486116,1717.07,0.139902,0.100008,0.249862,1
0.0010784,2,-0.0555766,0.0410445,0.0155728,22,0.291833,0.366114,7.5,76.7568,105,3.45,227.979,-0.14333,0.134767766603679,0.164343,1231.7,0.330986,0.100212,0.070085,1
0.0182891,2,0.0836789,0.0584813,0.0197525,12,0.33601,0.209113,7.5,103.127,106,3.06,406.22,-0.172518,0.139237283577793,0.238337,1155.2,0.249249,0.100081,0.111047,1
0.0202292,2,-0.0878677,0.0230361,0.0196924,29,0.332661,0.249863,7.5,102.893,108,4.29,484.308,-0.210152,0.114016487719748,0.37135,1417.58,0.20877,0.100169,0.168351,1
0.027131,2,-0.0389486,0.0396028,0.0207552,28,0.19451,0.421237,7.5,83.8172,114,7.21007,485.818,-0.0580054,0.0826096320684434,0.432159,2063.1,0.169398,0.100087,0.15204,1
0.00237368,3,-0.252437,0.0234146,0.0114609,31,0.336575,0.314009,7.5,36.0692,115,3.26,103.942,0.252894,0.176391031248315,0.182158,1153.28,0.341176,0.100222,0.115889,1
0.0253731,1,-0.0317423,0.0470706,0.0220174,19,0.27374,0.309285,7.5,23.3891,116,3.53,75.2351,-0.231252,0.145106668195385,0.153054,1217.77,0.305442,0.100154,0.0479075,1
0.0110449,1,0.277995,0.0663619,0.0127436,13,0.397938,0.497998,7.5,125.985,118,2.04,356.992,0.270675,0.140120721295195,0.0960982,964.441,0.346567,0.100105,0.0110909,1
0.0225912,2,-0.172612,0.0481059,0.0127673,21,0.293281,0.26799,7.5,74.5861,120,3.72,265.503,-8.10474e-05,0.170598287860686,0.245778,1306.03,0.275634,0.100018,0.133886,1
0.00874785,4,0.268488,0.0591841,0.0191733,14,0.18447,0.347466,7.5,72.1246,122,4.43001,278.61,0.0726109,0.145619556899837,0.271575,1559.94,0.254451,0.100195,0.152346,1
0.0106944,3,-0.281508,0.0327241,0.0211964,16,0.47458,0.487367,7.5,47.5985,123,2.26,128.558,0.0595648,0.22978263744659,0.1615,997.969,0.364611,0.100385,0.0970015,1
0.02652,1,0.0956354,0.0686109,0.018399,11,0.321322,0.446603,7.5,68.1433,124,2.63,204.71,0.29721,0.112398801941294,0.10968,1053.31,0.32661,0.100018,0.0357628,1
0.019366,3,-0.245363,0.061808,0.0151736,19,0.4465,0.10011,7.5,59.345,125,2.3,201.527,0.0471005,0.283152240707231,0.180373,986.383,0.289054,0.10006,0.120492,1
0.0286101,1,0.057879,0.045017,0.0191768,31,0.189273,0.179617,7.5,39.6713,126,6.19005,205.939,-0.0931397,0.0918788678072149,0.3706,1953.76,0.189023,0.100025,0.166883,1
0.0104424,2,0.0655403,0.0331563,0.011968,12,0.44113,0.230865,7.5,129.82,127,2.87,564.313,0.0411507,0.114370701627016,0.314975,1700.01,0.225812,0.100059,0.128312,1
0.0277029,1,-0.0669384,0.0636306,0.0103763,11,0.250923,0.474288,7.5,31.5814,128,3.4,99.5205,-0.0883835,0.162314084058058,0.104393,1209.37,0.311363,0.100018,0.0540468,1
0.0220111,1,0.111659,0.0772018,0.0163137,28,0.182,0.413021,7.5,37.3058,129,4.53001,137.603,-0.00646374,0.101718748463842,0.248939,1454.86,0.266017,0.100021,0.100857,1
0.0140543,4,-0.119663,0.0775727,0.0248049,15,0.470006,0.34208,7.5,56.2631,130,2.01,165.694,0.167483,0.222628863503676,0.127851,956.248,0.333893,0.100235,0.0653554,1
0.00296946,4,0.08503,0.0586984,0.0200826,22,0.294319,0.158883,7.5,96.9299,131,3.65,453.029,-0.213661,0.159093293646572,0.290383,1299.76,0.210056,0.100077,0.122059,1
0.0063714,4,0.111346,0.0645044,0.0118019,27,0.23277,0.126379,7.5,114.582,132,5.86004,899.551,0.337351,0.163332676244786,0.488177,1848.29,0.125054,0.100078,0.277124,1
0.00801057,4,-0.155887,0.0468703,0.0137999,12,0.242947,0.431818,7.5,128.363,134,4.56001,494.074,-0.0486686,0.0957957985215904,0.273966,1438.09,0.25536,0.100192,0.140198,1
0.0125304,2,0.257017,0.0666312,0.0115772,21,0.234305,0.449808,7.5,90.9337,135,3.44,309.091,0.286429,0.164888086507521,0.208451,1333.39,0.28913,0.100181,0.0975689,1
0.0157703,4,-0.130996,0.0337698,0.013609,27,0.44262,0.413955,7.5,56.9538,136,2.35,141.291,0.331384,0.15662962603926,0.143338,1011.99,0.39601,0.100145,0.0752538,1
0.0181024,1,0.171858,0.0788767,0.0150939,16,0.218062,0.130468,7.5,50.3454,137,3.78,213.947,0.0950436,0.187048338983578,0.233166,1281.14,0.231493,0.10028,0.140938,1
0.0274618,2,0.244888,0.0426673,0.0221891,24,0.393626,0.478646,7.5,70.8881,138,2.15,185.761,0.442975,0.192639686575788,0.0809429,946.84,0.374836,0.100127,-0.00118947,1
0.000380424,3,-0.0750027,0.0671968,0.0104671,28,0.469435,0.421323,7.5,118.895,139,2.03,300.537,0.150511,0.164656716822281,0.118407,1058.96,0.389191,0.100283,0.0529459,1
0.0172757,2,0.139421,0.042348,0.0232065,31,0.245075,0.40629,7.5,61.7053,140,4.3,242.255,0.370594,0.109229362486525,0.291991,1394.24,0.250465,0.100237,0.130704,1
0.0265835,1,-0.099646,0.0731754,0.0116975,12,0.323154,0.381787,7.5,73.9156,141,2.78,219.036,0.282252,0.146675264951746,0.13043,1105.1,0.331194,0.100044,0.0536475,1
0.0157064,2,0.272989,0.0379715,0.0159399,12,0.24439,0.272006,7.5,22.2247,142,3.44,66.7264,0.195334,0.178041616249696,0.172248,1203.8,0.327364,0.10019,0.0824229,1
0.0144309,1,-0.264313,0.0243982,0.0239767,20,0.317309,0.346683,7.5,37.6091,144,3.54,114.27,0.0423731,0.169928184280752,0.207271,1230.84,0.323295,0.100131,0.122311,1
0.0295778,2,0.29052,0.0291024,0.0114403,13,0.294702,0.364035,7.5,33.8942,145,2.92,93.3059,0.0763838,0.174184462749652,0.139752,1080.71,0.356976,0.100174,0.0568121,1
0.00676994,1,-0.169049,0.0622445,0.0233887,15,0.17953,0.201064,7.5,85.6791,147,7.14007,566.543,0.176387,0.1234961589857,0.445116,2064.64,0.148393,0.100024,0.227309,1
0.0111858,3,0.139945,0.0794733,0.0217353,17,0.311798,0.285119,7.5,69.3732,149,2.65,222.032,0.236435,0.178808029889988,0.135691,1060.2,0.307349,0.100274,0.0546958,1
0.0248762,4,-0.00722704,0.0355585,0.0102609,31,0.413377,0.289967,7.5,25.2653,151,2.47,65.7159,0.119846,0.202862513526336,0.136213,1158.63,0.377223,0.100017,0.0630073,1
0.0174312,3,0.276774,0.0617991,0.0121274,26,0.383894,0.385135,7.5,39.0231,152,2.05,102.893,0.2145,0.246589090670363,0.0671324,956.881,0.372259,0.100055,-0.00251865,1
0.0052276,2,0.0231205,0.0494223,0.0160856,15,0.341713,0.412831,7.5,106.148,154,2.79,306.467,0.392849,0.136791870654544,0.131131,1248.62,0.340388,0.100179,0.0319253,1
0.0176223,1,0.100057,0.0297316,0.0201976,31,0.473681,0.4965,7.5,33.5186,155,1.95,73.8017,0.125862,0.172964048083747,0.0571819,907.229,0.447705,0.100486,-0.00345063,1
0.000548552,3,-0.142855,0.0515844,0.0149829,24,0.460562,0.403146,7.5,72.1661,156,2.17,185.893,-0.00976426,0.169510692501557,0.134967,967.993,0.382307,0.100386,0.0676769,1
0.0284354,1,-0.111221,0.0637672,0.017637,12,0.277349,0.274193,7.5,28.0863,157,3.23,88.2477,0.292842,0.187301332931543,0.129373,1171.15,0.312741,0.100167,0.0534383,1
0.0202532,1,0.175641,0.0497786,0.0178475,13,0.298423,0.177028,7.5,95.972,1,3.58,447.916,-0.077946,0.133454019229955,0.301173,977.095,0.210489,0.100141,0.159567,1
0.0159649,4,-0.169972,0.0384274,0.0159868,16,0.160285,0.338766,7.5,65.9891,2,9.00011,412.624,-0.203478,0.0867829357991877,0.464186,1722.05,0.156986,0.100063,0.207396,1
0.0242155,2,0.0628413,0.0249084,0.0150575,12,0.227507,0.401557,7.5,98.3971,3,5.86004,493.543,0.492667,0.091061044599067,0.382337,1311.77,0.195878,0.100152,0.16114,1
0.0252278,1,-0.199565,0.0753598,0.0221295,14,0.19806,0.369861,7.5,89.721,4,4.75001,374.322,0.48497,0.136767847128681,0.262308,1119.06,0.235237,0.100043,0.154288,1
0.0220507,4,-0.0809522,0.0473389,0.0185162,12,0.304544,0.157462,7.5,45.0082,5,3.65,170.67,0.0523357,0.178186128330422,0.253097,1007.73,0.259147,0.100171,0.106947,1
0.0131438,1,0.0153756,0.0460073,0.0173247,15,0.404442,0.224563,7.5,52.8857,6,2.4,145.466,0.32441,0.133541511022838,0.119471,803.253,0.356935,0.100079,0.0330485,1
0.0178181,3,0.0612961,0.0418098,0.0131413,26,0.407926,0.165362,7.5,113.756,7,2.9,497.956,-0.376892,0.162654771327898,0.283694,927.197,0.224581,0.100212,0.117579,1
0.0152823,4,0.142929,0.0606089,0.0102597,15,0.164343,0.251748,7.5,80.453,10,6.30005,450.883,0.0161093,0.121834576542134,0.400016,1364.09,0.175171,0.100072,0.212874,1
0.0270038,1,0.0752527,0.078801,0.0129938,14,0.340038,0.357077,7.5,78.5316,11,2.46,230.766,-0.280976,0.131942705401477,0.100162,836.865,0.334817,0.100292,0.0251685,1
0.0162966,2,0.225606,0.0315057,0.0160686,22,0.32764,0.400826,7.5,93.5238,14,2.87,295.66,0.311773,0.138324098367552,0.17326,886.278,0.310817,0.100163,0.0607972,1
0.0169145,1,-0.243702,0.0455282,0.0167437,30,0.342268,0.228565,7.5,28.7532,15,3,85.7794,-0.184773,0.229730402174232,0.176499,882.495,0.328964,0.100041,0.0960176,1
0.00901413,1,0.258316,0.0501751,0.0160555,14,0.217459,0.416402,7.5,84.8666,16,3.83,297.653,0.146522,0.110127263277084,0.214989,1016.99,0.280383,0.100244,0.11301,1
0.0212953,1,0.243652,0.0419013,0.018886,25,0.297821,0.339233,7.5,46.7481,17,2.85,134.91,-0.00633004,0.127930322094716,0.132023,865.251,0.341088,0.100341,0.051449,1
0.00552907,2,0.113132,0.0553347,0.0137834,15,0.338312,0.121128,7.5,105.563,18,3.38,583.138,0.582895,0.181274516197086,0.317531,981.867,0.178063,0.100269,0.158127,1
0.0263156,4,0.0318691,0.0212619,0.023001,18,0.26536,0.37893,7.5,117.569,20,5.66003,630.546,0.222769,0.0948903807666193,0.422227,1318.37,0.183008,0.100052,0.143224,1
0.0195848,4,-0.12013,0.0739339,0.0175879,25,0.342765,0.485855,7.5,100.765,23,3.01,370.365,-0.407138,0.158917815915181,0.236158,913.758,0.26701,0.100041,0.128386,1
0.0223723,3,0.132439,0.0453187,0.0216531,13,0.352055,0.244133,7.5,98.3107,24,2.96,374.364,0.0224912,0.143303600402538,0.235251,924.25,0.258106,0.100189,0.098085,1
0.0270194,2,0.247353,0.0779969,0.017893,23,0.258388,0.324008,7.5,27.4847,26,3.14,96.8224,-0.0235806,0.18926997719836,0.208135,933.432,0.278982,0.100183,0.0943002,1
0.000933208,3,-0.26455,0.0306257,0.0249865,21,0.406732,0.477354,7.5,43.8806,27,2.66,123.583,0.0722306,0.170002145057306,0.173982,841.471,0.349524,0.100345,0.0938222,1
0.0079321,1,-0.0336267,0.021765,0.0135442,19,0.450918,0.432861,7.5,54.5852,28,2.29,119.479,0.254001,0.12576342324662,0.112114,807.359,0.449783,0.100358,0.0501695,1
0.00345904,2,0.225673,0.0466376,0.0212404,12,0.368487,0.171815,7.5,57.8083,30,2.54,201.659,0.139934,0.191269811960292,0.178794,852.702,0.281914,0.100248,0.0705673,1
0.0172345,4,0.00767354,0.0538796,0.0138884,11,0.286029,0.492722,7.5,77.2328,32,3.23,235.201,-0.140103,0.128966427842011,0.131352,925.623,0.322244,0.100035,0.0493515,1
0.0259726,1,0.218703,0.0656338,0.0135128,15,0.291064,0.308171,7.5,119.359,33,2.93,413.565,0.0789265,0.121446381541687,0.181294,913.613,0.283987,0.100304,0.0910195,1
0.0233881,2,-0.220933,0.0743741,0.0158732,19,0.320617,0.133444,7.5,126.31,34,4.05,756.746,0.379521,0.215933147020852,0.399979,1123,0.164117,0.10023,0.23724,1
0.0297007,3,-0.195545,0.0467816,0.0244869,14,0.176387,0.443703,7.5,50.2141,35,6.91006,250.516,0.0640878,0.103972729648302,0.378513,1446.42,0.196785,0.100077,0.197437,1
0.00371664,4,-0.207794,0.0321004,0.0205896,11,0.367856,0.125861,7.5,59.5064,36,3.66,267.761,0.299956,0.160490536602421,0.344804,1017.47,0.218342,0.10015,0.193932,1
0.00477395,3,0.0823082,0.0499197,0.0201832,12,0.328543,0.143056,7.5,68.7565,37,3.17,279.454,0.692222,0.13284526605002,0.233587,939.103,0.241822,0.10019,0.113681,1
0.00924586,2,-0.0269539,0.0752034,0.0144052,15,0.353965,0.300989,7.5,94.2566,38,2.51,269.703,0.197203,0.147554134886431,0.109827,846.393,0.343287,0.10013,0.0364985,1
0.0110759,2,0.179961,0.0489714,0.0224585,9,0.459637,0.493133,7.5,101.665,39,2.08,299.087,0.309786,0.149137653181561,0.154328,795.561,0.333559,0.10003,0.0291905,1
0.0185143,3,-0.281915,0.0720749,0.017245,20,0.439534,0.319473,7.5,55.2575,40,2.21,163.584,-0.0183929,0.29654509286358,0.151285,824.383,0.332048,0.100203,0.0964369,1
0.00822314,2,0.207247,0.0685406,0.0215825,21,0.230829,0.21586,7.5,37.6447,41,3.67,143.135,0.102655,0.181895746421162,0.233291,1007.29,0.258366,0.10014,0.107057,1
0.0246201,2,-0.249197,0.0649578,0.0149959,8,0.32963,0.20779,7.5,54.6475,42,3.29,202.765,0.494765,0.189521583493206,0.260242,981.083,0.265133,0.100281,0.167123,1
0.0158599,3,0.265679,0.0553859,0.0217454,24,0.189045,0.203515,7.5,80.4203,44,6.76006,566.435,-0.222576,0.1445058381308,0.523841,1512.36,0.139302,0.100017,0.28548,1
0.0156799,4,-0.132653,0.024984,0.0237077,17,0.269451,0.380297,7.5,72.8738,46,4.47001,260.793,-0.00535381,0.111343535036842,0.272112,1111.99,0.274217,0.100034,0.138712,1
0.0270825,2,-0.0471193,0.0770605,0.0243185,22,0.308417,0.262822,7.5,70.7055,48,3.49,309.183,-0.284271,0.162874260337189,0.286542,989.042,0.224847,0.100226,0.132843,1
0.00876464,1,0.140282,0.0534277,0.014014,23,0.153882,0.12535,7.5,124.572,49,16.8203,2514.71,-0.516463,0.121024377274107,0.758001,3161.17,0.0486159,0.100041,0.484214,1
0.021856,1,0.0517463,0.0395067,0.0216517,20,0.456281,0.279326,7.5,58.0959,51,2.1,145.966,0.0944436,0.154257053329863,0.0962504,792.763,0.39164,0.100305,0.0273975,1
0.00627607,3,-0.0707116,0.0538097,0.015875,16,0.265336,0.400361,7.5,28.1274,54,3.46,86.2302,-0.0854752,0.140353455270582,0.130482,948.729,0.320826,0.100261,0.0561041,1
0.011724,2,0.0882385,0.0637215,0.0207404,15,0.338658,0.381855,7.5,54.6844,56,2.52,155.73,0.0268272,0.162505276967252,0.0944726,815.687,0.344769,0.100085,0.0223166,1
0.0177232,2,0.19587,0.0592216,0.0113824,30,0.164949,0.376481,7.5,47.4512,57,5.24003,193.381,-0.0163741,0.11123418835887,0.305965,1186.02,0.24073,0.100006,0.167393,1
0.00223285,1,0.0484665,0.052412,0.0111947,10,0.345925,0.333291,7.5,57.3384,59,2.72,156.673,-0.219769,0.134899358086739,0.134681,866.688,0.360035,0.100282,0.0625461,1
0.0251428,3,-0.234434,0.0630713,0.0234547,8,0.430277,0.463212,7.5,80.076,60,2.48,246.581,0.180913,0.190104823455434,0.216533,845.828,0.318878,0.100095,0.143284,1
0.00220208,3,0.210157,0.0318024,0.0218189,30,0.243816,0.321285,7.5,29.4535,61,3.76,90.8246,-0.0396967,0.138369423411014,0.197839,1000.29,0.318264,0.100043,0.0792917,1
0.0228574,1,-0.270079,0.0745599,0.015365,28,0.163653,0.208266,7.5,82.7767,63,8.89011,681.77,0.257538,0.11345360451322,0.547726,1777.35,0.119124,0.100014,0.298965,1
0.0178519,4,0.22025,0.0652917,0.0170536,17,0.296376,0.466942,7.5,40.8222,64,2.72,124.192,-0.0477261,0.179496983839683,0.131419,864.173,0.322747,0.10009,0.0427072,1
0.00441054,1,0.270085,0.0798001,0.0183655,31,0.267023,0.451873,7.5,85.7734,65,3.16,324.901,0.347078,0.152322742848926,0.241625,948.408,0.259777,0.100307,0.126072,1
0.0255038,4,-0.141446,0.0447274,0.0172146,31,0.451539,0.490297,7.5,112.647,66,2.39,320.166,0.27616,0.160628259423204,0.190479,854.222,0.346052,0.10026,0.108255,1
0.0102658,3,0.0182613,0.0689412,0.0196387,11,0.492736,0.115711,7.5,100.94,68,2.23,420.209,0.252623,0.180944382741072,0.240269,836.724,0.235679,0.100012,0.126717,1
0.00460594,4,0.133233,0.0434687,0.0198506,30,0.435546,0.161334,7.5,50.3423,69,2.18,153.141,0.0838345,0.208007175536825,0.130384,796.084,0.322806,0.100099,0.0333466,1
0.018623,1,-0.129883,0.0569782,0.0146551,19,0.454496,0.262009,7.5,103.74,70,2.23,289.917,-0.0193795,0.193865633266889,0.158985,819.973,0.35161,0.100166,0.0844574,1
0.00240939,2,-0.148556,0.0746902,0.0101166,9,0.310532,0.392394,7.5,127.342,71,3.08,420.364,-0.184519,0.103291238915468,0.190356,911.316,0.298098,0.10031,0.0968043,1
0.00399122,2,0.0389534,0.0737426,0.0122111,23,0.3796,0.125003,7.5,47.6226,72,2.33,144.015,-0.344799,0.220156053422635,0.105729,812.695,0.325472,0.100332,0.0438806,1
0.0223311,2,-0.235188,0.0426986,0.0143008,32,0.235127,0.445441,7.5,49.7225,73,4.73001,174.825,0.142941,0.117234340703032,0.269964,1150.72,0.279502,0.100177,0.160652,1
0.00531886,3,0.286482,0.0213688,0.0189223,25,0.306607,0.119244,7.5,109.595,75,4.91002,925.894,-0.0383211,0.236461377886584,0.493452,1251.21,0.116187,0.10006,0.24859,1
0.00220106,3,-0.0578547,0.0528902,0.0131174,10,0.190297,0.36003,7.5,54.6737,76,4.79001,192.725,0.0701848,0.10658023100582,0.176818,1110.32,0.278657,0.100129,0.0753434,1
0.028669,3,0.0695022,0.0754711,0.0114465,15,0.422634,0.304765,7.5,117.632,78,2.14,352.214,0.595313,0.192822183787945,0.123407,780.97,0.328595,0.100294,0.03984,1
0.0182214,3,-0.0646505,0.0418535,0.0144089,9,0.471294,0.486856,7.5,111.663,81,2.29,290.05,0.456592,0.122853091447076,0.183847,820.962,0.378218,0.100147,0.103907,1
0.0153997,2,0.0112696,0.0697764,0.0136224,26,0.49513,0.413674,7.5,72.4393,82,1.84,184.904,0.174046,0.20942557702566,0.0816026,727.562,0.384626,0.100079,0.0108547,1
0.0162422,3,0.0895734,0.0705872,0.0243537,25,0.22382,0.464738,7.5,81.9406,83,4.81002,402.464,-0.143736,0.108614518784589,0.361598,1197.01,0.200019,0.100145,0.155061,1
0.00694113,3,0.259221,0.0375953,0.0106981,10,0.45595,0.410145,7.5,89.0449,87,2.15,272.067,-0.242634,0.145835783090469,0.182442,787.425,0.321406,0.100104,0.0318313,1
0.00160051,3,-0.108108,0.0250865,0.0209306,20,0.486098,0.12027,7.5,123.814,89,3.27,718.068,0.409077,0.163750607661517,0.426366,999.718,0.169364,0.100126,0.191664,1
0.0278903,3,-0.18907,0.075743,0.0176301,20,0.193407,0.462253,7.5,65.7043,90,5.63003,325.033,-0.0303037,0.115507314089419,0.366961,1307.47,0.198637,0.100167,0.17264,1
0.0147194,4,-0.230287,0.0634047,0.0202371,21,0.441509,0.205214,7.5,106.069,91,2.43,360.176,-0.123789,0.215026494639705,0.21741,842.703,0.289659,0.100264,0.135381,1
0.0162642,2,0.257161,0.0209514,0.0199589,22,0.415535,0.456847,7.5,78.5336,92,2.24,219.352,-0.0339793,0.14214164389633,0.120556,794.214,0.352512,0.100367,0.0139935,1
0.00944836,4,0.195529,0.0728398,0.0120896,14,0.292858,0.323579,7.5,62.7737,93,2.69,191.958,0.360717,0.156145727527057,0.118952,845.409,0.321383,0.100181,0.0439627,1
0.00579658,2,-0.135913,0.022834,0.016972,15,0.194053,0.370047,7.5,93.9869,94,8.81011,627.33,0.180861,0.0791227667663044,0.498327,1743.47,0.147117,0.100097,0.212831,1
0.0136597,2,-0.143175,0.0583054,0.0168791,21,0.28718,0.103809,7.5,38.1265,96,3.64,152.995,0.176974,0.224688206983264,0.238282,994.734,0.244529,0.100026,0.115635,1
0.0150982,4,0.279093,0.0394823,0.011573,21,0.424024,0.405337,7.5,59.8578,97,1.99,154.633,0.0351448,0.186764412152895,0.0710503,771.334,0.380681,0.100247,-0.0152367,1
0.0197764,2,0.057885,0.0715243,0.0248326,28,0.381143,0.157063,7.5,32.7986,98,2.64,120.969,-0.186347,0.210917483219943,0.21759,886.029,0.266332,0.100132,0.0922679,1
0.00792937,1,0.193208,0.023557,0.0153053,29,0.475964,0.202554,7.5,60.9421,99,2.08,191.428,0.250363,0.167607829213057,0.140522,788.525,0.313747,0.100461,0.0250795,1
0.00116563,3,-0.0984854,0.0587295,0.010391,23,0.218242,0.398038,7.5,92.6899,100,4.67001,369.837,0.209652,0.120936391765698,0.259546,1148.75,0.245884,0.100009,0.128004,1
0.0146016,2,0.0853548,0.0649045,0.0127138,17,0.361073,0.151147,7.5,81.7486,101,2.62,294.793,0.10816,0.195856677353642,0.172442,879.595,0.27288,0.100309,0.0919308,1
0.0226687,3,-0.127925,0.0641112,0.0177265,25,0.384134,0.477463,7.5,94.8418,104,2.63,294.095,0.125956,0.171275078048368,0.18744,865.296,0.316443,0.100026,0.105077,1
0.00504649,3,-0.299614,0.0575499,0.0218759,23,0.159548,0.109815,7.5,65.9029,105,11.4202,768.932,0.11861,0.124551078451688,0.613661,2181.41,0.0840951,0.10002,0.34729,1
0.0291148,1,0.052527,0.0691833,0.0124841,19,0.364612,0.121048,7.5,80.2429,108,2.77,322.314,0.239751,0.222921523535379,0.220796,887.183,0.244563,0.100137,0.107479,1
0.0276937,1,-0.0433729,0.0572359,0.0147484,18,0.31763,0.480778,7.5,106.703,110,2.95,305.103,-0.0499757,0.129644295569314,0.133496,906.13,0.343285,0.100059,0.0545123,1
0.0154142,1,0.0711165,0.0778062,0.0183342,25,0.328174,0.180095,7.5,101.61,111,2.85,381.573,-0.0916988,0.178208318046826,0.198758,918.3,0.261748,0.100197,0.0905173,1
0.0215373,1,0.14349,0.0454088,0.0164036,21,0.252664,0.295556,7.5,29.1947,112,3.52,90.2999,0.123301,0.127192035997401,0.165113,973.308,0.318044,0.100277,0.0656956,1
0.0084822,3,0.280911,0.0484854,0.0172864,21,0.244482,0.219439,7.5,120.329,113,4.42001,641,0.354239,0.151978839462642,0.379025,1145.57,0.18428,0.100068,0.210455,1
0.00163061,1,0.0905465,0.0579411,0.0174717,10,0.251261,0.240783,7.5,66.6307,115,3.72,251.571,0.132478,0.12152045325089,0.213338,1012.59,0.259874,0.100018,0.0915318,1
0.0227815,3,-0.175209,0.0283857,0.0158933,24,0.229503,0.495857,7.5,36.0572,117,4.98002,121.061,0.195443,0.0932245687826194,0.253818,1169.98,0.292383,0.100068,0.13038,1
0.0127902,4,0.297821,0.0423491,0.0248398,25,0.37167,0.427955,7.5,108.679,119,2.36,330.538,-0.286459,0.158061646236864,0.142311,823.232,0.322863,0.100098,0.0232925,1
0.0195423,4,0.122604,0.0498931,0.0158458,23,0.239396,0.272824,7.5,69.5571,120,4.67001,325.063,0.128225,0.133536619261192,0.346296,1195.73,0.209989,0.100035,0.159236,1
0.0163327,3,-0.180519,0.0694777,0.0187318,9,0.312575,0.2169,7.5,46.659,122,3.06,154.772,0.332499,0.163721742053779,0.180674,939.807,0.295802,0.10002,0.113433,1
0.0094104,2,0.224884,0.0586804,0.0140422,20,0.177572,0.323256,7.5,30.6289,123,4.49001,113.77,0.0470513,0.154078196333725,0.240568,1110.66,0.264457,0.100135,0.135601,1
0.0207932,4,0.24485,0.0245864,0.0225865,9,0.169084,0.47884,7.5,96.9589,124,8.6001,643.313,0.354078,0.0839599313646782,0.541018,1759.6,0.147872,0.100012,0.302791,1
0.00342951,2,0.131633,0.0348838,0.0133695,19,0.262722,0.282242,7.5,36.0952,125,3.44,105.004,0.271838,0.144920593833875,0.139994,952.502,0.337454,0.10007,0.0519971,1
0.0236344,2,-0.277306,0.0481226,0.0235266,23,0.243524,0.422751,7.5,74.4302,1,5.11002,330.816,-0.126431,0.104981473231694,0.356396,1502.13,0.221064,0.100158,0.210498,1
0.0258868,4,-0.10922,0.0579732,0.0202588,21,0.249121,0.280671,7.5,73.5927,2,5.69004,433.162,-0.043967,0.124593391983807,0.451455,1635.08,0.166817,0.100089,0.186883,1
0.00867773,3,-0.224084,0.0393912,0.0116215,19,0.239646,0.116618,7.5,83.8416,3,8.18009,840.848,-0.133369,0.143619449100085,0.580092,2192.39,0.0978978,0.100083,0.311125,1
0.0296455,4,-0.157733,0.0665089,0.017683,17,0.41655,0.418566,7.5,85.7628,4,2.43,264.034,0.244153,0.191531756124912,0.183483,974.568,0.318909,0.100083,0.103687,1
0.0158131,1,0.132209,0.0518115,0.021142,14,0.320074,0.479235,7.5,112.231,5,2.81,337.326,-0.20942,0.128415789005731,0.141999,1014.74,0.327306,0.100282,0.0549186,1
0.0140484,2,-0.227012,0.0791383,0.0130587,16,0.499399,0.454656,7.5,58.1923,6,1.9,163.463,-0.429643,0.256979538137626,0.12826,861.585,0.349442,0.10006,0.0730048,1
0.0136573,2,0.0294744,0.0341577,0.0208909,10,0.262538,0.391523,7.5,131.506,8,5.24003,688.631,-0.22946,0.0887026731942309,0.394817,1540.73,0.187712,0.100199,0.164726,1
0.024806,3,-0.298604,0.0492949,0.0161554,11,0.330663,0.110709,7.5,29.3783,9,3.16,103.409,0.289536,0.25628734278041,0.201364,1075.55,0.279059,0.100129,0.135387,1
0.0262516,1,0.209842,0.0475524,0.0224274,19,0.221676,0.348575,7.5,36.6255,11,3.85,121.335,0.115793,0.113657770704504,0.199103,1184.98,0.296706,0.100198,0.0966952,1
0.0237577,3,-0.219551,0.0699246,0.0176531,31,0.183009,0.372761,7.5,43.2412,12,5.58003,167.708,0.258518,0.122216331551431,0.321127,1532.57,0.253065,0.100051,0.155646,1
0.0291979,3,-0.0328136,0.0498815,0.0108304,19,0.369787,0.488728,7.5,72.4982,13,2.58,193.223,0.295193,0.167308452785911,0.11398,975.612,0.368718,0.100174,0.0412328,1
0.00798506,4,0.167714,0.0213095,0.0186311,20,0.308253,0.483916,7.5,104.481,14,3.37,349.512,0.0634677,0.119695565072623,0.217083,1129.93,0.293367,0.100038,0.0826035,1
0.0253806,2,-0.12521,0.0712713,0.0100725,30,0.176675,0.470479,7.5,65.3034,15,5.72004,290.539,0.358075,0.0964869765566966,0.324311,1563.18,0.220644,0.100067,0.14265,1
0.0292505,1,-0.00045224,0.0524266,0.0154045,10,0.49465,0.268908,7.5,123.032,16,2.3,417.723,-0.0372053,0.120399960256646,0.235089,944.792,0.290384,0.100502,0.0950246,1
0.0296847,4,-0.264386,0.0710862,0.0237624,25,0.253402,0.219467,7.5,41.2969,17,4.33,158.627,0.186737,0.153468114808083,0.31785,1317.08,0.255602,0.100082,0.189553,1
0.00854078,1,0.267948,0.0281894,0.0219988,29,0.316638,0.39369,7.5,102.717,19,3.08,357.733,0.0135464,0.130168718566894,0.217537,1079.88,0.282418,0.100263,0.0705056,1
0.0121322,1,-0.18304,0.0328997,0.0172423,18,0.178669,0.495329,7.5,69.551,20,6.61006,293.348,-0.117664,0.0848645727903362,0.314692,1782.2,0.232766,0.100076,0.169472,1
0.0103524,4,-0.223155,0.0543215,0.0101195,8,0.328462,0.221503,7.5,128.123,21,4.64001,768.23,0.183211,0.119972634286037,0.460457,1441.44,0.163716,0.100066,0.255387,1
0.0147887,2,0.222697,0.0588402,0.0105042,19,0.15188,0.316362,7.5,49.5133,22,5.50003,213.861,0.260652,0.106563486737291,0.317142,1551.49,0.227366,0.100107,0.180485,1
0.0269118,1,-0.140521,0.0674588,0.0248203,15,0.41232,0.460731,7.5,73.7413,23,2.31,211.182,-0.106997,0.182374353536103,0.134331,930.748,0.343175,0.100183,0.0706769,1
0.0134343,1,0.173974,0.045113,0.0181762,9,0.466271,0.388469,7.5,78.0651,24,2.06,225.555,0.0512559,0.133009299952641,0.145282,883.295,0.340946,0.100418,0.0315543,1
0.00764065,1,0.121929,0.0673233,0.0129888,27,0.336579,0.339166,7.5,92.1784,26,2.59,278.789,0.286739,0.162985593959214,0.133665,978.697,0.325486,0.100348,0.0527185,1
0.023922,3,-0.000529934,0.0215963,0.02203,27,0.203411,0.205734,7.5,53.2509,27,8.98011,397.788,0.0253997,0.084175784625246,0.525756,2261.31,0.131405,0.100062,0.173752,1
0.0202271,4,0.196052,0.0551024,0.017852,18,0.495271,0.430415,7.5,49.0976,28,1.7,120.574,0.2069,0.209634658591449,0.0412802,797.126,0.40082,0.10034,-0.00342059,1
0.0254232,2,0.212174,0.028898,0.014999,12,0.31463,0.454251,7.5,22.1222,29,2.78,53.0241,0.023261,0.176044209850924,0.104996,995.537,0.410418,0.100277,0.0197969,1
0.00864607,4,-0.155948,0.0566931,0.0103146,27,0.210716,0.256245,7.5,52.9627,30,5.33003,250.42,-0.224207,0.129497403079748,0.32756,1508.04,0.207643,0.10008,0.172305,1
0.0177664,1,0.286824,0.03817,0.0132301,14,0.362408,0.289728,7.5,78.2736,31,2.6,268.42,0.364953,0.131236778778809,0.194621,978.461,0.286446,0.100132,0.0699612,1
0.0244516,4,0.194633,0.0707817,0.0159652,12,0.366743,0.364195,7.5,45.5579,32,2.26,133.168,0.503671,0.190513802580117,0.107928,909.571,0.336626,0.100303,0.0243044,1
0.0055643,4,-0.29395,0.029209,0.0140181,27,0.286718,0.171203,7.5,35.7423,33,4.04,130.999,-0.162919,0.193438725379409,0.248574,1264.51,0.268055,0.100148,0.153134,1
0.014644,2,0.208354,0.0246179,0.019246,8,0.199634,0.378135,7.5,120.358,34,9.61012,1083.43,0.114941,0.0727865063247685,0.625067,2510.7,0.109036,0.100052,0.352118,1
0.0229413,3,-0.0766842,0.0555517,0.0163382,9,0.456102,0.187045,7.5,108.785,36,2.77,456.051,0.505597,0.132074146570377,0.323503,1042.27,0.234279,0.100117,0.152348,1
0.0241601,4,0.239924,0.0324706,0.0127322,31,0.20505,0.34099,7.5,104.265,39,6.84006,671.821,0.157427,0.0992530940700236,0.509374,1890.41,0.152323,0.100049,0.238857,1
0.0105433,2,0.210801,0.0512217,0.0174375,31,0.322983,0.292612,7.5,104.369,41,2.91,367.48,-0.0204718,0.153457520442568,0.208573,1222.18,0.27898,0.10013,0.0796486,1
0.0221978,1,-0.257761,0.0683365,0.0119515,28,0.308152,0.238941,7.5,105.034,42,3.59,433.727,-0.139174,0.214285255371995,0.289596,1198.09,0.238189,0.100263,0.178078,1
0.0296724,1,0.227736,0.074395,0.0235922,21,0.221334,0.276534,7.5,46.1997,43,3.92,194.51,0.0469285,0.120769634803772,0.283562,1224.56,0.233198,0.100082,0.144016,1
0.0216367,4,-0.170142,0.0310899,0.0112448,28,0.266675,0.498404,7.5,94.687,44,4.55001,349.028,-0.0849168,0.107687814437324,0.291889,1338.96,0.266609,0.100179,0.16885,1
0.000949004,1,-0.228156,0.0243563,0.0191432,28,0.394112,0.128083,7.5,59.1745,48,3.2,224.676,0.17777,0.209761607217631,0.282865,1113.64,0.259089,0.100277,0.148314,1
0.0189165,4,0.0678698,0.0283564,0.010563,18,0.24081,0.129107,7.5,118.958,49,12.6602,2095.49,0.0455421,0.118985964071062,0.732332,3271.4,0.0557172,0.100049,0.42427,1
0.0153839,2,0.179427,0.0288553,0.0209214,32,0.439002,0.381448,7.5,118.347,50,2.2,347.034,0.567547,0.154201082190559,0.134041,934.633,0.335251,0.100211,0.023868,1
0.0279936,3,0.168172,0.0613433,0.0113016,13,0.308721,0.187386,7.5,92.8913,53,3.2,392.978,-0.209455,0.188610617173381,0.258203,1084.53,0.232036,0.100064,0.122167,1
0.0188206,2,-0.0324309,0.0732388,0.0149306,21,0.391674,0.281635,7.5,33.8522,54,2.32,102.053,0.172468,0.229797287351689,0.108698,917.867,0.326663,0.100386,0.0568752,1
0.0226954,2,0.158024,0.0734603,0.020651,19,0.373983,0.364812,7.5,57.1047,55,2.22,167.493,0.469688,0.201038167803319,0.0974963,922.605,0.335206,0.100223,0.0238677,1
0.0202679,2,0.158417,0.0281932,0.0119234,8,0.169045,0.463897,7.5,90.0498,56,8.4901,574.745,0.154965,0.0834510488067935,0.507197,2225.5,0.153722,0.100014,0.265671,1
0.0219925,4,0.258615,0.0477606,0.0151195,11,0.259865,0.228723,7.5,93.9629,57,4.13,465.903,0.258225,0.142730981286323,0.35437,1270.83,0.197955,0.100055,0.189719,1
